Date,Open,High,Low,Close,Volume,Dividends,Stock Splits,Symbol,return_1d,sma_5,sma_20,volatility_10,return_lag_1,return_lag_2,target_up_next_day
2024-07-22,225.06041535891617,225.82380677595344,221.174082433242,222.03662109375,48201800,0.0,0.0,AAPL,,,,,,,1
2024-07-23,222.44308791792704,224.9910238167192,220.76759935066607,223.0775909423828,39960300,0.0,0.0,AAPL,0.00468827999410637,,,,,,0
2024-07-24,222.0762625279836,222.86939506256107,215.2652677100796,216.66314697265625,61777600,0.0,0.0,AAPL,-0.0287543179152554,,,,0.00468827999410637,,0
2024-07-25,217.0498128962932,218.9533371697593,212.77682977395943,215.6221923828125,51391200,0.0,0.0,AAPL,-0.004804483846877372,,,,-0.0287543179152554,0.00468827999410637,1
2024-07-26,216.82175454663215,217.60497832901444,214.1548544221733,216.08811950683597,41601300,0.0,0.0,AAPL,0.0021608495808087547,218.6975341796875,,,-0.004804483846877372,-0.0287543179152554,1
2024-07-29,215.096747065996,217.41664743865044,213.8971319294418,216.36575317382807,36311800,0.0,0.0,AAPL,0.0012848168961150375,217.56336059570313,,,0.0021608495808087547,-0.004804483846877372,1
2024-07-30,217.3075789949067,218.43778796730905,214.2639371695869,216.92092895507807,41643800,0.0,0.0,AAPL,0.0025659133809590173,216.3320281982422,,,0.0012848168961150375,0.0021608495808087547,1
2024-07-31,219.53825698895488,221.89782218872543,218.7352157578384,220.1727600097656,50036300,0.0,0.0,AAPL,0.014990858974981425,217.03395080566406,,,0.0025659133809590173,0.0012848168961150375,0
2024-08-01,222.44309097566543,222.55214689360596,215.1562223313537,216.48471069335935,62501000,0.0,0.0,AAPL,-0.01675070665527678,217.2064544677734,,,0.014990858974981425,0.0025659133809590173,1
2024-08-02,217.2679231335739,223.6625423233413,215.84030263063204,217.97183227539065,105568600,0.0,0.0,AAPL,0.006869406976909964,217.58319702148438,,,-0.01675070665527678,0.014990858974981425,0
2024-08-05,197.3802115476467,211.6664621054212,194.3167520967801,207.4727935791016,119548600,0.0,0.0,AAPL,-0.04816695160420703,215.80460510253906,,0.019214686118234778,0.006869406976909964,-0.01675070665527678,0
2024-08-06,203.53685401433648,208.18657796978488,199.3431861620261,205.4502716064453,69660500,0.0,0.0,AAPL,-0.009748372004665606,213.5104736328125,,0.018811120597839532,-0.04816695160420703,0.006869406976909964,1
2024-08-07,205.12313014700663,211.80525225793107,204.61751548926864,208.01806640625,63516400,0.0,0.0,AAPL,0.01249837627240269,211.07953491210938,,0.018278402220805852,-0.009748372004665606,-0.04816695160420703,1
2024-08-08,211.27980900719396,212.36044444161047,207.0365669160157,211.47808837890625,47161100,0.0,0.0,AAPL,0.016633276293891663,210.07821044921874,,0.019385474187730425,0.01249837627240269,-0.009748372004665606,1
2024-08-09,210.2784745623819,214.9182750928265,210.1495861717322,214.38291931152344,42201600,0.0,0.0,AAPL,0.013735848261558825,209.3604278564453,,0.019982393470021613,0.016633276293891663,0.01249837627240269,1
2024-08-12,214.46232494953352,217.8767166928247,213.9958208022464,215.9114532470703,38028100,0.25,0.0,AAPL,0.00712992406510593,211.04815979003905,,0.020128888667372037,0.013735848261558825,0.016633276293891663,1
2024-08-13,217.380462936734,220.2390393048837,217.380462936734,219.6236572265625,44155300,0.0,0.0,AAPL,0.01719317768309514,213.8828369140625,,0.020856345685202195,0.00712992406510593,0.013735848261558825,1
2024-08-14,218.9288446755302,221.3705324358261,218.06530765715263,220.07028198242188,41960600,0.0,0.0,AAPL,0.002033591287475156,216.29328002929688,,0.020316338800184974,0.01719317768309514,0.00712992406510593,1
2024-08-15,222.9288560878089,223.67327566716008,221.1025352094067,223.04795837402344,46414000,0.0,0.0,AAPL,0.013530570165032119,218.6072540283203,,0.019767907356194468,0.002033591287475156,0.01719317768309514,1
2024-08-16,222.25390086504493,225.1422523777464,221.98590558416169,224.36805725097656,44340200,0.0,0.0,AAPL,0.005918453083257891,220.60428161621093,216.56136016845704,0.01975041795597222,0.013530570165032119,0.002033591287475156,0
2024-08-19,224.0405257400108,224.30852103873067,221.38045847347976,224.20925903320312,40687800,0.0,0.0,AAPL,-0.0007077576893924631,222.2638427734375,216.66999206542968,0.008653646013144278,0.005918453083257891,0.013530570165032119,1
2024-08-20,224.09017687092657,225.4797542015927,223.7725505409132,224.8246612548828,30299000,0.0,0.0,AAPL,0.0027447672069089712,223.30404357910157,216.7573455810547,0.006458672456156823,-0.0007077576893924631,0.005918453083257891,0
2024-08-21,224.8345715346964,226.2836998547364,223.37550792716291,224.7154541015625,34765500,0.0,0.0,AAPL,-0.00048574365779430195,224.2330780029297,217.1599609375,0.00697739478420415,0.0027447672069089712,-0.0007077576893924631,0
2024-08-22,226.09511339685903,226.64102413052157,222.2340576918725,222.859375,43695300,0.0,0.0,AAPL,-0.008259686050446802,224.195361328125,217.52182006835938,0.00785078571562416,-0.00048574365779430195,0.0027447672069089712,1
2024-08-23,223.98097823318813,226.52192810531065,222.66087229355688,225.15219116210935,38677300,0.0,0.0,AAPL,0.010288174603870104,224.35218811035156,217.97502365112305,0.00750650221129044,-0.008259686050446802,-0.00048574365779430195,1
2024-08-26,225.07279660900764,225.58893181224727,222.22415556593285,225.4896697998047,30602200,0.0,0.0,AAPL,0.0014988911986753006,224.60827026367187,218.43121948242188,0.007535002951366364,0.010288174603870104,-0.008259686050446802,1
2024-08-27,224.31843379232603,227.14723425887112,223.21669220638535,226.3333282470703,35934600,0.0,0.0,AAPL,0.0037414505419013366,224.91000366210938,218.90183944702147,0.006046111460027918,0.0014988911986753006,0.010288174603870104,0
2024-08-28,226.22414704916855,228.14971479709,224.0008084384826,224.80479431152344,38052200,0.0,0.0,AAPL,-0.006753463784521796,224.92787170410156,219.13344116210936,0.0067987420200448625,0.0037414505419013366,0.0014988911986753006,1
2024-08-29,228.3879521456165,231.1869621230462,227.1770283167567,228.0802459716797,51906300,0.0,0.0,AAPL,0.014570203763614176,225.9720458984375,219.71321792602538,0.006997132608921314,-0.006753463784521796,0.0037414505419013366,0
2024-08-30,228.4772755570311,228.68570457235603,225.78743262658827,227.29612731933597,52990800,0.0,0.0,AAPL,-0.0034379069042265176,226.4008331298828,220.17943267822267,0.007078000608998225,0.014570203763614176,-0.006753463784521796,0
2024-09-03,226.849449278928,227.29609797078044,219.52435620963288,221.11245727539065,50190600,0.0,0.0,AAPL,-0.027205347125240142,225.525390625,220.8614158630371,0.011499993052143038,-0.0034379069042265176,0.014570203763614176,0
2024-09-04,220.01075793789536,220.12986023982225,215.86185105944423,219.206787109375,43840200,0.0,0.0,AAPL,-0.008618556319701987,224.10008239746094,221.5492416381836,0.011613490335580718,-0.027205347125240142,-0.0034379069042265176,1
2024-09-05,219.9809679444758,223.80231295165623,219.8717857931132,220.7253875732422,36615400,0.0,0.0,AAPL,0.0069277073209847995,223.2842010498047,222.1846076965332,0.011984646463725546,-0.008618556319701987,-0.027205347125240142,0
2024-09-06,222.2836874978132,223.56409767944487,218.1347962348173,219.17698669433597,48423000,0.0,0.0,AAPL,-0.00701505565775673,221.50354919433593,222.56955261230468,0.011915503668711528,0.0069277073209847995,-0.008618556319701987,1
2024-09-09,219.17700018247805,219.6236489368284,215.09757995493325,219.26632690429688,67180000,0.0,0.0,AAPL,0.00040761674529954384,219.89758911132813,222.81372299194337,0.011208848810116504,-0.00701505565775673,0.0069277073209847995,0
2024-09-10,217.29112653781652,219.83207646515768,215.1174187834135,218.47227478027344,51591000,0.0,0.0,AAPL,-0.0036214047785367853,219.3695526123047,222.9417640686035,0.0111179712376915,0.00040761674529954384,-0.00701505565775673,1
2024-09-11,219.8122275598596,221.43008920211523,216.26878297144037,221.0032958984375,44587100,0.0,0.0,AAPL,0.011585090697250333,219.72885437011718,223.01074600219727,0.01190324510067718,-0.0036214047785367853,0.00040761674529954384,1
2024-09-12,220.8444620021775,221.88665238000263,218.18441013407556,221.11245727539065,37455600,0.0,0.0,AAPL,0.0004939355158002368,219.80626831054687,223.0628547668457,0.01182341831622946,0.011585090697250333,-0.0036214047785367853,0
2024-09-13,221.916479134298,222.37304807296337,220.25890640517216,220.84451293945312,36766600,0.0,0.0,AAPL,-0.0012118011768273984,220.1397735595703,222.9526824951172,0.010393263690485283,0.0004939355158002368,0.011585090697250333,0
2024-09-16,214.92882889414332,215.60377723416104,212.32832783334672,214.71047973632807,59357400,0.0,0.0,AAPL,-0.02777534801060133,219.22860412597657,222.46980361938478,0.012988543963261998,-0.0012118011768273984,0.0004939355158002368,1
2024-09-17,214.14471619981745,215.28615358843467,212.904016801209,215.17697143554688,45519300,0.0,0.0,AAPL,0.002172654542953234,218.56954345703124,222.01818923950196,0.01067620279930342,-0.02777534801060133,-0.0012118011768273984,1
2024-09-18,215.931307109631,221.05291740528648,215.921371822364,219.0479431152344,59894900,0.0,0.0,AAPL,0.01798971169573793,218.17847290039063,221.72935333251954,0.012230342555889517,0.002172654542953234,-0.02777534801060133,1
2024-09-19,223.31597824995185,228.11004268622213,222.95865620671253,227.16709899902344,66781300,0.0,0.0,AAPL,0.037065656807002245,219.3894012451172,221.85193557739257,0.016936332902329744,0.01798971169573793,0.002172654542953234,0
2024-09-20,228.2589097535001,231.3556905514529,225.92638886705737,226.5020751953125,318679900,0.0,0.0,AAPL,-0.0029274653180026977,220.52091369628906,222.0340705871582,0.016715403990731667,0.037065656807002245,0.01798971169573793,0
2024-09-23,225.64846451262724,227.742765583781,224.12984974700805,224.78494262695312,54146000,0.0,0.0,AAPL,-0.007581089784182704,222.53580627441406,222.01570816040038,0.01706255171260537,-0.0029274653180026977,0.037065656807002245,1
2024-09-24,226.94871280288092,227.64351653597865,224.0504410184132,225.67823791503903,43556100,0.0,0.0,AAPL,0.003973999671180728,224.6360595703125,222.0251365661621,0.016922373371751752,-0.007581089784182704,-0.0029274653180026977,0
2024-09-25,223.2564112941643,225.59885242729763,222.3531936181764,224.68569946289065,42308700,0.0,0.0,AAPL,-0.004398024644813314,225.76361083984375,221.94275512695313,0.016815607147189,0.003973999671180728,-0.007581089784182704,1
2024-09-26,225.60876888531143,226.7998372114188,223.73283210674717,225.8271331787109,36636700,0.0,0.0,AAPL,0.0050801351334279765,225.49561767578126,221.9938720703125,0.01683915198479782,-0.004398024644813314,0.003973999671180728,1
2024-09-27,226.76013618443497,227.81224676693589,225.60876359989413,226.09510803222656,34026000,0.0,0.0,AAPL,0.0011866370960109673,225.41422424316406,221.89461517333984,0.01680158159895993,0.0050801351334279765,-0.004398024644813314,1
2024-09-30,228.3283747151782,231.266357421875,227.9412771261621,231.266357421875,54541900,0.0,0.0,AAPL,0.022872009194074838,226.71050720214845,222.0931266784668,0.014081918284027606,0.0011866370960109673,0.0050801351334279765,0
2024-10-01,227.8122709144617,227.9412933564836,222.0752779583648,224.5269012451172,63285000,0.0,0.0,AAPL,-0.029141532957444927,226.48023986816406,222.26384887695312,0.018268329528352986,0.022872009194074838,0.0011866370960109673,1
2024-10-02,224.20928918092056,225.67827315966653,221.3606479532611,225.09266662597656,32880600,0.0,0.0,AAPL,0.00251981111270827,226.56163330078124,222.5581428527832,0.01763481792566548,-0.029141532957444927,0.022872009194074838,0
2024-10-03,223.4648504260935,225.1224230122484,221.65839996957536,223.99090576171875,34044200,0.0,0.0,AAPL,-0.004894699062269026,226.19438781738282,222.72141876220704,0.01296723747845697,0.00251981111270827,-0.029141532957444927,1
2024-10-04,226.20427877531475,226.3035407723517,222.4623407820393,225.1124725341797,37245100,0.0,0.0,AAPL,0.005007197808530872,225.99786071777345,223.01819305419923,0.013100770718996508,-0.004894699062269026,0.00251981111270827,0
2024-10-07,222.8296017820206,224.0107499786272,219.68319006872076,220.0405120849609,39505400,0.0,0.0,AAPL,-0.022530783799412424,223.75269165039063,223.05690231323243,0.014743786326993077,0.005007197808530872,-0.004894699062269026,1
2024-10-08,222.63108533790577,224.29857792676052,221.588894897244,224.09014892578125,31855700,0.0,0.0,AAPL,0.01840405115607391,223.66534118652345,223.33779602050782,0.01604564941509429,-0.022530783799412424,0.005007197808530872,1
2024-10-09,223.554178398676,228.04055170887608,223.1571606453159,227.8321075439453,33591100,0.0,0.0,AAPL,0.016698452101093553,224.21322937011718,223.6792366027832,0.016855691160962267,0.01840405115607391,-0.022530783799412424,0
2024-10-10,226.0851807689644,227.7923841625437,225.47971892420364,227.33580017089844,28183500,0.0,0.0,AAPL,-0.00217839082646043,224.88220825195313,223.9904037475586,0.016841633888186908,0.016698452101093553,0.01840405115607391,0
2024-10-11,227.5938974682738,227.70307961960657,225.6484741750507,225.8569183349609,31759200,0.0,0.0,AAPL,-0.006505274729390553,225.03109741210938,224.24102401733398,0.01699666182422086,-0.00217839082646043,0.016698452101093553,1
2024-10-14,226.99836439928595,230.00581860221664,226.89911753216435,229.5790252685547,39882100,0.0,0.0,AAPL,0.016479933229557542,226.9388000488281,224.9844512939453,0.01614060726975893,-0.006505274729390553,-0.00217839082646043,1
2024-10-15,231.87181141001133,235.72294688412148,230.64103225198247,232.1100311279297,64751400,0.0,0.0,AAPL,0.01102455181353923,228.54277648925782,225.83110427856445,0.012931387616595957,0.016479933229557542,-0.006505274729390553,0
2024-10-16,229.8767817438953,230.3929017691756,228.12986736523644,230.0554351806641,34082200,0.0,0.0,AAPL,-0.008851818843336412,228.98744201660156,226.38147888183593,0.013504914830466898,0.01102455181353923,0.016479933229557542,1
2024-10-17,231.69315867439417,232.11004699556463,228.8048220166126,230.4226837158203,32993800,0.0,0.0,AAPL,0.0015963480057221702,229.60481872558594,226.54425811767578,0.013276599205151698,-0.008851818843336412,0.01102455181353923,1
2024-10-18,234.4227083661851,234.4227083661851,232.2688559498539,233.25149536132807,46431500,0.0,0.0,AAPL,0.012276619644776554,231.08373413085937,226.88172912597656,0.013599016696901438,0.0015963480057221702,-0.008851818843336412,1
2024-10-21,232.7055796017645,235.08773156933623,232.7055796017645,234.7204742431641,36254500,0.0,0.0,AAPL,0.006297832644375667,232.11202392578124,227.3785057067871,0.010018680404322692,0.012276619644776554,0.0015963480057221702,0
2024-10-22,232.14972869721717,234.46239402859047,230.8693336731526,234.1050720214844,38846600,0.0,0.0,AAPL,-0.0026218514753091338,232.5110321044922,227.7998474121094,0.009437969582410895,0.006297832644375667,0.012276619644776554,0
2024-10-23,232.33833466706656,233.39044533687328,226.0653512199268,229.04302978515625,52287000,0.0,0.0,AAPL,-0.021622949868696506,232.3085510253906,228.01771392822266,0.011462135741009453,-0.0026218514753091338,0.006297832644375667,0
2024-10-24,228.26884002769643,229.10260155629064,226.710529416834,228.85446166992188,31109500,0.0,0.0,AAPL,-0.000823286853178895,231.99490661621093,228.1690803527832,0.011433751781483682,-0.021622949868696506,-0.0026218514753091338,1
2024-10-25,228.0306141764868,231.48471683213373,227.86188088691333,229.6881866455078,38802300,0.0,0.0,AAPL,0.0036430357070704744,231.28224487304686,228.34873428344727,0.011167985729311082,-0.000823286853178895,-0.021622949868696506,1
2024-10-28,231.5839844241638,232.98348177622344,230.81970938626557,231.6633758544922,36087100,0.0,0.0,AAPL,0.008599437514968056,230.6708251953125,228.36858520507812,0.010252851515033478,0.0036430357070704744,-0.000823286853178895,1
2024-10-29,231.365630174708,232.5864741436605,230.59143496071303,231.93138122558597,35417200,0.0,0.0,AAPL,0.001156874150284759,230.2360870361328,228.73880920410156,0.009631736525729018,0.008599437514968056,0.0036430357070704744,0
2024-10-30,230.87925826342104,231.7328600109945,227.8420287171323,228.387939453125,47070900,0.0,0.0,AAPL,-0.015277974691206064,230.10506896972657,228.903572845459,0.010463778161898913,0.001156874150284759,0.008599437514968056,0
2024-10-31,227.63358238786927,228.11994197442104,223.693120129287,224.22911071777344,64370100,0.0,0.0,AAPL,-0.018209493659384512,229.17999877929688,228.9154830932617,0.011777499904294587,-0.015277974691206064,0.001156874150284759,0
2024-11-01,219.3258665378009,223.67328184782377,218.6310779402587,221.25143432617188,65276700,0.0,0.0,AAPL,-0.013279615577432402,227.49264831542968,228.72243118286133,0.010918080283783846,-0.018209493659384512,-0.015277974691206064,0
2024-11-04,219.3457392072076,221.13233427123137,218.07526420177624,220.35813903808597,44944500,0.0,0.0,AAPL,-0.0040374666532964065,225.23160095214843,228.7383125305176,0.010170898260925064,-0.013279615577432402,-0.018209493659384512,1
2024-11-05,220.14969745378525,222.2836942947505,219.49460455688447,221.78741455078125,28111300,0.0,0.0,AAPL,0.0064861480448801245,223.2028076171875,228.62317581176757,0.01091241052050762,-0.0040374666532964065,-0.013279615577432402,0
2024-11-06,220.95366880237512,224.387931303672,219.54423614319148,221.06285095214844,54561100,0.0,0.0,AAPL,-0.0032669283786925796,221.7377899169922,228.28471298217772,0.009291978181695115,0.0064861480448801245,-0.0040374666532964065,1
2024-11-07,222.95864433437472,226.18446269494837,222.899093187882,225.7874298095703,42137700,0.0,0.0,AAPL,0.02137210678805812,222.04945373535156,228.20729446411133,0.012198826135223778,-0.0032669283786925796,0.0064861480448801245,0
2024-11-08,225.72782337627456,227.20836966100225,224.97265364792685,225.5191650390625,38328800,0.25,0.0,AAPL,-0.0011881297853209016,222.9029998779297,228.1904067993164,0.0120771913911159,0.02137210678805812,-0.0032669283786925796,0
2024-11-11,223.5715733715174,224.26712634517855,220.0937933412938,222.80645751953125,42005600,0.0,0.0,AAPL,-0.012028722787535084,223.39266357421874,227.85177841186524,0.01187021370983339,-0.0011881297853209016,0.02137210678805812,0
2024-11-12,223.1244332571579,224.15782408060912,221.94198562097503,222.80645751953125,40398300,0.0,0.0,AAPL,0.0,223.59647216796876,227.3865997314453,0.011821778923941057,-0.012028722787535084,-0.0011881297853209016,1
2024-11-13,222.5878574334345,225.21109667354563,221.3457931121334,223.69081115722656,48566200,0.0,0.0,AAPL,0.003969156224378212,224.12206420898437,227.06836853027343,0.011327772006151133,0.0,-0.012028722787535084,1
2024-11-14,223.59146688403663,227.4170160979644,223.571589608512,226.77114868164065,44923900,0.0,0.0,AAPL,0.013770514347364093,224.31880798339844,226.88579177856445,0.010748256892348868,0.003969156224378212,0.0,0
2024-11-15,224.96268496170848,225.4793879673537,222.84621765747357,223.5715789794922,47923700,0.0,0.0,AAPL,-0.014109245028521178,223.92929077148438,226.40179595947265,0.010874723245287588,0.013770514347364093,0.003969156224378212,1
2024-11-18,223.82001439888424,228.28151537171908,223.74052045447317,226.5724334716797,44633700,0.0,0.0,AAPL,0.013422343331317421,224.68248596191407,225.99439392089843,0.011350047770680417,-0.014109245028521178,0.013770514347364093,1
2024-11-19,225.53899960732684,228.69881907074452,225.221039030722,226.83074951171875,36211800,0.0,0.0,AAPL,0.0011401035690044026,225.48734436035156,225.63067779541015,0.01128508662362579,0.013422343331317421,-0.014109245028521178,1
2024-11-20,226.61216873586116,228.4702922716314,224.45594670445817,227.54620361328125,35169600,0.0,0.0,AAPL,0.003154131893945644,226.2584228515625,225.55583648681642,0.011114006145054917,0.0011401035690044026,0.013422343331317421,0
2024-11-21,227.42695953023323,228.69883223369172,224.2770861035494,227.0692443847656,42108300,0.0,0.0,AAPL,-0.0020960983788868015,226.3180419921875,225.4665756225586,0.009084261231685003,0.003154131893945644,0.0011401035690044026,1
2024-11-22,226.6121530455377,229.25526960886552,226.6121530455377,228.41065979003903,38168300,0.0,0.0,AAPL,0.0059075169290669916,227.28585815429688,225.40269927978517,0.009205091589647309,-0.0020960983788868015,0.003154131893945644,1
2024-11-25,229.99059491471,231.7692245216812,228.2815130321861,231.39163208007807,90152800,0.0,0.0,AAPL,0.013050933317994895,228.24969787597655,225.38911209106445,0.008560136950113982,0.0059075169290669916,-0.0020960983788868015,1
2024-11-26,231.84870566104107,234.07449047305911,231.84870566104107,233.56771850585935,45986200,0.0,0.0,AAPL,0.009404343649852542,229.59709167480463,225.47092895507814,0.00861016343694985,0.013050933317994895,0.0059075169290669916,0
2024-11-27,232.9814664022851,234.1937224347506,232.32565277909848,233.43853759765625,33498400,0.0,0.0,AAPL,-0.0005530768936283792,230.77555847167963,225.72345886230468,0.008773602537978256,0.009404343649852542,0.013050933317994895,1
2024-11-29,233.31931239062584,236.3002669685808,232.48464874765904,235.8233184814453,28481400,0.0,0.0,AAPL,0.010215883411244464,232.52637329101557,226.30316925048828,0.008412249230017224,-0.0005530768936283792,0.009404343649852542,1
2024-12-02,235.7637060292764,239.26134854667043,235.65440375298792,238.0689697265625,48137100,0.0,0.0,AAPL,0.00952260047724618,234.45803527832027,227.1440460205078,0.005635112808254786,0.010215883411244464,-0.0005530768936283792,1
2024-12-03,238.28754591958517,241.2188145923816,237.38331948353385,241.1095123291016,38861000,0.0,0.0,AAPL,0.012771687994581393,236.401611328125,228.1816146850586,0.005547021760144819,0.00952260047724618,0.010215883411244464,1
2024-12-04,241.32812877991805,242.5602620666903,239.71841824290905,241.4672393798828,44383900,0.0,0.0,AAPL,0.0014836704173368798,237.98151550292968,229.16560592651368,0.005512801943150674,0.012771687994581393,0.00952260047724618,1
2024-12-05,242.4410361127995,242.98753231090083,240.59284370740727,241.4970550537109,40033900,0.0,0.0,AAPL,0.00012347709736793,239.5932189941406,230.18731613159179,0.005780901858500726,0.0014836704173368798,0.012771687994581393,0
2024-12-06,241.36788746709487,243.0769692456264,240.5431549096241,241.2983245849609,36870600,0.0,0.0,AAPL,-0.0008229105266140957,240.68822021484374,230.96286087036134,0.005594200216620127,0.00012347709736793,0.0014836704173368798,1
2024-12-09,240.29473874492052,245.6703968797777,240.2152448072501,245.1835021972656,44649200,0.0,0.0,AAPL,0.016101137954386058,242.1111267089844,231.9460777282715,0.006420783271025815,-0.0008229105266140957,0.00012347709736793,1
2024-12-10,245.3226337747269,246.63426111556623,243.7824708197424,246.19705200195312,36914800,0.0,0.0,AAPL,0.004133841778114711,243.12863464355468,233.11560745239257,0.006119206218334473,0.016101137954386058,-0.0008229105266140957,0
2024-12-11,246.38582450957213,249.2077910379196,244.69660488558225,244.92515563964844,45205800,0.0,0.0,AAPL,-0.005166172185906537,243.82021789550782,234.22154235839844,0.006958635645598017,0.004133841778114711,0.016101137954386058,1
2024-12-12,245.32260415969785,247.1608653940442,244.1202792424049,246.3858184814453,32777500,0.0,0.0,AAPL,0.005963710987473725,244.7979705810547,235.35629272460938,0.006704085695619408,-0.005166172185906537,0.004133841778114711,1
2024-12-13,246.24671899982584,247.7073727380188,244.67674782957272,246.55474853515625,33155300,0.0,0.0,AAPL,0.000685632211919085,245.84925537109376,236.34547271728516,0.006625506161003084,0.005963710987473725,-0.005166172185906537,1
2024-12-16,246.4156487620838,249.7841268474892,246.07779571830557,249.4462738037109,51694800,0.0,0.0,AAPL,0.011727720864164848,246.70180969238282,237.6392074584961,0.006845053651589746,0.000685632211919085,0.005963710987473725,1
2024-12-17,248.4923793968116,252.2185726786221,248.19428090188288,251.87078857421875,51356400,0.0,0.0,AAPL,0.009719587041880251,247.83655700683593,238.90412521362305,0.006504754731744804,0.011727720864164848,0.000685632211919085,0
2024-12-18,250.55918941684527,252.6657259429232,246.16725119368888,246.47528076171875,56774100,0.0,0.0,AAPL,-0.021421729145498336,248.14658203125,239.88635177612304,0.010468826972940553,0.009719587041880251,0.011727720864164848,1
2024-12-19,245.92873792847348,250.400169527173,245.5213371883983,248.2041931152344,60882300,0.0,0.0,AAPL,0.007014546644079411,248.5102569580078,240.91925125122071,0.010550426195798409,-0.021421729145498336,0.009719587041880251,1
2024-12-20,246.46531011815412,253.38113119374523,244.1302382023433,252.87437438964844,147495300,0.0,0.0,AAPL,0.018815883872863592,249.77418212890626,242.20950775146486,0.0115800217590464,0.007014546644079411,-0.021421729145498336,1
2024-12-23,253.15258832932108,254.02699130961165,251.84096111600803,253.6494140625,40858800,0.0,0.0,AAPL,0.0030649197836760678,250.61481018066405,243.4714454650879,0.010873322873311534,0.018815883872863592,0.007014546644079411,1
2024-12-24,253.86804957710976,256.5707679464462,253.6693071300515,256.56085205078125,23234700,0.0,0.0,AAPL,0.01147819717637466,251.55282287597657,244.72990646362305,0.011168392780913963,0.0030649197836760678,0.018815883872863592,1
2024-12-26,256.5508929178466,258.44877099351584,255.99445048269988,257.3756103515625,27237100,0.0,0.0,AAPL,0.003175692215973802,253.7328887939453,245.9203010559082,0.01069350115570566,0.01147819717637466,0.0030649197836760678,0
2024-12-27,256.19316170058187,257.0576640072936,251.4534547993944,253.96739196777344,42355300,0.0,0.0,AAPL,-0.013242196411437757,254.88552856445312,246.94674377441407,0.012133434301035336,0.003175692215973802,0.01147819717637466,0
2024-12-30,250.6287158030117,251.890657464443,249.15811581542044,250.59890747070312,35557500,0.0,0.0,AAPL,-0.013263452725055913,254.43043518066406,247.68552322387694,0.013197258527086768,-0.013242196411437757,0.003175692215973802,0
2024-12-31,250.83739579916156,251.6720594492945,247.8464949766397,248.8302154541016,39480700,0.0,0.0,AAPL,-0.007057860045971309,253.4665954589844,248.2235855102539,0.012947001766514834,-0.013263452725055913,-0.013242196411437757,0
2025-01-02,247.34966196417784,247.5185960625861,240.28481431614932,242.3019256591797,55740700,0.0,0.0,AAPL,-0.02623592067791336,250.61481018066405,248.2832061767578,0.014760510796025183,-0.007057860045971309,-0.013263452725055913,0
2025-01-03,241.8150329589844,242.62981931594803,240.3543640210219,241.8150329589844,40244100,0.0,0.0,AAPL,-0.0020094462677946456,247.50269470214843,248.30059585571288,0.013393934877620669,-0.02623592067791336,-0.007057860045971309,1
2025-01-06,242.7589734384258,245.75980494056867,241.65601976736147,243.4445953369141,45045600,0.0,0.0,AAPL,0.006738879539412546,245.39813537597655,248.39797286987306,0.013373986943654234,-0.0020094462677946456,-0.02623592067791336,0
2025-01-07,241.43743349025635,243.99112508347835,239.81779188041267,240.67233276367188,40856000,0.0,0.0,AAPL,-0.011387652986937558,243.4128204345703,248.3666732788086,0.011461147833422858,0.006738879539412546,-0.0020094462677946456,1
2025-01-08,240.3841480569624,242.16279257722744,238.52602476613023,241.15919494628903,37628900,0.0,0.0,AAPL,0.00202292543154603,241.8786163330078,248.16545791625975,0.011385438977772519,-0.011387652986937558,0.006738879539412546,0
2025-01-10,238.4862864086752,238.63534322792128,231.52079498772144,235.3463592529297,61710900,0.0,0.0,AAPL,-0.024103728222570897,240.4875030517578,247.6229232788086,0.011230057677997061,0.00202292543154603,-0.011387652986937558,0
2025-01-13,232.04743903723332,233.18020116738663,228.26162915914,232.9119110107422,49630700,0.0,0.0,AAPL,-0.01034410835976085,238.70687866210938,247.0222610473633,0.01045013193027247,-0.024103728222570897,0.00202292543154603,0
2025-01-14,233.2596800887061,234.62097773623856,230.9941559742804,231.79901123046875,39435300,0.0,0.0,AAPL,-0.0047782003738834344,236.3777618408203,246.29292068481445,0.010490986325819839,-0.01034410835976085,-0.024103728222570897,1
2025-01-15,233.1503884256181,237.4429702030776,232.94171493841435,236.35987854003903,39832000,0.0,0.0,AAPL,0.019675956706457276,235.51527099609376,245.7831771850586,0.013698895316579493,-0.0047782003738834344,-0.01034410835976085,0
2025-01-16,235.84318609247865,236.4989845496957,226.58234697208556,226.81088256835935,71759100,0.0,0.0,AAPL,-0.04040024064431946,232.6456085205078,244.65140762329102,0.017565223986086394,0.019675956706457276,-0.0047782003738834344,1
2025-01-17,230.64637201374376,230.81529094249188,227.0294813062853,228.51995849609372,68488300,0.0,0.0,AAPL,0.007535246582444088,231.2803283691406,243.48386611938477,0.017142121391491735,-0.04040024064431946,0.019675956706457276,0
2025-01-21,222.57794445660952,222.99527628303537,217.9872792040061,221.22657775878903,98070400,0.0,0.0,AAPL,-0.03191572755965366,228.94326171874997,242.22143096923827,0.01894018445085051,0.007535246582444088,-0.04040024064431946,1
2025-01-22,218.39466636780543,222.6971793763667,218.39466636780543,222.40902709960935,64126500,0.0,0.0,AAPL,0.005344969636105645,227.06526489257809,240.93167266845703,0.018818711848362313,-0.03191572755965366,0.007535246582444088,0
2025-01-23,223.3132424800993,225.58869773276692,220.88873040600683,222.24009704589844,60234800,0.0,0.0,AAPL,-0.0007595467500303155,224.24130859375,239.39995880126952,0.018958134209329045,0.005344969636105645,-0.03191572755965366,0
2025-01-24,223.35297985225768,224.19758968028435,220.00437919561992,221.3656768798828,54697900,0.0,0.0,AAPL,-0.0039345742628749125,223.1522674560547,237.78577194213867,0.018708081565340352,-0.0007595467500303155,0.005344969636105645,1
2025-01-27,222.59782027357136,230.67619691244207,222.55806572164707,228.40074157714844,94863400,0.0,0.0,AAPL,0.031780286792531864,223.12842407226563,236.37776641845704,0.02160735419152437,-0.0039345742628749125,-0.0007595467500303155,1
2025-01-28,229.38444497187515,238.66514594376807,229.3446904229109,236.7473907470703,75707600,0.0,0.0,AAPL,0.03654387946504345,226.2325866699219,235.34635543823242,0.024655774909480142,0.031780286792531864,-0.0039345742628749125,1
2025-01-29,232.6336842670617,238.33724933385383,232.52438199561368,237.8404235839844,45486100,0.0,0.0,AAPL,0.004616873847965053,229.31886596679686,234.54000701904297,0.024551416492834696,0.03654387946504345,0.031780286792531864,0
2025-01-30,237.1547951903121,239.26133146080372,235.7040725307193,236.08164978027344,55658300,0.0,0.0,AAPL,-0.007394764006926402,232.08717651367186,233.81414413452148,0.02397554015424135,0.004616873847965053,0.03654387946504345,0
2025-01-31,245.62070152543137,245.62070152543137,231.9579942451269,234.50173950195312,100959800,0.0,0.0,AAPL,-0.006692219745968231,234.71438903808593,233.09772033691405,0.01961539416957114,-0.007394764006926402,0.004616873847965053,0
2025-02-03,228.52991033796465,230.35822543026035,224.2671369795404,226.56246948242188,73063300,0.0,0.0,AAPL,-0.03385591098979934,234.34673461914062,232.31074752807618,0.022783427907375357,-0.006692219745968231,-0.007394764006926402,1
2025-02-04,225.80729852188347,231.64997406812492,225.21110156992967,231.3220672607422,45067300,0.0,0.0,AAPL,0.021007882678863554,233.261669921875,231.78609924316407,0.020765140486556317,-0.03385591098979934,-0.006692219745968231,0
2025-02-05,227.0791517092948,231.19286787128655,226.8208078053139,230.994140625,39620300,0.0,0.0,AAPL,-0.001417619337512499,231.8924133300781,231.16357650756837,0.02085050352172683,0.021007882678863554,-0.03385591098979934,1
2025-02-06,229.8216550685821,232.31573010563136,228.96711414866223,231.73941040039065,29925300,0.0,0.0,AAPL,0.0032263579213489546,231.02396545410156,230.7169303894043,0.02078763585248081,-0.001417619337512499,0.021007882678863554,0
2025-02-07,231.1233709886585,232.51447718052603,225.8172598581461,226.18492126464844,39707200,0.0,0.0,AAPL,-0.023968685887934993,229.36060180664063,229.96821670532228,0.022568003010916347,0.0032263579213489546,-0.001417619337512499,1
2025-02-10,228.36336710225456,229.3779949636392,226.005813710008,226.4534454345703,33115600,0.25,0.0,AAPL,0.0011871886437897494,229.33879699707032,229.5235710144043,0.02007642885361059,-0.023968685887934993,0.0032263579213489546,1
2025-02-11,227.000572314181,233.9936212519964,226.9309481287188,231.3973388671875,53718400,0.0,0.0,AAPL,0.021831831364410137,229.35385131835938,229.44784240722657,0.017407673177608902,0.0011871886437897494,-0.023968685887934993,1
2025-02-12,229.98481838871237,235.71455375787428,229.4675472393098,235.62501525878903,45243300,0.0,0.0,AAPL,0.018270203159199028,230.2800262451172,229.63914260864257,0.018498302522654986,0.021831831364410137,0.0011871886437897494,1
2025-02-13,235.6648009555,241.06625350434595,234.33184765944375,240.2605133056641,53614100,0.0,0.0,AAPL,0.01967319998593453,231.98424682617187,229.83417434692382,0.019382198702120334,0.018270203159199028,0.021831831364410137,1
2025-02-14,239.981993568851,244.25939586817944,239.7233655892969,243.31439208984372,40896200,0.0,0.0,AAPL,0.012710697826131767,235.41014099121094,230.65934982299805,0.01939474919835059,0.01967319998593453,0.018270203159199028,0
2025-02-18,242.8667637165237,243.89134891584123,240.56890729516903,243.18508911132807,48822500,0.0,0.0,AAPL,-0.0005314234698780007,238.7564697265625,231.39260635375976,0.014417254294306465,0.012710697826131767,0.01967319998593453,1
2025-02-19,243.37405904734027,244.7169542759842,241.8819431186772,243.58294677734372,32204200,0.0,0.0,AAPL,0.0016360282099101564,241.1935913085937,232.5104248046875,0.0136359333701649,-0.0005314234698780007,0.012710697826131767,1
2025-02-20,243.65259654249155,245.4829218502696,243.00600383864503,244.5379180908203,32316900,0.0,0.0,AAPL,0.003920517943111657,242.97617187499995,233.61686935424805,0.013448598317532782,0.0016360282099101564,-0.0005314234698780007,0
2025-02-21,244.65729095432025,247.38289505871285,243.93113206298463,244.2593994140625,53197400,0.0,0.0,AAPL,-0.00113895905768846,243.77594909667965,234.71783447265625,0.013611125359578728,0.003920517943111657,0.0016360282099101564,1
2025-02-24,243.64264638435856,247.55199828948733,243.1353323966777,245.8012542724609,51326400,0.0,0.0,AAPL,0.0063123665336812795,244.27332153320307,235.93961334228516,0.008922272447591875,-0.00113895905768846,0.003920517943111657,0
2025-02-25,246.69650753214344,248.68599549611235,243.62275227067275,245.74154663085935,48013300,0.0,0.0,AAPL,-0.00024291023973121995,244.78461303710938,236.8066535949707,0.009060883767411968,0.0063123665336812795,-0.00113895905768846,0
2025-02-26,243.0458147674429,243.69239232640413,237.87314875998453,239.0966796875,44433600,0.0,0.0,AAPL,-0.0270400631657981,243.88735961914062,236.9241180419922,0.013167305676272025,-0.00024291023973121995,0.0063123665336812795,0
2025-02-27,238.1516754344793,241.18564780716903,235.81402085750776,236.05276489257807,41153600,0.0,0.0,AAPL,-0.0127308952968328,242.19032897949214,236.83473510742184,0.012912996307926618,-0.0270400631657981,-0.00024291023973121995,1
2025-02-28,235.704595715666,240.8175794410065,228.9900734891547,240.5688934326172,56833400,0.0,0.0,AAPL,0.019131860379158372,241.45222778320309,237.059097290039,0.012823378539187722,-0.0127308952968328,-0.0270400631657981,0
2025-03-03,240.519147417306,242.74737946323825,234.8690087281554,236.77891540527344,47184000,0.0,0.0,AAPL,-0.01575423145222765,239.6477600097656,237.17295608520504,0.01289746321670835,0.019131860379158372,-0.0127308952968328,0
2025-03-04,236.4605996661973,238.80819608105105,233.44651142335263,234.68994140625,53798100,0.0,0.0,AAPL,-0.008822466288638586,237.43743896484375,237.57932968139644,0.013012562911590678,-0.01575423145222765,0.019131860379158372,0
2025-03-05,234.1826206927458,235.3066862220588,228.02515316620745,234.50094604492188,47227600,0.0,0.0,AAPL,-0.0008052980890261852,236.51829223632814,237.7382736206054,0.012928694218339544,-0.008822466288638586,-0.01575423145222765,0
2025-03-06,233.20777237015392,236.60979483297604,231.9345013377031,234.0930938720703,45170400,0.0,0.0,AAPL,-0.0017392346586670993,236.12635803222656,237.89322128295893,0.012678664116720945,-0.0008052980890261852,-0.008822466288638586,1
2025-03-07,233.8742682867737,240.10136041796665,233.5261018066448,237.8134613037109,46273600,0.0,0.0,AAPL,0.01589268341967287,235.5752716064453,238.19692382812497,0.01420055422624272,-0.0017392346586670993,-0.0008052980890261852,0
2025-03-10,234.3019970725287,234.91874867921032,223.0415027897028,226.28436279296875,72071200,0.0,0.0,AAPL,-0.04847958752014625,233.4763610839844,238.20189590454098,0.019839365019061538,0.01589268341967287,-0.0017392346586670993,0
2025-03-11,222.6336665978936,224.65299583409444,216.3070937419303,219.6792755126953,76137400,0.0,0.0,AAPL,-0.029189322667941164,230.47422790527344,237.86318740844723,0.02066670056325468,-0.04847958752014625,0.01589268341967287,0
2025-03-12,218.9829331071368,220.58447147788527,213.7804264853068,215.83953857421875,62547500,0.0,0.0,AAPL,-0.017478831034539954,226.7419464111328,237.08529739379878,0.02005181149581041,-0.029189322667941164,-0.04847958752014625,0
2025-03-13,214.81497612462363,215.70029772842105,207.3245545879158,208.5779266357422,61368300,0.0,0.0,AAPL,-0.03364356682026348,221.6389129638672,235.73294296264643,0.0214128880965881,-0.017478831034539954,-0.029189322667941164,1
2025-03-14,210.13967261110687,212.8254784087618,208.4784519318959,212.36790466308597,60107600,0.0,0.0,AAPL,0.018170561422650167,216.5498016357422,234.33831253051753,0.021258757412137987,-0.03364356682026348,-0.017478831034539954,1
2025-03-17,212.18885305172668,214.0888178495616,208.86641153353528,212.87522888183597,48073400,0.0,0.0,AAPL,0.002388893084173116,213.86797485351562,232.81635437011718,0.021690120605962943,0.018170561422650167,-0.03364356682026348,0
2025-03-18,213.0343879953175,214.019174884069,210.3784232206469,211.57211303710935,42432400,0.0,0.0,AAPL,-0.006121500615978048,212.24654235839844,231.2357055664062,0.021728324280933554,0.002388893084173116,0.018170561422650167,1
2025-03-19,213.0940452987452,217.6101760496477,212.6265144386749,214.1086883544922,54385400,0.0,0.0,AAPL,0.011989176082662256,211.90037231445314,229.76199264526363,0.022691810463833565,-0.006121500615978048,0.002388893084173116,0
2025-03-20,212.8652784783013,216.3468825511506,211.10457731145533,212.9747009277344,48862900,0.0,0.0,AAPL,-0.005296316723403027,212.77972717285155,228.18383178710937,0.022596141629505545,0.011989176082662256,-0.006121500615978048,1
2025-03-21,210.44804823896536,217.68978368973623,210.16952111998103,217.12278747558597,94127800,0.0,0.0,AAPL,0.01947689810001929,213.73070373535157,226.82700119018554,0.02306161112720186,-0.005296316723403027,0.011989176082662256,1
2025-03-24,219.8384246082871,220.3158974796034,217.4311459430569,219.56983947753903,44299500,0.0,0.0,AAPL,0.01127036010546889,215.0696258544922,225.51543045043945,0.01903236779064028,0.01947689810001929,-0.005296316723403027,1
2025-03-25,219.6096416779903,222.92214108802088,218.92326587520165,222.573974609375,34493600,0.0,0.0,AAPL,0.013681911591246987,217.2699981689453,224.35705184936523,0.01717640569615772,0.01127036010546889,0.01947689810001929,0
2025-03-26,222.3352353150336,223.83730853242596,219.3112201065871,220.3656463623047,34466100,0.0,0.0,AAPL,-0.009921772080253355,218.52138977050782,223.42050018310547,0.016400068394623254,0.013681911591246987,0.01127036010546889,1
2025-03-27,220.2263848697343,223.80746952519277,219.4007454858761,222.6734619140625,37094800,0.0,0.0,AAPL,0.010472664818015787,220.46114196777344,222.75153503417968,0.010592234878792028,-0.009921772080253355,0.013681911591246987,0
2025-03-28,220.504904155295,222.6336557419088,216.5358700680628,216.7547149658203,39818600,0.0,0.0,AAPL,-0.026580387700292918,220.3875274658203,221.56082611083986,0.01405365436236991,0.010472664818015787,-0.009921772080253355,1
2025-03-31,215.86937928840504,224.4341253115235,215.09348022110552,220.9624786376953,65299300,0.0,0.0,AAPL,0.019412558903452393,220.66605529785156,220.77000427246094,0.015081195321657657,-0.026580387700292918,0.010472664818015787,1
2025-04-01,218.6546522704822,222.5043062718273,217.7494316867353,222.0168914794922,36412700,0.0,0.0,AAPL,0.004771909005989006,220.554638671875,220.13635177612304,0.014669651742776913,0.019412558903452393,-0.026580387700292918,1
2025-04-02,220.15674221426903,224.0063965120705,219.8583159882452,222.71322631835935,35905900,0.0,0.0,AAPL,0.003136404776352242,221.02415466308594,219.5469657897949,0.014461809023710987,0.004771909005989006,0.019412558903452393,0
2025-04-03,204.4596791341039,206.39944211542388,200.19223396809613,202.12203979492188,103419000,0.0,0.0,AAPL,-0.09245605599553941,216.91387023925782,217.9484130859375,0.03390732085792949,0.003136404776352242,0.004771909005989006,0
2025-04-04,192.8709112290044,198.82943318150367,186.3553350717911,187.38987731933597,125910900,0.0,0.0,AAPL,-0.0728874619043699,211.04090270996093,215.42723388671874,0.038821720219569825,-0.09245605599553941,0.003136404776352242,0
2025-04-07,176.26863687444822,193.12954493623215,173.70219548773406,180.5062561035156,160466300,0.0,0.0,AAPL,-0.036734221262602174,202.949658203125,213.1383285522461,0.03832693492679201,-0.0728874619043699,-0.09245605599553941,0
2025-04-08,185.7187069284344,189.33957458197375,168.32064359895526,171.51376342773438,120859500,0.0,0.0,AAPL,-0.04981817733023208,192.84903259277343,210.73005294799805,0.03761764595648138,-0.036734221262602174,-0.0728874619043699,1
2025-04-09,171.04623198001363,199.55559936553783,170.98654976711688,197.8048553466797,184395900,0.0,0.0,AAPL,0.1532885256174954,187.8673583984375,209.82831878662108,0.06802875556905956,-0.04981817733023208,-0.036734221262602174,0
2025-04-10,188.0762635840202,193.7562435722064,182.0381599544528,189.41915893554688,121880000,0.0,0.0,AAPL,-0.04239378450258846,185.3267822265625,208.87038040161133,0.06842289230696275,0.1532885256174954,-0.04981817733023208,1
2025-04-11,185.12188160037283,198.4912294473957,185.0820833366806,197.1085357666016,87435900,0.0,0.0,AAPL,0.040594504137098086,187.27051391601563,208.1074119567871,0.0703244695935941,-0.04239378450258846,0.1532885256174954,1
2025-04-14,210.32866545443892,211.82078139531484,200.10269875392328,201.4555511474609,101352900,0.0,0.0,AAPL,0.022053917472182327,191.4603729248047,207.53642807006835,0.07044084872967858,0.040594504137098086,-0.04239378450258846,0
2025-04-15,200.7990180691496,202.44033954558063,198.74984792281177,201.0775451660156,51343900,0.0,0.0,AAPL,-0.0018763741147476143,197.37312927246094,207.01169967651367,0.0703482458985035,0.022053917472182327,0.040594504137098086,0
2025-04-16,197.31741584829123,199.64511311117852,191.35889396287376,193.24891662597656,59732400,0.0,0.0,AAPL,-0.03893338032138538,196.46194152832032,205.96871109008788,0.07088348094407124,-0.0018763741147476143,0.022053917472182327,1
2025-04-17,196.16351652823,197.7849541282245,193.39812938355277,195.94467163085935,52164700,0.0,0.0,AAPL,0.013949651319910217,197.76704406738278,205.11720962524413,0.06520938758057584,-0.03893338032138538,-0.0018763741147476143,0
2025-04-21,192.254167314604,192.78138039340035,188.81234657174457,192.14474487304688,46742500,0.0,0.0,AAPL,-0.01939285578008043,196.77428588867184,203.8683074951172,0.06072176575670169,0.013949651319910217,-0.03893338032138538,1
2025-04-22,195.0892017003565,200.53045296496776,194.9399961616373,198.690185546875,52976400,0.0,0.0,AAPL,0.0340651558186138,196.22121276855466,202.82432479858397,0.05955121972098572,-0.01939285578008043,0.013949651319910217,1
2025-04-23,204.91724784553512,206.90673568869565,201.7340703321958,203.5246124267578,52929200,0.0,0.0,AAPL,0.024331483040173962,196.71062622070312,201.87185668945312,0.05560115322140619,0.0340651558186138,-0.01939285578008043,1
2025-04-24,203.81309077731203,207.7323844355936,201.87334307751465,207.27479553222656,47311000,0.0,0.0,AAPL,0.01842618964238696,199.51580200195312,201.21731414794922,0.02954317714267518,0.024331483040173962,0.0340651558186138,1
2025-04-25,205.2853145092793,208.6475540878433,205.1162098506388,208.18002319335935,38222300,0.0,0.0,AAPL,0.004367282856598154,201.96287231445314,200.49264221191407,0.02445642986988308,0.01842618964238696,0.024331483040173962,1
2025-04-28,208.8962436468608,210.38835967290976,206.3696005213303,209.03550720214844,38743100,0.0,0.0,AAPL,0.004109347264288132,205.34102478027344,200.10668182373047,0.02193676253618765,0.004367282856598154,0.01842618964238696,1
2025-04-29,207.59314001435672,211.124484458046,207.27481462988692,210.0998992919922,36827600,0.0,0.0,AAPL,0.005091920047891385,207.6229675292969,199.5635528564453,0.021210721652532266,0.004109347264288132,0.004367282856598154,1
2025-04-30,208.19992461631293,212.4574277707069,205.5837430092506,211.3831024169922,52286500,0.0,0.0,AAPL,0.006107585626286438,209.19466552734374,199.0318634033203,0.021097603879058437,0.005091920047891385,0.004109347264288132,1
2025-05-01,207.98107159612528,213.4322643155357,207.8020097882055,212.19879150390625,57365700,0.0,0.0,AAPL,0.003858818787250806,210.1794647216797,198.50614166259766,0.014437062278983347,0.006107585626286438,0.005091920047891385,0
2025-05-02,205.0067917796952,205.9020705063368,201.09745506032,204.27069091796875,101010600,0.0,0.0,AAPL,-0.03736166699984034,209.39759826660156,198.61357421875,0.02051534273253186,0.003858818787250806,0.006107585626286438,0
2025-05-05,202.03252954096357,203.0272736250085,197.1682315771274,197.8446502685547,69018500,0.0,0.0,AAPL,-0.031458456524213974,207.1594268798828,199.13631286621094,0.022341111213633556,-0.03736166699984034,0.003858818787250806,0
2025-05-06,197.1682179665783,199.5953806140849,195.98447015970467,197.4666290283203,51216500,0.0,0.0,AAPL,-0.001910697305796516,204.63277282714844,199.98433151245118,0.019530135734932803,-0.031458456524213974,-0.03736166699984034,0
2025-05-07,198.12314097051197,198.3917260738268,192.2342588971375,195.21849060058597,68536700,0.0,0.0,AAPL,-0.011384903053223816,201.39985046386718,201.16956787109376,0.01767346251832291,-0.001910697305796516,-0.031458456524213974,1
2025-05-08,196.68078271707188,198.99853803284543,193.65675249053749,196.45199584960935,50478900,0.0,0.0,AAPL,0.0063185881892053875,198.2504913330078,201.10192489624023,0.016328798886721615,-0.011384903053223816,-0.001910697305796516,1
2025-05-09,197.95405738682032,199.48595647897332,196.5017244580665,197.4865264892578,36453900,0.0,0.0,AAPL,0.005266073450536091,196.89365844726564,201.5052932739258,0.01638983152476318,0.0063185881892053875,-0.011384903053223816,1
2025-05-12,210.13632786154517,210.4351454151256,205.9330024837247,209.95703125,63775800,0.26,0.0,AAPL,0.06314610410356525,199.31613464355468,202.1477180480957,0.027174568704922034,0.005266073450536091,0.0063185881892053875,1
2025-05-13,209.598471364776,212.55673652410627,208.17412935394688,212.08859252929688,51909300,0.0,0.0,AAPL,0.010152369113843873,202.24052734375,202.6793701171875,0.02731082540185286,0.06314610410356525,0.005266073450536091,0
2025-05-14,211.59057778761635,213.09462076548897,209.74789716231064,211.4909820556641,49325800,0.0,0.0,AAPL,-0.0028177398251639785,205.49502563476562,203.2000419616699,0.027281113244203528,0.010152369113843873,0.06314610410356525,0
2025-05-15,210.116431917556,212.1184991665837,208.71199985896817,210.6144561767578,45029500,0.0,0.0,AAPL,-0.0041445071103579645,208.3275177001953,204.06831893920898,0.027285139443431524,-0.0028177398251639785,0.010152369113843873,0
2025-05-16,211.52086084946143,211.73003772257164,208.94109887256835,210.4252014160156,54737900,0.0,0.0,AAPL,-0.0008985839062414236,210.91525268554688,204.7923454284668,0.02404361428190514,-0.0041445071103579645,-0.0028177398251639785,0
2025-05-19,207.08842931596485,208.65221742207612,203.45284348728632,207.9549865722656,46140500,0.0,0.0,AAPL,-0.011739158746800094,210.51484375,205.58285751342774,0.021563563263461493,-0.0008985839062414236,-0.0041445071103579645,0
2025-05-20,206.84938410987283,207.64622592622175,204.2198167548668,206.04258728027344,42496600,0.0,0.0,AAPL,-0.0091962175253133,209.3056427001953,205.95047760009766,0.021950065501212555,-0.011739158746800094,-0.0008985839062414236,0
2025-05-21,204.3592586621154,206.2218644000924,199.91689108628387,201.2914276123047,59211800,0.0,0.0,AAPL,-0.02305911477177236,207.26573181152344,205.838818359375,0.02316390533726771,-0.0091962175253133,-0.011739158746800094,0
2025-05-22,199.91690559460176,201.94883789272,198.9108868600604,200.5643310546875,46742400,0.0,0.0,AAPL,-0.0036121585814256063,205.25570678710938,205.50329513549804,0.023233017509658786,-0.02305911477177236,-0.0091962175253133,0
2025-05-23,192.9046989896,196.91877297523905,192.6955373289648,194.49838256835935,78432900,0.0,0.0,AAPL,-0.030244403151994947,202.07034301757812,204.81921310424804,0.02534843516274657,-0.0036121585814256063,-0.02305911477177236,1
2025-05-27,197.51641281084125,199.94677348688447,196.64984031499387,199.4188690185547,56288500,0.0,0.0,AAPL,0.025298341226390297,200.36311950683594,204.33838119506837,0.015628516720660814,-0.030244403151994947,-0.0036121585814256063,1
2025-05-28,199.7973629184677,201.9289060786693,199.11008702875665,199.62803649902344,45339700,0.0,0.0,AAPL,0.0010488851004830657,199.08020935058593,203.8147880554199,0.014894020708237164,0.025298341226390297,-0.030244403151994947,0
2025-05-29,202.77554227533128,203.0046291598645,197.72556941325453,199.15988159179688,51396800,0.0,0.0,AAPL,-0.002345136061230768,198.65390014648438,203.20362701416016,0.014905761517705377,0.0010488851004830657,0.025298341226390297,1
2025-05-30,198.5821728136608,201.1619498266407,196.002410999174,200.05633544921875,70819900,0.0,0.0,AAPL,0.0045011768949494435,198.55230102539062,202.59650421142578,0.01526461712556204,-0.002345136061230768,0.0010488851004830657,1
2025-06-02,199.488582384924,201.3312780971428,199.32921098525784,200.9029693603516,35423300,0.0,0.0,AAPL,0.004231977503895479,199.83321838378907,202.42811813354493,0.015503064769849759,0.0045011768949494435,-0.002345136061230768,1
2025-06-03,200.55437033168948,202.96480586317463,200.16591202699755,202.4667816162109,46381600,0.0,0.0,AAPL,0.007783918081640584,200.44280090332032,202.65922470092772,0.015719526118989576,0.004231977503895479,0.0045011768949494435,0
2025-06-04,202.1081801351405,205.4250230594641,201.30138338029005,202.0185394287109,43604000,0.0,0.0,AAPL,-0.002213904838719083,200.9209014892578,202.88682022094727,0.015546083793866785,0.007783918081640584,0.004231977503895479,0
2025-06-05,202.69585814733983,203.9409187010704,199.35908978394465,199.8372039794922,55126100,0.0,0.0,AAPL,-0.010797699336839717,201.05636596679688,203.11775588989258,0.014105151985343081,-0.002213904838719083,0.007783918081640584,1
2025-06-06,202.19783403313104,204.8871617909174,201.2515910514923,203.11419677734372,46607700,0.0,0.0,AAPL,0.016398311888850436,201.66793823242188,203.45086593627929,0.015025246055187336,-0.010797699336839717,-0.002213904838719083,0
2025-06-09,203.5823461143216,205.1859847584805,199.22961916524451,200.65396118164065,72862600,0.0,0.0,AAPL,-0.012112573294913553,201.61813659667968,203.60923767089844,0.011457141758235236,0.016398311888850436,-0.010797699336839717,1
2025-06-10,199.8073282051838,203.5425099498084,199.77744796710627,201.869140625,54672600,0.0,0.0,AAPL,0.006056094961710334,201.4986083984375,203.20484313964843,0.008585475974530148,-0.012112573294913553,0.016398311888850436,0
2025-06-11,202.6958722895077,203.69192080198684,197.62598900862736,197.99452209472656,60989900,0.0,0.0,AAPL,-0.01919371389939728,200.6938049316406,202.50013961791993,0.0107524104239854,0.006056094961710334,-0.012112573294913553,1
2025-06-12,198.29333609984755,198.890956077424,196.58013147350607,198.4128570556641,43904600,0.0,0.0,AAPL,0.002112861287836054,200.408935546875,201.84623336791992,0.010772206496246842,-0.01919371389939728,0.006056094961710334,0
2025-06-13,198.94075911963023,199.57822954037988,194.9266849517312,195.67372131347656,51447300,0.0,0.0,AAPL,-0.013805233102505365,198.92084045410155,201.09919662475585,0.011398520161730574,0.002112861287836054,-0.01919371389939728,1
2025-06-16,196.5203559282292,197.90486262143017,195.7832746273876,197.63592529296875,43020700,0.0,0.0,AAPL,0.010027938173407858,198.31723327636718,200.45973281860353,0.011895825151747459,-0.013805233102505365,0.002112861287836054,0
2025-06-17,196.4207613301707,197.6060614779548,194.43863454049264,194.86692810058597,38856200,0.0,0.0,AAPL,-0.0140105964453483,196.9167907714844,199.80532989501953,0.011986921958663951,0.010027938173407858,-0.013805233102505365,1
2025-06-18,195.16573699325733,196.7893008408277,194.2991796996429,195.8032073974609,45394700,0.0,0.0,AAPL,0.0048047111226161565,196.47852783203126,199.2933609008789,0.01228878505557495,-0.0140105964453483,0.010027938173407858,1
2025-06-20,197.45666110928437,200.9029804255433,196.0821093088201,200.20574951171875,96813500,0.0,0.0,AAPL,0.022484525012509637,196.83710632324218,199.23907699584962,0.014300252811852763,0.0048047111226161565,-0.0140105964453483,1
2025-06-23,200.83325703321927,201.5006076815208,198.1738094532141,200.70376586914065,55814300,0.0,0.0,AAPL,0.0024875227541492073,197.84311523437503,199.24604873657228,0.013191295242779457,0.022484525012509637,0.0048047111226161565,0
2025-06-24,201.78944331230144,202.636090538428,199.40888822531903,199.5084991455078,54064000,0.0,0.0,AAPL,-0.005955377660487704,198.2176300048828,199.49655456542968,0.012757490484496538,0.0024875227541492073,0.022484525012509637,1
2025-06-25,200.65395335177797,202.8651820841085,199.82723133036671,200.76351928710935,39525700,0.0,0.0,AAPL,0.006290559785556926,199.3969482421875,199.56378707885742,0.01277108489848201,-0.005955377660487704,0.0024875227541492073,0
2025-06-26,200.634043073606,201.8392684520338,198.67184150130464,200.20574951171875,50799100,0.0,0.0,AAPL,-0.0027782426676479233,200.27745666503907,199.5926727294922,0.011034771947086111,0.006290559785556926,-0.005955377660487704,1
2025-06-27,201.09222774816857,202.41697405518968,199.20969672208463,200.28543090820312,73188600,0.0,0.0,AAPL,0.0003979975434207361,200.29339294433595,199.6489501953125,0.011031744479133371,-0.0027782426676479233,0.006290559785556926,1
2025-06-30,201.211736268348,206.57048164253425,198.4726031076903,204.3592529296875,91912800,0.0,0.0,AAPL,0.02034008166750545,201.0244903564453,199.86409606933594,0.01122463470520764,0.0003979975434207361,-0.0027782426676479233,1
2025-07-01,205.85332972802505,209.35942450018743,205.3254252695324,206.9987945556641,78788900,0.0,0.0,AAPL,0.01291618357444646,202.52254943847657,200.16888732910155,0.011420730844268688,0.02034008166750545,0.0003979975434207361,1
2025-07-02,208.08449026524104,212.49697770796604,207.31752868499885,211.6005401611328,67941800,0.0,0.0,AAPL,0.022230784557691008,204.68995361328126,200.62557525634764,0.010540715357994546,0.01291618357444646,0.02034008166750545,1
2025-07-03,211.3116541539988,213.80177506176915,210.97300135818003,212.7061309814453,34955800,0.0,0.0,AAPL,0.005224896020920244,207.19002990722657,201.1599548339844,0.010525964216631127,0.022230784557691008,0.01291618357444646,0
2025-07-07,211.83958469799765,215.37555986284275,207.9749269074613,209.1203765869141,50229000,0.0,0.0,AAPL,-0.016857785800466707,208.95701904296874,201.62411346435547,0.011921606900945613,0.005224896020920244,0.022230784557691008,1
2025-07-08,209.26978591644843,210.59451698338924,207.6262968509882,209.1801300048828,42848900,0.0,0.0,AAPL,0.00028573694703482033,209.92119445800782,201.92741012573242,0.011981642549831074,-0.016857785800466707,0.005224896020920244,1
2025-07-09,208.70202548866368,210.4949156952032,206.40115605631,210.3056640625,48749400,0.0,0.0,AAPL,0.005380692982602575,210.582568359375,202.40999526977538,0.011436950378025511,0.00028573694703482033,-0.016857785800466707,1
2025-07-10,209.67816220166208,212.63642743345136,209.2000631819418,211.57066345214844,44443600,0.0,0.0,AAPL,0.00601505145040937,210.57659301757812,202.89507141113282,0.011434746018220362,0.005380692982602575,0.00028573694703482033,0
2025-07-11,209.73794232575935,211.29177557167307,209.03074119537857,210.3256072998047,39765800,0.0,0.0,AAPL,-0.005884824162426194,210.10048828125,203.51162567138672,0.011717766666422482,0.00601505145040937,0.005380692982602575,0
2025-07-14,209.1004448233413,210.07658325197187,206.71988962428105,207.79562377929688,38840100,0.0,0.0,AAPL,-0.012028889648712626,209.83553771972657,203.98076400756835,0.012863547668263855,-0.005884824162426194,0.00601505145040937,1
2025-07-15,208.393257343384,211.052704873644,208.0944397695192,208.28369140625,42296300,0.0,0.0,AAPL,0.00234878684197648,209.65625,204.61126251220702,0.011469962579582977,-0.012028889648712626,-0.005884824162426194,1
2025-07-16,209.4689902412225,211.5606828488181,207.8155461810567,209.3295440673828,47490500,0.0,0.0,AAPL,0.005021289252517214,209.46102600097657,205.19594345092773,0.010889288010673372,0.00234878684197648,-0.012028889648712626,0
2025-07-17,209.7379236663323,210.96305897069357,208.761785269157,209.19009399414065,48068100,0.0,0.0,AAPL,-0.0006661748290880398,208.984912109375,205.91210174560547,0.007991250893911688,0.005021289252517214,0.00234878684197648,1
2025-07-18,210.0367321724359,210.95309492429405,208.871357307622,210.3455047607422,48974600,0.0,0.0,AAPL,0.005523257552692229,208.9888916015625,206.63921661376952,0.008018068256161007,-0.0006661748290880398,0.005021289252517214,1
2025-07-21,211.2618927646461,214.9273439465105,210.79374875413163,211.640380859375,51377400,0.0,0.0,AAPL,0.00615594851958301,209.75784301757812,207.21094818115233,0.006049346360370545,0.005523257552692229,-0.0006661748290880398,1
2025-07-22,212.29776458434165,214.1006098348481,211.39135685335447,213.5527801513672,46404100,0.0,0.0,AAPL,0.009036079429770583,210.81166076660156,207.85339889526367,0.006514928972169775,0.00615594851958301,0.005523257552692229,0
2025-07-23,214.15041924441525,214.29982043425815,211.57065737650467,213.30377197265625,46989300,0.0,0.0,AAPL,-0.0011660263965397322,211.60650634765625,208.54316253662108,0.0064763448514943865,0.009036079429770583,0.00615594851958301,0
2025-07-24,213.05477516619652,214.8377105517322,212.68624207244096,212.9153289794922,46022600,0.0,0.0,AAPL,-0.0018210788753133533,212.35155334472657,209.15075302124023,0.006333150151945567,-0.0011660263965397322,0.009036079429770583,1
2025-07-25,213.85158759699283,214.38946224202752,212.55672164240056,213.0348358154297,40268800,0.0,0.0,AAPL,0.0005612880787413399,212.88941955566406,209.79220733642578,0.005907661167794816,-0.0018210788753133533,-0.0011660263965397322,1
2025-07-28,213.18425263148455,214.001019671446,212.2180844005514,213.2041778564453,37858000,0.0,0.0,AAPL,0.0007949030512659494,213.20217895507812,210.4381446838379,0.003656745705833504,0.0005612880787413399,-0.0018210788753133533,0
2025-07-29,213.33365491441555,213.96117031669576,209.9869466315705,210.43516540527344,51411700,0.0,0.0,AAPL,-0.012987608774891357,212.5786560058594,210.7419403076172,0.00613810151318483,0.0007949030512659494,0.0005612880787413399,0
2025-07-30,211.06266703997412,211.5507362671114,206.89919168476044,208.22393798828125,45512500,0.0,0.0,AAPL,-0.010507879767783224,211.56268920898438,210.80319747924804,0.006933293966360279,-0.012987608774891357,0.0007949030512659494,0
2025-07-31,207.6661491373953,209.01080544085684,206.3414028602417,206.74978637695312,80698400,0.0,0.0,AAPL,-0.007079645239497334,210.32958068847657,210.56065979003907,0.007239450578778484,-0.010507879767783224,-0.012987608774891357,0
2025-08-01,210.03673342752197,212.7360314354296,200.7037642416869,201.58029174804688,104434500,0.0,0.0,AAPL,-0.025003627425670194,208.038671875,210.00436782836914,0.01001674878163501,-0.007079645239497334,-0.010507879767783224,1
2025-08-04,203.70186769022783,207.0585613783641,200.88304868853191,202.5464630126953,75109300,0.0,0.0,AAPL,0.004792984751981866,205.90712890625,209.6756721496582,0.009868326621750653,-0.025003627425670194,-0.007079645239497334,0
2025-08-05,202.59624780213056,204.52858421879685,201.3611574563388,202.1181488037109,44155100,0.0,0.0,AAPL,-0.0021146466969287347,204.2437255859375,209.32257308959962,0.008756565155038568,0.004792984751981866,-0.025003627425670194,1
2025-08-06,204.8174489981037,214.52892145014,204.77759854868276,212.40733337402344,108483100,0.0,0.0,AAPL,0.050906782152972285,205.08040466308594,209.4276565551758,0.019936008710643646,-0.0021146466969287347,0.004792984751981866,1
2025-08-07,218.0150880895572,219.9773047383464,215.7241736307253,219.16053771972656,90224800,0.0,0.0,AAPL,0.03179364967503995,207.56255493164062,209.8071502685547,0.022330978430361675,0.050906782152972285,-0.0021146466969287347,1
2025-08-08,219.9573735658332,230.08718413442585,218.3836152444713,228.44371032714844,113854000,0.0,0.0,AAPL,0.04235786562676558,212.93523864746095,210.7130554199219,0.025488095742780447,0.03179364967503995,0.050906782152972285,0
2025-08-11,227.27701087414155,228.91238364576836,224.12592192869852,226.53909301757807,61806100,0.26,0.0,AAPL,-0.008337359373312592,217.7337646484375,211.65022888183594,0.025907038665146057,0.04235786562676558,0.03179364967503995,1
2025-08-12,227.36674823663387,230.14888579943397,226.429412881848,229.0021209716797,55626200,0.0,0.0,AAPL,0.010872419065924843,223.11055908203124,212.68615036010743,0.025008046351286096,-0.008337359373312592,0.04235786562676558,1
2025-08-13,230.4181341091737,234.3370398551092,229.77992501054072,232.6717529296875,69878500,0.0,0.0,AAPL,0.01602444528652036,227.16344299316407,213.85326080322267,0.024127712491565586,0.010872419065924843,-0.008337359373312592,0
2025-08-14,233.39967872378065,234.4566858681212,230.1987431425788,232.123291015625,51916300,0.0,0.0,AAPL,-0.002357234632724192,229.75599365234376,214.9999206542969,0.02376891443600541,0.01602444528652036,0.010872419065924843,0
2025-08-15,233.33985018068216,233.6190590405621,228.69299310222905,230.9366455078125,56038700,0.0,0.0,AAPL,-0.005112134601489071,230.25458068847655,216.02947769165038,0.02101025405941679,-0.002357234632724192,0.01602444528652036,0
2025-08-18,231.0463446646661,232.46233685580373,229.46083388892836,230.23863220214844,37476200,0.0,0.0,AAPL,-0.003022531587090427,230.99448852539064,216.95939025878906,0.021525004388635985,-0.005112134601489071,-0.002357234632724192,0
2025-08-19,230.62753117126795,232.2130419457167,228.70298322789472,229.90956115722656,39402600,0.0,0.0,AAPL,-0.0014292607707683258,231.1759765625,217.77722930908203,0.021472198437439128,-0.003022531587090427,-0.005112134601489071,0
2025-08-20,229.33119207499823,229.81981519856652,225.1330775565405,225.3723907470703,42263900,0.0,0.0,AAPL,-0.019734587754066668,229.71610412597656,218.38066024780272,0.01917485954256508,-0.0014292607707683258,-0.003022531587090427,0
2025-08-21,225.6316789169631,225.88097364743612,223.14869792378403,224.2655334472656,30621200,0.0,0.0,AAPL,-0.004911237335397112,228.1445526123047,218.94817047119142,0.01711348308584366,-0.019734587754066668,-0.0014292607707683258,1
2025-08-22,225.53195134940427,228.44371192910324,224.77410085849388,227.11746215820312,42477800,0.0,0.0,AAPL,0.012716749948596728,227.3807159423828,219.65230178833008,0.01085184886573318,-0.004911237335397112,-0.019734587754066668,0
2025-08-25,225.84106025439087,228.6531118971015,225.59176554347297,226.51914978027344,30983100,0.0,0.0,AAPL,-0.0026343741790885167,226.6368194580078,220.31805038452148,0.010541316432639267,0.012716749948596728,-0.004911237335397112,1
2025-08-26,226.22996704217397,228.84258604761436,224.05612439304167,228.6630859375,54575100,0.0,0.0,AAPL,0.009464701590599311,226.3875244140625,221.2294464111328,0.010388899789234003,-0.0026343741790885167,0.012716749948596728,1
2025-08-27,227.965066276898,230.24859923631865,227.6160475796746,229.8397674560547,31259500,0.0,0.0,AAPL,0.005145918125483151,227.28099975585937,222.31023788452148,0.008988021066722019,0.009464701590599311,-0.0026343741790885167,1
2025-08-28,230.16884905542523,232.75153884501827,228.69301327644948,231.9039306640625,38074700,0.0,0.0,AAPL,0.008980879291928812,228.80867919921874,223.56794509887695,0.00952325103366714,0.005145918125483151,0.009464701590599311,0
2025-08-29,231.85405874294375,232.7216147258446,230.71727541448905,231.485107421875,39418400,0.0,0.0,AAPL,-0.0018060204541949787,229.6822082519531,225.06318588256835,0.009384501864240979,0.008980879291928812,0.005145918125483151,0
2025-09-02,228.6032698757151,230.19876225122124,226.32970313085187,229.0719451904297,44075600,0.0,0.0,AAPL,-0.01042469754672981,230.19276733398436,226.38945999145508,0.009948648391932156,-0.0018060204541949787,0.008980879291928812,1
2025-09-03,236.5408165177042,238.17618932549604,233.6988505309185,237.79725646972656,66427800,0.0,0.0,AAPL,0.038089829254487784,232.01960144042968,228.17341537475585,0.01570564946680995,-0.01042469754672981,-0.0018060204541949787,1
2025-09-04,237.77729643117493,239.2232027368954,236.0721290991865,239.10354614257807,47549400,0.0,0.0,AAPL,0.005493291605817241,233.8723571777344,229.5082260131836,0.013420791159920762,0.038089829254487784,-0.01042469754672981,0
2025-09-05,239.32291694518145,240.6392002919357,237.81718240373485,239.0137939453125,54870400,0.0,0.0,AAPL,-0.00037536957821637795,235.29432983398436,230.5008888244629,0.013083013516869935,0.005493291605817241,0.038089829254487784,0
2025-09-08,238.62490021245955,239.47249309970456,235.67324414176576,237.2089080810547,48999500,0.0,0.0,AAPL,-0.0075513878695669945,236.4390899658203,230.93914871215821,0.013567878223968217,-0.00037536957821637795,0.005493291605817241,0
2025-09-09,236.3313911991396,238.1063683630383,232.70166073618756,233.6888732910156,66313900,0.0,0.0,AAPL,-0.014839387013392824,237.3624755859375,231.29663772583007,0.014770449392752004,-0.0075513878695669945,-0.00037536957821637795,0
2025-09-10,231.53496736029476,231.76431424305807,225.31256565050364,226.1501922607422,83440800,0.0,0.0,AAPL,-0.03225947784379701,235.03306274414064,231.1540412902832,0.018284833732860804,-0.014839387013392824,-0.0075513878695669945,1
2025-09-11,226.23995033725743,229.7998710451417,226.010588238333,229.3810577392578,50208600,0.0,0.0,AAPL,0.014286370691166894,233.08856506347655,230.98950653076173,0.018843605317189472,-0.03225947784379701,-0.014839387013392824,1
2025-09-12,228.5733443098202,233.84841389514688,228.3739115767776,233.40966796875,55824200,0.0,0.0,AAPL,0.01756295951024689,231.96773986816407,231.05382537841797,0.019484655240196297,0.014286370691166894,-0.03225947784379701,1
2025-09-15,236.33138325533855,237.5180285002954,234.3669397384463,236.0322265625,42699500,0.0,0.0,AAPL,0.011235861035975292,231.73240356445314,231.30860443115233,0.019724529373393057,0.01756295951024689,0.014286370691166894,1
2025-09-16,236.51088466190768,240.53949594661788,235.65332541334,237.4781494140625,63421100,0.0,0.0,AAPL,0.006125955224930424,232.4902587890625,231.67058029174805,0.019243295526095505,0.011235861035975292,0.01756295951024689,1
2025-09-17,238.2958480596019,239.42266510979977,237.05934071942244,238.3157958984375,46508000,0.0,0.0,AAPL,0.003527257082143187,234.92337951660156,232.09089202880858,0.01504055783010766,0.006125955224930424,0.011235861035975292,0
2025-09-18,239.2930082114909,240.51953392817583,235.98236714862816,237.2089080810547,44249600,0.0,0.0,AAPL,-0.004644626316983702,236.48894958496095,232.6827178955078,0.014994756721439123,0.003527257082143187,0.006125955224930424,1
2025-09-19,240.5494606794321,245.60516498271892,239.53234916144805,244.8074188232422,163741300,0.0,0.0,AAPL,0.03203299068174581,238.76849975585938,233.70981216430664,0.01822530571896134,-0.004644626316983702,0.003527257082143187,1
2025-09-22,247.5995237986898,255.9160073848096,247.42002368458668,255.3575592041016,105517400,0.0,0.0,AAPL,0.04309567263758818,242.6335662841797,235.12181701660157,0.021794736528913585,0.03203299068174581,-0.004644626316983702,0
2025-09-23,255.15814081026076,256.6140134777918,252.86462630601795,253.71221923828125,60275200,0.0,0.0,AAPL,-0.006443278871197444,245.88038024902343,236.48147048950196,0.02098021682187487,0.04309567263758818,0.03203299068174581,0
2025-09-24,254.49999981420797,255.018537102084,250.33178410429736,251.59820556640625,42303700,0.0,0.0,AAPL,-0.008332328960039437,248.5368621826172,237.62822647094725,0.0167616142787914,-0.006443278871197444,0.04309567263758818,1
2025-09-25,252.49566170312627,256.4444966190252,250.99989343760635,256.14532470703125,55202100,0.0,0.0,AAPL,0.018072939472633998,252.3241455078125,238.9435043334961,0.016890280190358264,-0.008332328960039437,-0.006443278871197444,0
2025-09-26,253.38315498635407,256.87328100426123,253.06405044687503,254.73931884765625,46076300,0.0,0.0,AAPL,-0.0054890943685314,254.3105255126953,240.08527374267578,0.017491296436501148,0.018072939472633998,-0.008332328960039437,0
2025-09-29,253.84185736381545,254.28061851263053,252.29622703166865,253.71221923828125,40127700,0.0,0.0,AAPL,-0.004031963397017835,253.98145751953126,241.1966293334961,0.017927420339357784,-0.0054890943685314,0.018072939472633998,1
2025-09-30,254.1410137555297,255.1980209495745,252.39595068950493,253.9116668701172,37704300,0.0,0.0,AAPL,0.0007861175643599783,254.02134704589844,242.43861541748046,0.018048416704782425,-0.004031963397017835,-0.0054890943685314,1
2025-10-01,254.32049261064776,258.0599285933123,254.21080232618837,254.72933959960935,48713900,0.0,0.0,AAPL,0.0032203038937570483,254.64757385253907,243.28521957397462,0.018054969413944043,0.0007861175643599783,-0.004031963397017835,1
2025-10-02,255.85613542550084,257.4516276685696,253.43299812845933,256.40460205078125,42630200,0.0,0.0,AAPL,0.006576637201686886,254.69942932128907,244.15027236938477,0.017605925183136736,0.0032203038937570483,0.0007861175643599783,1
2025-10-03,253.9515436206674,258.5086431914624,253.23357360959045,257.2920837402344,49155600,0.0,0.0,AAPL,0.0034612549164674267,255.2099822998047,245.06418685913087,0.015449461701948573,0.006576637201686886,0.0032203038937570483,0
2025-10-06,257.2621558739689,258.33912604890287,254.3304629034206,255.96583557128903,44664100,0.0,0.0,AAPL,-0.005154640398047916,255.66070556640625,246.00203323364258,0.008000291288096704,0.0034612549164674267,0.006576637201686886,0
2025-10-07,256.0855101139428,256.6738420114173,254.70939836699205,255.75645446777344,31955800,0.0,0.0,AAPL,-0.0008180041021813578,256.0296630859375,247.10541229248048,0.007666895110989827,-0.005154640398047916,0.0034612549164674267,1
2025-10-08,255.79633660873375,257.7906945345413,255.3874895821648,257.3320007324219,36496900,0.0,0.0,AAPL,0.006160338232429563,256.5501953125,248.66450271606445,0.0070908192841992205,-0.0008180041021813578,-0.005154640398047916,0
2025-10-09,257.08267167133846,257.2721380835156,252.42584836214985,253.32330322265625,38322000,0.0,0.0,AAPL,-0.015577920734133444,255.933935546875,249.8616149902344,0.006738441873049936,0.006160338232429563,-0.0008180041021813578,0
2025-10-10,254.2207817432353,255.6567217403356,243.3116425485481,244.57806396484372,61999100,0.0,0.0,AAPL,-0.03452204809648318,253.39113159179686,250.42003479003907,0.01257382529573544,-0.015577920734133444,0.006160338232429563,1
2025-10-13,248.67648318296307,248.98560621270488,244.867252416582,246.9613342285156,38142900,0.0,0.0,AAPL,0.009744415443628807,251.5902313232422,250.96649017333985,0.013302310081319105,-0.03452204809648318,-0.015577920734133444,1
2025-10-14,245.90431694508948,248.1479694164288,244.00966795095763,247.07101440429688,35478000,0.0,0.0,AAPL,0.0004441188177246591,249.85314331054687,251.44613342285157,0.013293038286084446,0.009744415443628807,-0.03452204809648318,1
2025-10-15,248.78616738422892,251.1095960297993,246.7718617608356,248.63658142089844,33893600,0.0,0.0,AAPL,0.006336506208048043,248.1140594482422,251.9621726989746,0.013481048765476955,0.0004441188177246591,0.009744415443628807,0
2025-10-16,247.54966879270205,248.33743345063007,244.4384754074267,246.75192260742188,39777000,0.0,0.0,AAPL,-0.007579973963228515,246.7997833251953,252.43932342529297,0.013181221719683577,0.006336506208048043,0.0004441188177246591,1
2025-10-17,247.3203043073955,252.66518358811555,246.5724201648456,251.5782470703125,49147000,0.0,0.0,AAPL,0.019559419889786378,248.19981994628907,252.7778648376465,0.015015297345778791,-0.007579973963228515,0.006336506208048043,1
2025-10-20,255.168106265739,263.63416054313814,254.90884523128253,261.50018310546875,90483000,0.0,0.0,AAPL,0.039438767662544505,251.1075897216797,253.08499603271486,0.01986076677986363,0.019559419889786378,-0.007579973963228515,1
2025-10-21,261.1411827196178,264.5415659974475,261.0913055219307,262.0286560058594,46695900,0.0,0.0,AAPL,0.00202092745830873,254.0991180419922,253.50081787109374,0.019831218655578253,0.039438767662544505,0.019559419889786378,0
2025-10-22,261.9090191460537,262.1084670888602,254.70938662410157,257.72088623046875,45015300,0.0,0.0,AAPL,-0.016440071254245958,255.91597900390624,253.80695190429688,0.02065154426991938,0.00202092745830873,0.039438767662544505,1
2025-10-23,259.2066564378435,259.8847307097371,257.2821086816683,258.84765625,32754900,0.0,0.0,AAPL,0.004372055505519334,258.3351257324219,253.94206848144532,0.019892369609974023,-0.016440071254245958,0.00202092745830873,1
2025-10-24,260.4531761824355,263.3848847726989,258.4488367256365,262.0785827636719,38253700,0.0,0.0,AAPL,0.012481961631328753,260.43519287109376,254.30903167724608,0.015219547867996737,0.004372055505519334,-0.016440071254245958,1
2025-10-27,264.13276036080543,268.36078929414754,263.9033982511248,268.0516662597656,44888200,0.0,0.0,AAPL,0.022791192752595002,261.7454895019531,255.0260040283203,0.016015732472126985,0.012481961631328753,0.004372055505519334,1
2025-10-28,268.23113785786586,269.12862319727753,267.39351124836816,268.2411193847656,41534800,0.0,0.0,AAPL,0.0007067783895675639,262.98798217773435,255.74247665405272,0.01600154889996233,0.022791192752595002,0.012481961631328753,1
2025-10-29,268.5203194424725,270.6443152614699,266.35642794866993,268.93914794921875,51086700,0.0,0.0,AAPL,0.0026022429598195895,265.23163452148435,256.4529670715332,0.016097530070040226,0.0007067783895675639,0.022791192752595002,1
2025-10-30,271.2226702585742,273.36662916750566,267.72259312931254,270.63433837890625,69886500,0.0,0.0,AAPL,0.006303249053230431,267.58897094726564,257.16445388793943,0.015177369566372105,0.0026022429598195895,0.0007067783895675639,0
2025-10-31,276.2085891024436,276.53767519933945,268.40069127196034,269.6072692871094,86167100,0.0,0.0,AAPL,-0.0037950435186790976,269.09470825195314,257.7802131652832,0.015234323851150325,0.006303249053230431,0.0026022429598195895,0
2025-11-03,269.65711516237894,270.08589475979994,265.49886601188945,268.2909545898437,50194600,0.0,0.0,AAPL,-0.004882341269010548,269.14256591796874,258.39646911621094,0.0104643045005351,-0.0037950435186790976,0.006303249053230431,1
2025-11-04,267.5730004152706,270.7240893859628,266.8650119182292,269.2781982421875,49274800,0.0,0.0,AAPL,0.0036797500454426313,269.3499816894531,259.07255630493165,0.01046696913558674,-0.004882341269010548,-0.0037950435186790976,1
2025-11-05,267.8522167164328,270.9335263776032,266.17696342424256,269.3779296875,43683100,0.0,0.0,AAPL,0.00037036583712879434,269.4377380371094,259.6748527526855,0.008124630735662684,0.0036797500454426313,-0.004882341269010548,0
2025-11-06,267.1342708755924,272.6287059365568,267.1342708755924,269.0089416503906,51204000,0.0,0.0,AAPL,-0.0013697782796735503,269.11265869140624,260.4591346740723,0.008332020097222571,0.00037036583712879434,0.0036797500454426313,0
2025-11-07,269.03885049148494,271.5218466038475,266.0173996929098,267.7126159667969,48227400,0.0,0.0,AAPL,-0.004818894404181151,268.7337280273438,261.6158622741699,0.008143531105046318,-0.0013697782796735503,0.00037036583712879434,1
2025-11-10,268.46122924118225,273.22240319845355,266.96401085683,268.93035888671875,41312400,0.26,0.0,AAPL,0.00454869456011342,268.8616088867187,262.7143135070801,0.00399429086245698,-0.004818894404181151,-0.0013697782796735503,1
2025-11-11,269.3096487524697,275.3983427074405,269.2996575494418,274.73956298828125,46208300,0.0,0.0,AAPL,0.02160114657791201,269.9538818359375,264.0977409362793,0.007832009399045632,0.00454869456011342,-0.004818894404181151,0
2025-11-12,274.49002155435767,275.2186787593472,271.19615348009904,272.9628601074219,48398000,0.0,0.0,AAPL,-0.006466862149501096,270.6708679199219,265.31405487060545,0.008319007886250743,0.02160114657791201,0.00454869456011342,0
2025-11-13,273.6016697208788,276.1868935731559,271.5854266195937,272.44384765625,49602800,0.0,0.0,AAPL,-0.0019014031834500011,271.35784912109375,266.59865112304686,0.008198232658087522,-0.006466862149501096,0.02160114657791201,0
2025-11-14,270.54732197227213,275.44821996704485,269.1000292932184,271.9048156738281,47431300,0.0,0.0,AAPL,-0.00197850671637112,272.1962890625,267.61497955322267,0.008107271463095103,-0.0019014031834500011,-0.006466862149501096,0
2025-11-17,268.3214829895084,269.98836893107386,265.237217022597,266.9639892578125,45018300,0.0,0.0,AAPL,-0.018171161859606544,271.8030151367187,267.88816986083987,0.010019903448142003,-0.00197850671637112,-0.0019014031834500011,0
2025-11-18,269.48932037088264,270.2079864201871,264.8279974843966,266.9440612792969,45677300,0.0,0.0,AAPL,-7.464669137968727e-05,270.24391479492186,268.1339401245117,0.00991776015342107,-0.018171161859606544,-0.00197850671637112,1
2025-11-19,265.0375710636542,271.7051756343288,265.00762791735707,268.0619506835937,40424500,0.0,0.0,AAPL,0.0041877290655558674,269.2637329101562,268.65099334716797,0.010041621486482948,-7.464669137968727e-05,-0.018171161859606544,0
2025-11-20,270.327749378444,274.91922505965954,265.4268814706152,265.7562561035156,45823600,0.0,0.0,AAPL,-0.00860134970367199,267.92621459960935,268.9964233398438,0.010370673706000384,0.0041877290655558674,-7.464669137968727e-05,1
2025-11-21,265.4568071090486,272.8230952896135,265.17732758833057,270.98651123046875,59030800,0.0,0.0,AAPL,0.019680647235321702,267.7425537109375,269.4418197631836,0.012152955347441924,-0.00860134970367199,0.0041877290655558674,1
2025-11-24,270.397615191446,276.4863089537433,270.397615191446,275.4083251953125,65585800,0.0,0.0,AAPL,0.016317468883471742,269.4314208984375,269.8096527099609,0.013041738332143603,0.019680647235321702,-0.00860134970367199,1
2025-11-25,274.75953066216096,279.8600705608694,274.73957871594786,276.4563903808594,46914200,0.0,0.0,AAPL,0.003805495657415614,271.33388671875,270.2204162597656,0.011227526196422906,0.016317468883471742,0.019680647235321702,1
2025-11-26,276.4463761157936,279.01161742605893,276.1170014953278,277.0352783203125,33431400,0.0,0.0,AAPL,0.002093957526739132,273.12855224609376,270.62522277832034,0.010944879106771659,0.003805495657415614,0.016317468883471742,1
2025-11-28,276.7458380127342,278.4826014787427,275.4781737009374,278.3328857421875,20135600,0.0,0.0,AAPL,0.0046839067924580036,275.6438781738281,271.01015014648436,0.010913155591379915,0.002093957526739132,0.003805495657415614,1
2025-12-01,277.4944549964911,282.89442609469603,275.6279276857388,282.57501220703125,46587700,0.0,0.0,AAPL,0.01524119743713337,277.9615783691406,271.65853729248045,0.011523060068123776,0.0046839067924580036,0.002093957526739132,1
2025-12-02,282.47518456741903,286.86701880065203,282.10587559562896,285.6592712402344,53669500,0.0,0.0,AAPL,0.010914832876105063,280.011767578125,272.526953125,0.0086380989462682,0.01524119743713337,0.0046839067924580036,0
2025-12-03,285.6692634925469,288.0847586222564,282.77461708045536,283.623046875,43538700,0.0,0.0,AAPL,-0.007128157809805358,281.4450988769531,273.24419555664065,0.009508242001937239,0.010914832876105063,0.01524119743713337,0
2025-12-04,283.5731318378766,284.20196835267484,278.0733405949076,280.179443359375,43989100,0.0,0.0,AAPL,-0.012141479874668626,282.0739318847656,273.7842712402344,0.011139168688759297,-0.007128157809805358,0.010914832876105063,0
2025-12-05,280.01974631085085,280.6186397013617,277.5343433093784,278.26300048828125,47265800,0.0,0.0,AAPL,-0.006840055245008081,282.05995483398436,274.2469741821289,0.010921019512016182,-0.012141479874668626,-0.007128157809805358,0
2025-12-08,277.6142094762677,279.15136205700173,275.6378704438954,277.3746643066406,38211800,0.0,0.0,AAPL,-0.003192433705098474,281.01988525390624,274.7300765991211,0.0097597149843565,-0.006840055245008081,-0.012141479874668626,0
2025-12-09,277.64414811825674,279.5106752769474,276.40645748061854,276.6659545898437,32193300,0.0,0.0,AAPL,-0.002555062909471273,279.2212219238281,275.11685638427736,0.008508701613169847,-0.003192433705098474,-0.006840055245008081,1
2025-12-10,277.23491184461454,279.2312028389952,275.92734368017386,278.26300048828125,33038300,0.0,0.0,AAPL,0.005772469911613065,278.1492126464844,275.2930282592773,0.008615967789540997,-0.002555062909471273,-0.003192433705098474,0
2025-12-11,278.5824273392719,279.07150890817053,273.3022288840155,277.514404296875,33248000,0.0,0.0,AAPL,-0.002690246960942222,277.6162048339844,275.52060546875,0.0086617395522373,0.005772469911613065,-0.002555062909471273,1
2025-12-12,277.38464634485007,278.70220580092337,276.30666253778065,277.7639465332031,39532900,0.0,0.0,AAPL,0.0008992046267306542,277.5163940429687,275.78661041259767,0.00852598536099511,-0.002690246960942222,0.005772469911613065,0
2025-12-15,279.6304615267261,279.6304615267261,272.33402020742307,273.6016540527344,50409100,0.0,0.0,AAPL,-0.01498499906996098,276.7617919921875,275.87145233154297,0.007779813267428645,0.0008992046267306542,-0.002690246960942222,1
2025-12-16,272.3140798989353,274.9891026980292,271.2859911871425,274.1007385253906,37648600,0.0,0.0,AAPL,0.0018241281266524467,276.2487487792969,276.22828979492186,0.0063471518156538375,-0.01498499906996098,0.0008992046267306542,0
2025-12-17,274.50001118897205,275.6478724530811,271.13626563598973,271.3358764648437,50138700,0.0,0.0,AAPL,-0.010087028861802239,274.8633239746094,276.4478805541992,0.006568905119390463,0.0018241281266524467,-0.01498499906996098,1
2025-12-18,273.1025913325419,273.12257373871984,266.4549687260805,271.68524169921875,51630700,0.0,0.0,AAPL,0.001287574790797441,273.69749145507814,276.62904510498043,0.006170958867776103,-0.010087028861802239,0.0018241281266524467,1
2025-12-19,271.6453053723066,274.09077415448866,269.399477884542,273.1625061035156,144632000,0.0,0.0,AAPL,0.005437411303821804,272.77720336914064,276.99935760498045,0.006544614234682634,0.001287574790797441,-0.010087028861802239,0
2025-12-22,272.3539780142796,273.37210596231955,270.00836035897595,270.4674987792969,36571800,0.0,0.0,AAPL,-0.009865948891234266,272.15037231445314,276.9734069824218,0.007021943008845263,0.005437411303821804,0.001287574790797441,1
2025-12-23,270.3377490962612,271.99467443806464,269.06012395403746,271.8549194335937,29642000,0.0,0.0,AAPL,0.005129713035979089,271.7012084960937,276.7957366943359,0.007423801246547754,-0.009865948891234266,0.005437411303821804,1
2025-12-24,271.8349404799371,274.9192064044749,271.69521595033444,273.3022155761719,17910600,0.0,0.0,AAPL,0.005323781322749577,272.0944763183594,276.6380279541015,0.00737462667787064,0.005129713035979089,-0.009865948891234266,0
2025-12-26,273.65157518449314,274.859322715931,272.35396775197984,272.8929748535156,21521800,0.0,0.0,AAPL,-0.0014973926274014504,272.3360229492188,276.4309127807617,0.0073677792425330966,0.005323781322749577,0.005129713035979089,1
2025-12-29,272.1843267483383,273.8512128461511,271.8449608988494,273.2523498535156,23715200,0.0,0.0,AAPL,0.001316908213532919,272.35399169921874,276.1768859863281,0.007385022338813152,-0.0014973926274014504,0.005323781322749577,0
2025-12-30,272.304089543875,273.5717234473003,271.77507361210075,272.5735778808594,22139600,0.0,0.0,AAPL,-0.0024840480713893553,272.77520751953125,275.67681427001946,0.005745844986529463,0.001316908213532919,-0.0014973926274014504,0
2025-12-31,272.553621806917,273.17246717497864,271.24605357156486,271.3558349609375,27293600,0.0,0.0,AAPL,-0.00446757506501283,272.675390625,274.9616424560546,0.0058238691268176854,-0.0024840480713893553,0.001316908213532919,0
2026-01-02,271.75509761912826,277.32473598417806,268.5011336129586,270.5074157714844,37838100,0.0,0.0,AAPL,-0.003126592761770741,272.1164306640625,274.3058609008789,0.0049691334638149055,-0.00446757506501283,-0.0024840480713893553,0
2026-01-05,270.1381104139889,271.0064921177503,265.6464557026853,266.7643737792969,45647200,0.0,0.0,AAPL,-0.013837114156417418,270.8907104492188,273.635107421875,0.006500007410302984,-0.003126592761770741,-0.00446757506501283,0
2026-01-06,266.504853430471,267.0538212812338,261.6338984265986,261.8734436035156,52352100,0.0,0.0,AAPL,-0.018334270451824564,268.61492919921875,272.8156295776367,0.007777508007959581,-0.013837114156417418,-0.003126592761770741,0
2026-01-07,262.71190159101934,263.1909919246956,259.32817380451803,259.8471984863281,48309800,0.0,0.0,AAPL,-0.007737497507594893,266.0696533203125,271.93925628662106,0.0076325147242997495,-0.018334270451824564,-0.013837114156417418,0
2026-01-08,256.5433578451618,258.80916773471864,255.22581364132836,258.55963134765625,50419300,0.0,0.0,AAPL,-0.004955093401707855,263.5104125976562,271.03394012451173,0.006930323173834926,-0.007737497507594893,-0.018334270451824564,1
2026-01-09,258.5995368285105,259.7274461787287,255.74485516422808,258.8890075683594,39997000,0.0,0.0,AAPL,0.0012738888084979916,261.1867309570313,270.06524047851565,0.006355822892908276,-0.004955093401707855,-0.007737497507594893,1
2026-01-12,258.6794199598783,260.8154357257053,256.32378048041085,259.76739501953125,45263800,0.0,0.0,AAPL,0.0033929113461488303,259.78733520507814,269.1778900146484,0.006856577577358576,0.0012738888084979916,-0.004955093401707855,1
2026-01-13,258.24022168851656,261.3244878277737,257.9108470550362,260.5658874511719,45730800,0.0,0.0,AAPL,0.003073874731586601,259.52582397460935,268.3179870605469,0.007053158104746271,0.0033929113461488303,0.0012738888084979916,0
2026-01-14,259.0087756526009,261.334471811998,256.2339322781376,259.4779052734375,40019400,0.0,0.0,AAPL,-0.004175458991876879,259.45196533203125,267.611799621582,0.0070137467957362256,0.003073874731586601,0.0033929113461488303,0
2026-01-15,260.1666175851947,260.5559089501236,256.5732877053955,257.73114013671875,39388600,0.0,0.0,AAPL,-0.0067318453757286845,259.28626708984376,266.79331970214844,0.007035136099320853,-0.004175458991876879,0.003073874731586601,0
2026-01-16,257.4217372195352,258.41988279267105,254.45724364888235,255.0561370849609,72142800,0.0,0.0,AAPL,-0.01037904480746421,258.519692993164,265.9793327331543,0.0071796349138324896,-0.0067318453757286845,-0.004175458991876879,0
2026-01-20,252.26132447540704,254.31750190322293,242.9685916985444,246.2425079345703,80267500,0.0,0.0,AAPL,-0.03455564430294311,255.81471557617186,264.7071960449219,0.011458102786827547,-0.01037904480746421,-0.0067318453757286845,1
2026-01-21,248.2388060412761,251.09350304772093,244.72532928784557,247.1907501220703,54641700,0.0,0.0,AAPL,0.0038508468560267684,253.13968811035156,263.4086082458496,0.011363451508604046,-0.03455564430294311,-0.01037904480746421,1
2026-01-22,248.737864640942,250.5345296526772,247.68980878155543,247.8894500732422,39708300,0.0,0.0,AAPL,0.002826561879143208,250.8219970703125,262.2797058105469,0.011640078751587925,0.0038508468560267684,-0.03455564430294311,0
2026-01-23,246.8613663013417,248.94748685874612,244.22624741136653,247.58001708984372,41689000,0.0,0.0,AAPL,-0.0012482700788881695,248.7917724609375,261.0659606933594,0.01168778007596666,0.002826561879143208,0.0038508468560267684,1
2026-01-26,251.01363570547156,256.0842168676608,249.336758511775,254.9363555908203,55969200,0.0,0.0,AAPL,0.0297129735567756,248.76781616210937,260.1476676940918,0.015890280841552175,-0.0012482700788881695,0.002826561879143208,1
2026-01-27,258.68937090303496,261.46421404872183,257.73112933459527,257.791015625,49648300,0.0,0.0,AAPL,0.011197539980376536,251.0775177001953,259.392569732666,0.01633846131358104,0.0297129735567756,-0.0012482700788881695,0
2026-01-28,257.17220993748055,258.3799575946877,254.0380333360145,255.96446228027344,41288000,0.0,0.0,AAPL,-0.007085403423770176,252.83226013183594,258.5281753540039,0.016397422864726518,0.011197539980376536,0.0297129735567756,1
2026-01-29,257.52154586161765,259.16847988830324,253.93820707645816,257.801025390625,67253000,0.0,0.0,AAPL,0.007175070687510443,254.8145751953125,257.7895477294922,0.016595511295209413,-0.007085403423770176,0.011197539980376536,1
2026-01-30,254.69678984095316,261.41430490835,251.7123292610244,258.9988098144531,92443400,0.0,0.0,AAPL,0.0046461584937966816,257.09833374023435,257.171696472168,0.016512419286703526,0.007175070687510443,-0.007085403423770176,1
2026-02-02,259.5478036352127,269.9883982625768,258.7293169184304,269.5093078613281,73913400,0.0,0.0,AAPL,0.04058126002356821,260.01292419433594,257.12179107666014,0.02019563057581569,0.0046461584937966816,0.007175070687510443,0
2026-02-03,268.70080609664296,271.3758289780004,267.11372779647115,268.98028564453125,64394700,0.0,0.0,AAPL,-0.0019629088916998105,262.2507781982422,257.2325866699219,0.014914895982853527,0.04058126002356821,0.0046461584937966816,1
2026-02-04,271.7850411492978,278.432693698261,271.7850411492978,275.97723388671875,90545700,0.0,0.0,AAPL,0.02601286642781786,266.2533325195312,257.93777618408205,0.015695903597316884,-0.0019629088916998105,0.04058126002356821,0
2026-02-05,277.6142303156022,278.98168486317746,272.72332314901723,275.3983459472656,52977400,0.0,0.0,AAPL,-0.002097593092373451,269.7727966308594,258.71533355712893,0.016060293787204118,0.02601286642781786,-0.0019629088916998105,1
2026-02-06,276.6060720438839,280.3890519626743,276.4164219647768,277.6042175292969,50453400,0.0,0.0,AAPL,0.008009748840153375,273.49387817382814,259.6675628662109,0.015554309895799291,-0.002097593092373451,0.02601286642781786,0
2026-02-09,277.6541982366954,277.9439398399519,271.4499228389202,274.3672180175781,44623400,0.26,0.0,AAPL,-0.01166048390953256,274.4654602050781,260.44147338867185,0.015708429522718,0.008009748840153375,-0.002097593092373451,0
2026-02-10,274.6369782150198,275.11651686144285,272.68876099546605,273.4280700683594,34376900,0.0,0.0,AAPL,-0.003422959769044165,275.3550170898437,261.12450714111327,0.016001801569410584,-0.01166048390953256,0.008009748840153375,1
2026-02-11,274.44714753122867,279.92208361183503,274.1973776592452,275.24639892578125,51931300,0.0,0.0,AAPL,0.006650117732854843,275.20885009765624,261.85853271484376,0.015327207243294554,-0.003422959769044165,-0.01166048390953256,0
2026-02-12,275.3363333447182,275.46621856633783,259.94051360693726,261.4891052246094,81077200,0.0,0.0,AAPL,-0.04998173910671744,272.427001953125,261.95909271240237,0.023756746955874524,0.006650117732854843,-0.003422959769044165,0
2026-02-13,261.7688319830923,261.9886306947134,255.21485759663088,255.5445556640625,56290700,0.0,0.0,AAPL,-0.022733450234726726,268.01506958007815,261.84976348876955,0.02492558162473998,-0.04998173910671744,0.006650117732854843,1
2026-02-17,257.8124646511843,266.0449008431299,255.30478047881587,263.6371154785156,58469100,0.0,0.0,AAPL,0.03166790148756515,265.8690490722656,262.27881240844727,0.02338263508321379,-0.022733450234726726,-0.04998173910671744,1
2026-02-18,263.35737977838915,266.57441720150126,262.20844437502524,264.106689453125,34203300,0.0,0.0,AAPL,0.0017811375828364895,264.00477294921876,263.172021484375,0.02341239438344334,0.03166790148756515,-0.022733450234726726,0
2026-02-19,262.35827847824623,264.2365527856389,259.81060750150084,260.3401184082031,30845300,0.0,0.0,AAPL,-0.014261551090285374,261.0235168457031,263.82948989868163,0.021527037924756815,0.0017811375828364895,0.03166790148756515,1
2026-02-20,258.73163460792017,264.5063132392292,257.9223826043077,264.3364562988281,42070500,0.0,0.0,AAPL,0.015350449692731916,261.5929870605469,264.65184020996094,0.0225267787987115,-0.014261551090285374,0.0017811375828364895,1
2026-02-23,263.24744081710827,269.1819753311392,263.13755670993424,265.9349670410156,37308200,0.0,0.0,AAPL,0.006047257970275721,263.6710693359375,265.56958770751953,0.022420177489737996,0.015350449692731916,-0.014261551090285374,1
2026-02-24,267.61343657617186,274.6369951599546,267.46358073991865,271.8895263671875,47014600,0.0,0.0,AAPL,0.02239103564464129,265.32155151367186,266.41724624633787,0.02368700711897828,0.006047257970275721,0.015350449692731916,1
2026-02-25,271.5298429675081,274.6869380517792,270.8005039088116,273.97760009765625,33714300,0.0,0.0,AAPL,0.007679860855135612,267.2957336425781,267.2265754699707,0.023802579161256394,0.02239103564464129,0.006047257970275721,0
2026-02-26,274.6969199809464,275.8558253670768,270.55071567552415,272.6987609863281,32345100,0.0,0.0,AAPL,-0.0046676776162442035,269.7674621582031,268.06329040527345,0.0237444985862995,0.007679860855135612,0.02239103564464129,0
2026-02-27,272.5588900215503,272.5588900215503,262.6480379442022,263.93682861328125,72366500,0.0,0.0,AAPL,-0.03213044438249635,269.6875366210937,268.3700805664063,0.020001532123917917,-0.0046676776162442035,0.007679860855135612,1
2026-03-02,262.16844722421786,266.2846497598317,259.960490133898,264.476318359375,41827900,0.0,0.0,AAPL,0.0020440108677830526,269.39580688476565,268.64395599365236,0.018170183380879928,-0.03213044438249635,-0.0046676776162442035,0
2026-03-03,263.23749216234586,265.3155642216452,259.8905695547566,263.5072326660156,38568900,0.0,0.0,AAPL,-0.003664168116717992,267.71934814453124,268.3438522338867,0.015314600747041744,0.0020440108677830526,-0.03213044438249635,0
2026-03-04,264.4063951364299,265.9050144519466,261.179387723623,262.2783508300781,39803100,0.0,0.0,AAPL,-0.0046635601744375865,265.37949829101564,268.0087554931641,0.015369488082341471,-0.003664168116717992,0.0020440108677830526,0
2026-03-05,260.549954795684,261.3192350446657,257.0132047817476,260.0504150390625,49658600,0.0,0.0,AAPL,-0.008494547048829904,262.8498291015625,267.21241455078126,0.014900432935715732,-0.0046635601744375865,-0.003664168116717992,0
2026-03-06,258.39192833924307,258.53178361058343,254.13584003818684,257.2229919433594,41120000,0.0,0.0,AAPL,-0.010872595974432131,261.50706176757814,266.30364685058595,0.014187056166394917,-0.008494547048829904,-0.0046635601744375865,1
2026-03-09,255.45463216869052,260.9095975388004,253.44647267699952,259.6407775878906,38218500,0.0,0.0,AAPL,0.009399570490431275,260.5399536132812,265.4054748535156,0.014452088251244322,-0.010872595974432131,-0.008494547048829904,1
2026-03-10,257.4128391437035,262.2384104290217,256.71350175461305,260.58990478515625,30590800,0.0,0.0,AAPL,0.0036555398041986376,259.95648803710935,264.7166091918945,0.01188166435606459,0.009399570490431275,-0.010872595974432131,0
2026-03-11,260.8496568052655,261.888707997661,259.3110658747261,260.5699157714844,26218900,0.0,0.0,AAPL,-7.670678451010549e-05,259.61480102539065,264.0737014770508,0.011258888872680008,0.0036555398041986376,0.009399570490431275,0
2026-03-12,258.4219063383753,258.71164792954545,253.94601921584928,255.52456665039065,40794000,0.0,0.0,AAPL,-0.01936274610273281,258.7096313476562,263.0876098632813,0.012142682832104207,-7.670678451010549e-05,0.0036555398041986376,0
2026-03-13,255.2448374700317,256.0940459350445,249.29033192864068,249.8897705078125,36930000,0.0,0.0,AAPL,-0.022051876328148534,257.24298706054685,262.5076431274414,0.010000579572541591,-0.01936274610273281,-7.670678451010549e-05,1
2026-03-16,251.8779423541949,253.6563027081548,249.6499992581203,252.58729553222656,32074200,0.0,0.0,AAPL,0.010794859745288043,255.83229064941406,262.3597801208496,0.011052697903527132,-0.022051876328148534,-0.01936274610273281,1
2026-03-17,252.72716690012703,254.89516767044785,251.94787083452104,253.99598693847656,32361600,0.0,0.0,AAPL,0.005577047742174601,254.5135070800781,261.87772369384766,0.01151032813236623,0.010794859745288043,-0.022051876328148534,0
2026-03-18,252.3974721128864,254.70534343896443,248.7708084606242,249.7099456787109,35757900,0.0,0.0,AAPL,-0.016874444795081822,252.34151306152344,261.15788650512695,0.012257995100452921,0.005577047742174601,0.010794859745288043,0
2026-03-19,249.17043241392184,251.5982036354298,247.0723745163624,248.73085021972656,34864100,0.0,0.0,AAPL,-0.003920930967820202,250.98276977539064,260.5774230957031,0.012191240462605014,-0.016874444795081822,0.005577047742174601,0
2026-03-20,247.7517334570195,248.97061168291063,245.77356028907465,247.76173400878903,88331100,0.0,0.0,AAPL,-0.0038962445152317393,250.55716247558593,259.74868698120116,0.011975697065245877,-0.003920930967820202,-0.016874444795081822,1
2026-03-23,253.73622734962268,254.3656523266213,250.0496214753341,251.25851440429688,40546100,0.0,0.0,AAPL,0.014113480475494988,250.29140625,259.0148643493652,0.012622840952815479,-0.0038962445152317393,-0.003920930967820202,1
2026-03-24,250.1195650925759,254.5954370944537,249.32029842391177,251.4083709716797,45152300,0.0,0.0,AAPL,0.0005964238375686381,249.7738830566406,257.99080657958984,0.012474319854590347,0.014113480475494988,-0.0038962445152317393,1
2026-03-25,253.86611511385965,254.76528059453105,251.3684162845015,252.3874664306641,28476700,0.0,0.0,AAPL,0.0038944425565474727,250.30938720703125,256.9112998962402,0.012657628664442235,0.0005964238375686381,0.014113480475494988,1
2026-03-26,251.88793104116343,256.7634441190972,250.53918279672283,252.6572265625,41796700,0.0,0.0,AAPL,0.0010688333127271132,251.09466247558595,255.90922317504882,0.011321702663349566,0.0038944425565474727,0.0005964238375686381,0
2026-03-27,253.666280215245,255.2548282141602,247.8416601166152,248.57098388671875,47900000,0.0,0.0,AAPL,-0.016173068672430957,251.2565124511719,255.14093093872071,0.010209114670471591,0.0010688333127271132,0.0038944425565474727,0
2026-03-30,249.83982057534303,250.63907198816295,245.2840052006544,246.40298461914065,39446200,0.0,0.0,AAPL,-0.008721851736991582,250.28540649414063,254.23726425170898,0.009664788011445661,-0.016173068672430957,0.0010688333127271132,1
2026-03-31,247.6818040942864,255.24482803058763,246.8725521332485,253.55638122558597,49598100,0.0,0.0,AAPL,0.029031290418426448,250.7150085449219,253.7397216796875,0.01379022727522987,-0.008721851736991582,-0.016173068672430957,1
2026-04-01,253.8461228128272,255.9441806293992,253.096813183035,255.3946990966797,40059400,0.0,0.0,AAPL,0.007250134515282447,251.316455078125,253.3955390930176,0.012584855357544665,0.029031290418426448,-0.008721851736991582,1
2026-04-02,253.9660149621701,255.89424639361263,250.4192795609811,255.68443298339844,31289400,0.0,0.0,AAPL,0.0011344553655323608,251.9218963623047,253.17723999023437,0.012406382241324112,0.007250134515282447,0.029031290418426448,1
2026-04-06,256.2738916739028,261.9186847371787,256.2239194053331,258.6217041015625,29329900,0.0,0.0,AAPL,0.011487876222620041,253.93204040527343,253.24717559814454,0.01243347049156561,0.0011344553655323608,0.007250134515282447,0
2026-04-07,255.92421782448065,255.96418954301225,245.47383916108728,253.26666259765625,62148000,0.0,0.0,AAPL,-0.0207060792616357,255.30477600097657,252.9284698486328,0.014157171816482886,0.011487876222620041,0.0011344553655323608,1
2026-04-08,258.2121146377317,259.51090582044134,256.29386854025813,258.66168212890625,41032800,0.0,0.0,AAPL,0.021301735790709264,256.3258361816406,252.83205871582032,0.015555159454980375,-0.0207060792616357,0.011487876222620041,1
2026-04-09,258.7615948993736,260.879638597066,255.8342992320816,260.2502136230469,28121600,0.0,0.0,AAPL,0.006141348347641795,257.29693908691405,252.81607360839843,0.015586405369590845,0.021301735790709264,-0.0207060792616357,0
2026-04-10,259.7406946341393,261.94865175168746,258.7815563792568,260.240234375,31291500,0.0,0.0,AAPL,-3.834482173115106e-05,258.2080993652344,253.0518569946289,0.015606998696411458,0.006141348347641795,0.021301735790709264,0
2026-04-13,259.49093671136296,259.9405042051452,256.4237552437805,258.96142578125,36234700,0.0,0.0,AAPL,-0.004913954203973225,258.2760437011719,253.50543975830078,0.014425902096516634,-3.834482173115106e-05,0.006141348347641795,0
2026-04-14,259.01136264890187,261.68888841493145,256.9532612999924,258.5917358398437,48370700,0.0,0.0,AAPL,-0.001427586909096612,259.3410583496094,253.80566177368163,0.013873970128049577,-0.004913954203973225,-3.834482173115106e-05,1
2026-04-15,257.92237663273806,266.3146386359468,257.5726926972944,266.18475341796875,49913500,0.0,0.0,AAPL,0.02936295529114563,260.8456726074219,254.41510009765625,0.013938245240823223,-0.001427586909096612,-0.004913954203973225,0
2026-04-16,266.55439590858066,266.91408037974617,261.0294875448873,263.15753173828125,43323100,0.0,0.0,AAPL,-0.011372633634406881,261.42713623046876,255.08747940063478,0.01481468414035044,0.02936295529114563,-0.001427586909096612,1
2026-04-17,266.7142527536172,272.0493335842862,266.47448343207725,269.98126220703125,61436200,0.0,0.0,AAPL,0.02593021154924191,263.375341796875,256.15,0.016436057722456175,-0.011372633634406881,0.02936295529114563,1
2026-04-20,270.08114756253855,274.0275237795767,270.04120633500696,272.79864501953125,36590200,0.0,0.0,AAPL,0.010435475371396441,266.1427856445313,257.40184555053713,0.016397325562332248,0.02593021154924191,-0.011372633634406881,0
2026-04-21,271.250098918132,272.5488901425708,265.1557075406741,265.9250183105469,50209800,0.0,0.0,AAPL,-0.025196703995697067,267.60944213867185,258.1351707458496,0.017234027703369764,0.010435475371396441,0.02593021154924191,1
2026-04-22,267.5734973129919,273.48803128351057,266.62435952726383,272.9185791015625,43249200,0.0,0.0,AAPL,0.026298995241013978,268.9562072753906,259.21068115234374,0.01782098128418262,-0.025196703995697067,0.010435475371396441,1
2026-04-23,274.79681820267325,275.5161566987003,271.39995382845746,273.1783142089844,33399600,0.0,0.0,AAPL,0.0009516944880663125,270.9603637695312,260.25022354125974,0.017876418259123433,0.026298995241013978,-0.025196703995697067,0
2026-04-24,272.50893317942314,272.80864483253174,269.4017800912603,270.8104858398437,38157100,0.0,0.0,AAPL,-0.008667702544387423,271.12620849609374,261.15788650512695,0.018348852595050574,0.0009516944880663125,0.026298995241013978,0
2026-04-27,265.84505761361925,268.1129570778125,264.8260075108844,267.3636474609375,41466800,0.0,0.0,AAPL,-0.012727861582673916,270.039208984375,262.0975196838379,0.01893430059117707,-0.008667702544387423,0.0009516944880663125,1
2026-04-28,272.0893199684016,272.97851539952296,268.4127145556596,270.4608154296875,40018900,0.0,0.0,AAPL,0.011584102768505522,270.9463684082031,263.30041122436523,0.01901574890933889,-0.012727861582673916,-0.008667702544387423,0
2026-04-29,267.3037117460274,270.7905199823619,266.7942019267937,269.9213256835937,30047900,0.0,0.0,AAPL,-0.001994705758897819,270.34691772460934,264.1186584472656,0.016964335061068994,0.011584102768505522,-0.012727861582673916,1
2026-04-30,270.25102650288807,275.7459641951834,267.893213328058,271.1002502441406,91848200,0.0,0.0,AAPL,0.004367659937803081,269.93130493164057,264.9039360046387,0.0163540100089195,-0.001994705758897819,0.011584102768505522,1
2026-05-01,278.6032901046287,286.95561044034525,278.1137509144006,279.88214111328125,79915400,0.0,0.0,AAPL,0.03239351812191993,271.7456359863281,266.1138214111328,0.01744776760123414,0.004367659937803081,-0.001994705758897819,0
2026-05-04,279.4025768563376,280.3716851917065,274.60697695873915,276.5751647949219,46668400,0.0,0.0,AAPL,-0.011815603186417278,273.587939453125,267.0114944458008,0.017912303682566237,0.03239351812191993,0.004367659937803081,1
2026-05-05,276.6750995896243,284.3080821831616,276.2455026895375,283.9184265136719,49311700,0.0,0.0,AAPL,0.026550690927708454,276.2794616699219,268.54408264160156,0.016775305629543966,-0.011815603186417278,0.03239351812191993,1
2026-05-06,281.66051049385584,287.7648717000964,280.8112868075762,287.245361328125,58336100,0.0,0.0,AAPL,0.011717924952267644,279.7442687988281,269.9732666015625,0.015464379975755083,0.026550690927708454,-0.011815603186417278,0
2026-05-07,289.00371711581823,291.8611003514943,285.5169394038565,287.1754150390625,45224300,0.0,0.0,AAPL,-0.00024350711440246364,282.9593017578125,271.3195266723633,0.015505734561915422,0.011717924952267644,0.026550690927708454,1
2026-05-08,289.7430674686918,294.4886952888782,289.7330669166447,293.0500183105469,52692800,0.0,0.0,AAPL,0.020456497888878378,285.59287719726564,272.96001586914065,0.015363529850789783,-0.00024350711440246364,0.011717924952267644,0
2026-05-11,291.9800109863281,293.8800048828125,290.2300109863281,292.67999267578125,42247300,0.27,0.0,AAPL,-0.0012626705737772692,288.8138427734375,274.6459442138672,0.01401066326512755,0.020456497888878378,-0.00024350711440246364,1
2026-05-12,292.5599975585937,295.2699890136719,292.5599975585937,294.79998779296875,45748100,0.0,0.0,AAPL,0.007243389265544797,290.9901550292969,276.45635681152345,0.01399497816019088,-0.0012626705737772692,0.020456497888878378,1
2026-05-13,293.5,300.9200134277344,293.5,298.8699951171875,52684300,0.0,0.0,AAPL,0.013805995565634221,293.31508178710936,278.0906188964844,0.013532500853286833,0.007243389265544797,-0.0012626705737772692,0
2026-05-14,299.82000732421875,300.45001220703125,295.3800048828125,298.2099914550781,35324900,0.0,0.0,AAPL,-0.00220833028705536,295.5219970703125,279.8432418823242,0.014005474455960766,0.013805995565634221,0.007243389265544797,1
2026-05-15,297.8999938964844,303.20001220703125,296.5199890136719,300.2300109863281,54862800,0.0,0.0,AAPL,0.0067738157309671365,296.95799560546874,281.3556793212891,0.011505816677948168,-0.00220833028705536,0.013805995565634221,0
2026-05-18,300.239990234375,300.6600036621094,294.9100036621094,297.8399963378906,34483000,0.0,0.0,AAPL,-0.007960612067346995,297.9899963378906,282.60774688720704,0.010847304931600006,0.0067738157309671365,-0.00220833028705536,1
2026-05-19,296.9700012207031,300.510009765625,296.3500061035156,298.9700012207031,42243600,0.0,0.0,AAPL,0.003793999787491842,298.8239990234375,284.25999603271487,0.008546721245381408,-0.007960612067346995,0.0067738157309671365,1
2026-05-20,298.17999267578125,302.79998779296875,298.0799865722656,302.25,38229800,0.0,0.0,AAPL,0.0109709963070026,299.5,285.72656707763673,0.008486595068930436,0.003793999787491842,-0.007960612067346995,1
2026-05-21,301.0599975585937,305.5400085449219,300.3999938964844,304.989990234375,42965100,0.0,0.0,AAPL,0.009065310949131433,300.8559997558594,287.31715087890626,0.008340116010929289,0.0109709963070026,0.003793999787491842,1
2026-05-22,306.1199951171875,311.3999938964844,305.8399963378906,308.82000732421875,43670200,0.0,0.0,AAPL,0.012557845216167651,302.5739990234375,289.217626953125,0.007109192987464642,0.009065310949131433,0.0109709963070026,0
2026-05-26,309.5599975585937,311.82000732421875,307.6700134277344,308.3299865722656,48000500,0.0,0.0,AAPL,-0.001586751960143129,304.6719970703125,291.2659439086914,0.007142980646007534,0.012557845216167651,0.009065310949131433,1
2026-05-27,308.3299865722656,313.260009765625,308.29998779296875,310.8500061035156,50430900,0.0,0.0,AAPL,0.008173125031610828,307.047998046875,293.2854034423828,0.00717783947751251,-0.001586751960143129,0.012557845216167651,1
2026-05-28,310.67999267578125,312.79998779296875,309.57000732421875,312.510009765625,48220400,0.0,0.0,AAPL,0.005340207912225559,309.1,295.4148376464844,0.006539008159203591,0.008173125031610828,-0.001586751960143129,0
2026-05-29,311.7799987792969,315.0,309.5299987792969,312.0599975585937,70026800,0.0,0.0,AAPL,-0.001439992937726342,310.5140014648438,297.462825012207,0.006455512629909141,0.005340207912225559,0.008173125031610828,0
2026-06-01,309.6300048828125,310.94000244140625,305.0199890136719,306.3099975585937,48849900,0.0,0.0,AAPL,-0.018425943872925732,310.0119995117187,298.78421783447266,0.009634751166946912,-0.001439992937726342,0.005340207912225559,1
2026-06-02,307.4599914550781,315.45001220703125,306.69000244140625,315.20001220703125,44534700,0.0,0.0,AAPL,0.02902293336585271,311.38600463867186,300.7154602050781,0.012138514390003451,-0.018425943872925732,-0.001439992937726342,0
2026-06-03,314.17999267578125,316.94000244140625,308.8500061035156,310.260009765625,50836700,0.0,0.0,AAPL,-0.015672595971098935,311.26800537109375,302.0325393676758,0.013917169913924743,0.02902293336585271,-0.018425943872925732,1
2026-06-04,313.2300109863281,313.5400085449219,309.6499938964844,311.2300109863281,44869100,0.0,0.0,AAPL,0.0031264139436979477,311.0120056152344,303.2317718505859,0.013687274720590656,-0.015672595971098935,0.02902293336585271,0
2026-06-05,312.8599853515625,315.1700134277344,307.1499938964844,307.3399963378906,65310500,0.0,0.0,AAPL,-0.012498841728371679,310.06800537109376,304.24000091552733,0.014312739723787916,0.0031264139436979477,-0.015672595971098935,0
2026-06-08,308.739990234375,317.3999938964844,301.1700134277344,301.5400085449219,77949100,0.0,0.0,AAPL,-0.01887156849768501,309.1140075683594,304.6645004272461,0.014897361579143285,-0.012498841728371679,0.0031264139436979477,0
2026-06-09,300.2799987792969,300.75,287.7799987792969,290.54998779296875,70108800,0.0,0.0,AAPL,-0.03644631040831148,304.1840026855469,304.5580001831055,0.018386255600479323,-0.01887156849768501,-0.012498841728371679,1
2026-06-10,290.739990234375,294.75,287.3800048828125,291.5799865722656,52793300,0.0,0.0,AAPL,0.003544996808021894,300.447998046875,304.3970001220703,0.018051509331562455,-0.03644631040831148,-0.01887156849768501,1
2026-06-11,293.7200012207031,297.0,289.5899963378906,295.6300048828125,42572500,0.0,0.0,AAPL,0.013889904990249002,297.3279968261719,304.23500061035156,0.01884551061811017,0.003544996808021894,-0.03644631040831148,0
2026-06-12,296.0299987792969,297.1400146484375,289.6199951171875,291.1300048828125,38742100,0.0,0.0,AAPL,-0.015221729613622226,294.08599853515625,303.8810012817383,0.019028638404812052,0.013889904990249002,0.003544996808021894,1
2026-06-15,294.1199951171875,297.7799987792969,291.70001220703125,296.4200134277344,45732600,0.0,0.0,AAPL,0.018170605764429082,293.06199951171874,303.6905014038086,0.020027663993379623,-0.015221729613622226,0.013889904990249002,1
2026-06-16,295.25,300.4800109863281,293.9700012207031,299.239990234375,39874400,0.0,0.0,AAPL,0.009513449426140408,294.8,303.7605010986328,0.01731823420613816,0.018170605764429082,-0.015221729613622226,0
2026-06-17,300.8500061035156,302.07000732421875,294.3599853515625,295.95001220703125,42745100,0.0,0.0,AAPL,-0.010994446379867018,295.67400512695315,303.60950164794923,0.017060569868615368,0.009513449426140408,0.018170605764429082,1
2026-06-18,298.1099853515625,300.57000732421875,295.6199951171875,298.010009765625,85962200,0.0,0.0,AAPL,0.006960626705947437,296.15000610351564,303.39750213623046,0.01729445949331527,-0.010994446379867018,0.009513449426140408,0
2026-06-22,297.3099975585937,302.4200134277344,296.760009765625,297.010009765625,44879900,0.0,0.0,AAPL,-0.0033555919842641613,297.3260070800781,302.99850311279295,0.017046609103888322,0.006960626705947437,-0.010994446379867018,0
2026-06-23,297.5400085449219,301.6400146484375,294.17999267578125,294.29998779296875,52010900,0.0,0.0,AAPL,-0.00912434558954689,296.902001953125,302.27250213623046,0.016319245920780056,-0.0033555919842641613,0.006960626705947437,0
2026-06-24,295.3599853515625,299.70001220703125,292.94000244140625,293.0799865722656,53081900,0.0,0.0,AAPL,-0.004145434153267291,295.6700012207031,301.51000213623047,0.011206974505299668,-0.00912434558954689,-0.0033555919842641613,0
2026-06-25,287.3999938964844,288.79998779296875,273.75,275.1499938964844,107013700,0.0,0.0,AAPL,-0.06117781321571136,291.50999755859374,299.7250015258789,0.02251222492899521,-0.004145434153267291,-0.00912434558954689,1
2026-06-26,275.0,285.95001220703125,274.2099914550781,283.7799987792969,261775500,0.0,0.0,AAPL,0.03136472859984596,288.66399536132815,298.2885009765625,0.024755245376092576,-0.06117781321571136,-0.004145434153267291,0
2026-06-29,286.7300109863281,288.3699951171875,279.8500061035156,281.739990234375,66427000,0.0,0.0,AAPL,-0.007188697419469814,285.6099914550781,296.7725006103516,0.024472183645306837,0.03136472859984596,-0.06117781321571136,1
2026-06-30,281.1700134277344,289.94000244140625,280.70001220703125,289.3599853515625,65100200,0.0,0.0,AAPL,0.02704619642688466,284.6219909667969,295.925,0.02546599200418613,-0.007188697419469814,0.03136472859984596,1
2026-07-01,293.44000244140625,296.5899963378906,289.20001220703125,294.3800048828125,50164200,0.0,0.0,AAPL,0.017348699838890536,284.8819946289062,294.8839996337891,0.025978730888427268,0.02704619642688466,-0.007188697419469814,1
2026-07-02,294.1199951171875,309.4200134277344,293.67999267578125,308.6300048828125,75352800,0.0,0.0,AAPL,0.0484068203126522,291.5779968261719,294.80249938964846,0.030002121846941173,0.017348699838890536,0.02704619642688466,1
2026-07-06,307.3599853515625,314.20001220703125,307.0,312.6600036621094,53590000,0.0,0.0,AAPL,0.01305770247720095,297.3539978027344,294.8739990234375,0.03011685339393975,0.0484068203126522,0.017348699838890536,0
2026-07-07,315.2900085449219,315.4800109863281,310.1499938964844,310.6600036621094,42490000,0.0,0.0,AAPL,-0.006396724801939757,303.13800048828125,295.0399993896484,0.030228253924908858,0.01305770247720095,0.0484068203126522,1
2026-07-08,311.9100036621094,314.82000732421875,307.04998779296875,313.3900146484375,41323500,0.0,0.0,AAPL,0.008787777487112347,307.9440063476562,295.6324996948242,0.029831730738550975,-0.006396724801939757,0.01305770247720095,1
2026-07-09,310.510009765625,316.5299987792969,308.1600036621094,316.2200012207031,48124500,0.0,0.0,AAPL,0.009030238488741738,312.3120056152344,296.91600036621094,0.02958896955122604,0.008787777487112347,-0.006396724801939757,0
2026-07-10,314.7200012207031,316.9100036621094,312.1700134277344,315.32000732421875,34132300,0.0,0.0,AAPL,-0.0028461004775477416,313.65000610351564,298.1030014038086,0.017851608029764175,0.009030238488741738,0.008787777487112347,1
2026-07-13,317.0199890136719,323.45001220703125,315.7799987792969,317.3099975585937,43257800,0.0,0.0,AAPL,0.0063110179758709695,314.5800048828125,299.18700103759767,0.01685221801045296,-0.0028461004775477416,0.009030238488741738,0
2026-07-14,313.760009765625,316.19000244140625,311.9100036621094,314.8599853515625,36336800,0.0,0.0,AAPL,-0.0077211944971219415,315.4200012207031,300.37350006103514,0.016918038145107176,0.0063110179758709695,-0.0028461004775477416,1
2026-07-15,317.6199951171875,328.7300109863281,317.32000732421875,327.5,60957600,0.0,0.0,AAPL,0.040144874663333496,318.24199829101565,301.92749938964846,0.018687020685145005,-0.0077211944971219415,0.0063110179758709695,1
2026-07-16,328.010009765625,334.67999267578125,326.7900085449219,333.260009765625,62970600,0.0,0.0,AAPL,0.017587816078244334,321.65,303.6285003662109,0.01869390641241759,0.040144874663333496,-0.0077211944971219415,1
2026-07-17,331.9800109863281,334.989990234375,329.0,333.739990234375,63407100,0.0,0.0,AAPL,0.0014402582208634662,325.33399658203126,305.51799926757815,0.014025323964657973,0.017587816078244334,0.040144874663333496,0
2026-07-20,333.510009765625,333.7099914550781,323.67999267578125,326.5899963378906,53468000,0.0,0.0,AAPL,-0.021423845225929217,327.18999633789065,306.9469985961914,0.01662496226952122,0.0014402582208634662,0.017587816078244334,1
2026-07-21,323.3450012207031,329.6000061035156,322.22039794921875,327.739990234375,40800631,0.0,0.0,AAPL,0.0035212159263280363,329.7659973144531,308.4834976196289,0.016193474477510923,-0.021423845225929217,0.0014402582208634662,0
2024-07-22,434.9543474054432,437.72086686190295,432.1189038234256,436.0865478515625,15808800,0.0,0.0,MSFT,,,,,,,1
2024-07-23,437.0317583747776,441.4523073528047,436.2441483800791,437.9670715332031,13107100,0.0,0.0,MSFT,0.0043122717059382865,,,,,,0
2024-07-24,433.6351347306288,434.6491968195245,420.9740958851319,422.2638244628906,26805800,0.0,0.0,MSFT,-0.03585485779864617,,,,0.0043122717059382865,,0
2024-07-25,422.1653487650477,423.14987619224735,411.05005574464656,411.92626953125,29943800,0.0,0.0,MSFT,-0.02448127055352123,,,,-0.03585485779864617,0.0043122717059382865,1
2024-07-26,411.7293557750341,422.28349032231534,410.8137224917234,418.68994140625,23583800,0.0,0.0,MSFT,0.016419617721143975,425.38673095703126,,,-0.02448127055352123,-0.03585485779864617,1
2024-07-29,424.9022832711689,425.4634710488169,418.1287606158368,420.1273498535156,15125800,0.0,0.0,MSFT,0.003433109576116866,422.19489135742185,,,0.016419617721143975,-0.02448127055352123,0
2024-07-30,421.1020931567628,422.4115014796213,410.90237288373,416.3763732910156,32687600,0.0,0.0,MSFT,-0.008928189425915334,417.8767517089844,,,0.003433109576116866,0.016419617721143975,0
2024-07-31,413.9937725831716,415.2539664560443,405.8320320070505,411.8770446777344,42891400,0.0,0.0,MSFT,-0.010805917198708492,415.7993957519531,,,-0.008928189425915334,0.003433109576116866,0
2024-08-01,414.27933402476685,420.8461156067044,406.6984602769746,410.65625,30296400,0.0,0.0,MSFT,-0.0029639784336356056,415.54539184570314,,,-0.010805917198708492,-0.008928189425915334,0
2024-08-02,406.1076649473114,408.57883813707474,398.08377329176966,402.1695556640625,29437900,0.0,0.0,MSFT,-0.020666175994977554,412.24131469726564,,,-0.0029639784336356056,-0.010805917198708492,0
2024-08-05,383.1485558976655,394.83489176821496,379.6140759587015,389.0360107421875,40709200,0.0,0.0,MSFT,-0.03265673578943307,406.023046875,,0.01707825354144664,-0.020666175994977554,-0.0029639784336356056,1
2024-08-06,393.81095153508136,399.3932349930632,392.3341604668248,393.4269714355469,24946500,0.0,0.0,MSFT,0.011286771846602317,401.43316650390625,,0.0179053954079788,-0.03265673578943307,-0.020666175994977554,0
2024-08-07,402.3173055349637,403.7349973998657,391.32012086399686,392.2652587890625,20650900,0.0,0.0,MSFT,-0.0029528037751084257,397.51080932617185,,0.015608749584171983,0.011286771846602317,-0.03265673578943307,1
2024-08-08,396.2132187300544,399.5802856931157,393.7519001712231,396.4593505859375,20203000,0.0,0.0,MSFT,0.010691978713134986,394.6714294433594,,0.015248615073284765,-0.0029528037751084257,0.011286771846602317,1
2024-08-09,397.7785931119872,401.73638233312255,396.0359904789914,399.73779296875,19276700,0.0,0.0,MSFT,0.008269302711531923,394.18507690429686,,0.014237168829401405,0.010691978713134986,-0.0029528037751084257,1
2024-08-12,400.7616957993417,402.4354042920839,397.98532149531104,400.51556396484375,16762900,0.0,0.0,MSFT,0.0019457029327085706,396.4809875488281,,0.014152256801250688,0.008269302711531923,0.010691978713134986,1
2024-08-13,403.2525628062739,408.5296451452922,403.232883075169,407.6041870117188,19414300,0.0,0.0,MSFT,0.017698745528643922,399.3164306640625,,0.015685566094795145,0.0019457029327085706,0.008269302711531923,1
2024-08-14,408.3820014539116,411.25683501944593,406.06838582856113,410.4101257324219,18267000,0.0,0.0,MSFT,0.006883979139847174,402.9454040527344,,0.015581193136171196,0.017698745528643922,0.0019457029327085706,1
2024-08-15,414.0495331175792,415.3415862221362,411.9388626649199,415.2626953125,20752100,0.75,0.0,MSFT,0.011823708227028273,406.70607299804686,,0.01599095091706169,0.006883979139847174,0.017698745528643922,0
2024-08-16,414.8385903403338,415.5684441235936,411.5837759699612,412.7377624511719,22775600,0.0,0.0,MSFT,-0.006080326718074236,409.3060668945312,410.27979736328126,0.014352881480822784,0.011823708227028273,0.006883979139847174,1
2024-08-19,413.22105614207504,415.9728470077707,410.75530126947416,415.755859375,15234000,0.0,0.0,MSFT,0.007312383790385901,412.3541259765625,409.2632629394531,0.007197113552448116,-0.006080326718074236,0.011823708227028273,1
2024-08-20,415.9235366750767,420.0265262237166,415.86436096713305,418.9810485839844,16387600,0.0,0.0,MSFT,0.007757411317865115,414.62949829101564,408.3139617919922,0.007031159990281127,0.007312383790385901,-0.006080326718074236,0
2024-08-21,418.27087232284174,420.5590998224222,415.9432144212139,418.330078125,16067300,0.0,0.0,MSFT,-0.0015536990543711937,416.21348876953124,408.11727447509764,0.0068370510112633915,0.007757411317865115,0.007312383790385901,0
2024-08-22,418.54707521874735,420.9438117994872,408.9306313403218,409.8577575683594,19361900,0.0,0.0,MSFT,-0.020252716693512585,415.13250122070315,408.01384887695315,0.010653809320943466,-0.0015536990543711937,0.007757411317865115,1
2024-08-23,411.2682103309817,413.51697764071497,406.4451792024677,411.080810546875,18493800,0.0,0.0,MSFT,0.0029840913241996336,414.8011108398438,407.6333923339844,0.010514517696585065,-0.020252716693512585,-0.0015536990543711937,0
2024-08-26,410.6665432369522,411.5640816346128,405.7054455704439,407.8259887695313,13152800,0.0,0.0,MSFT,-0.007917717621052867,413.21513671875,407.01832427978513,0.011057581901370721,0.0029840913241996336,-0.020252716693512585,1
2024-08-27,407.2045559563185,408.6840086899476,404.63032264758425,408.171142578125,13492900,0.0,0.0,MSFT,0.0008463261736582073,411.05315551757815,406.6080627441406,0.00955905969988584,-0.007917717621052867,0.0029840913241996336,0
2024-08-28,409.1969570716752,409.3153084895278,401.7306441001557,404.9755859375,14882700,0.0,0.0,MSFT,-0.007828962675903384,408.38225708007815,406.2629898071289,0.009544886964183793,0.0008463261736582073,-0.007917717621052867,1
2024-08-29,409.2561057035253,416.268697643249,404.9755591436319,407.4610290527344,17045200,0.0,0.0,MSFT,0.006137266545292341,407.9029113769531,406.1032287597656,0.008818505674424503,-0.007828962675903384,0.0008463261736582073,1
2024-08-30,409.9070814975428,411.7711764633265,406.4846126518204,411.4259948730469,24308300,0.0,0.0,MSFT,0.009730908081026168,407.9719482421875,406.56605072021483,0.00937739617742125,0.006137266545292341,-0.007828962675903384,0
2024-09-03,412.1853985449122,414.1284143405953,401.4544298925835,403.8314208984375,20313600,0.0,0.0,MSFT,-0.0184591495657751,407.17303466796875,407.30582122802736,0.010529951151340526,0.009730908081026168,0.006137266545292341,0
2024-09-04,400.3497951691964,405.60677088600426,398.8308818633999,403.298828125,15135800,0.0,0.0,MSFT,-0.0013188492669852225,406.1985717773438,407.7994140625,0.009884927609533283,-0.0184591495657751,0.009730908081026168,0
2024-09-05,402.0363656944642,407.4413108082968,400.56678553175374,402.79583740234375,14195500,0.0,0.0,MSFT,-0.001247191133668113,405.7626220703125,408.32594299316406,0.00989301205064117,-0.0013188492669852225,-0.0184591495657751,0
2024-09-06,403.4566777506577,405.0248942566708,395.3098139211049,396.197509765625,19609500,0.0,0.0,MSFT,-0.016381320321659176,403.5099182128906,408.31285095214844,0.009228110930603694,-0.001247191133668113,-0.0013188492669852225,1
2024-09-09,401.6615826272171,403.0522719406784,396.6413094868822,400.1624145507813,15295100,0.0,0.0,MSFT,0.010007394512655532,401.25720214843756,408.33408203125,0.009998472688191254,-0.016381320321659176,-0.001247191133668113,1
2024-09-10,402.6084940695935,410.6271041580992,402.11534306269766,408.52630615234375,19594300,0.0,0.0,MSFT,0.02090124233919277,402.19617919921876,408.734619140625,0.01221650989701632,0.010007394512655532,-0.016381320321659176,1
2024-09-11,409.8084532189213,418.1821469994098,403.9695325309428,417.24517822265625,19266900,0.0,0.0,MSFT,0.02134225370314624,404.98544921875,409.2166687011719,0.013929057424844753,0.02090124233919277,0.010007394512655532,1
2024-09-12,417.5114530210778,421.5158363092752,414.0002206806835,421.1509094238281,17395700,0.0,0.0,MSFT,0.0093607581465871,408.6564636230469,409.7537078857422,0.013598520101989859,0.02134225370314624,0.02090124233919277,1
2024-09-13,419.9969351521576,425.914746697553,419.6320082561189,424.6917419433594,15874600,0.0,0.0,MSFT,0.008407514836844099,414.3553100585938,410.2251602172852,0.013656855539081907,0.0093607581465871,0.02134225370314624,1
2024-09-16,424.7016342113202,427.5914917589124,422.3542307072933,425.4314880371094,13834700,0.0,0.0,MSFT,0.0017418424252022557,419.40912475585935,410.859846496582,0.01353269847936739,0.008407514836844099,0.0093607581465871,1
2024-09-17,434.1997005769437,435.7975048548551,426.3487157034463,429.1892700195313,18874200,0.0,0.0,MSFT,0.00883287224403606,423.5417175292969,411.5315170288086,0.011172777472718415,0.0017418424252022557,0.008407514836844099,0
2024-09-18,429.04132931995406,430.05721907964937,424.5142071811442,424.9087219238281,18898000,0.0,0.0,MSFT,-0.00997356736226973,425.0744262695313,411.8279006958008,0.01211256245108141,0.00883287224403606,0.0017418424252022557,1
2024-09-19,435.1860320995677,435.4523227974912,430.9153276838819,432.6808166503906,21706600,0.0,0.0,MSFT,0.018291210148319248,427.3804077148437,412.5454376220703,0.0125086214022128,-0.00997356736226973,0.00883287224403606,0
2024-09-20,431.2309485866615,433.2232677304983,428.2720426762547,429.3076477050781,55167100,0.0,0.0,MSFT,-0.007795975267463784,428.3035888671875,413.51793212890624,0.010897042842753685,0.018291210148319248,-0.00997356736226973,0
2024-09-23,428.3311884542686,430.4813193750194,424.4944897103184,427.5717468261719,15128900,0.0,0.0,MSFT,-0.004043489297676728,428.731640625,414.3424789428711,0.011513846896849813,-0.007795975267463784,0.018291210148319248,0
2024-09-24,427.0686909653906,427.4139026246477,420.26321438100086,423.2911682128906,17015800,0.0,0.0,MSFT,-0.01001136919138279,427.55202026367186,415.11573791503906,0.01142878154351542,-0.004043489297676728,-0.007795975267463784,1
2024-09-25,423.94215074360574,427.1870925626301,422.6994307636224,426.19091796875,13396400,0.0,0.0,MSFT,0.0068504848993233836,427.80845947265624,416.0167266845703,0.009722660091184164,-0.01001136919138279,-0.004043489297676728,0
2024-09-26,429.1300445336721,429.33715948282713,423.25169426116497,425.4018249511719,14492000,0.0,0.0,MSFT,-0.0018515012505170292,426.3526611328125,417.0380386352539,0.00944325744235056,0.0068504848993233836,-0.01001136919138279,0
2024-09-27,425.6090087464783,425.9345052473445,421.61449786891575,422.1569519042969,14896100,0.0,0.0,MSFT,-0.007627783560278489,424.9225219726562,417.77283477783203,0.009415513956716911,-0.0018515012505170292,0.0068504848993233836,1
2024-09-30,422.34436366886086,424.5241127227398,419.5432696493765,424.4057312011719,16807300,0.0,0.0,MSFT,0.005326879698962728,424.28931884765626,418.4218215942383,0.009579663815639242,-0.007627783560278489,-0.0018515012505170292,0
2024-10-01,422.5810808985996,422.6106687530044,413.07311568923785,414.9273681640625,19092900,0.0,0.0,MSFT,-0.022333258814114743,422.61655883789064,418.9766189575195,0.011240162443543473,0.005326879698962728,-0.007627783560278489,0
2024-10-02,416.7914343529988,417.0281672714042,411.0018471451832,411.4161071777344,16582300,0.0,0.0,MSFT,-0.008462350897373905,419.6615966796875,419.3824829101562,0.011150521375184692,-0.022333258814114743,0.005326879698962728,0
2024-10-03,411.90926344701154,413.8029462214933,408.61501874387466,410.8341979980469,13686400,0.0,0.0,MSFT,-0.0014144054390075045,416.7480712890625,419.7844009399414,0.008318943898753765,-0.008462350897373905,-0.022333258814114743,0
2024-10-04,412.5109097932594,414.00023534021534,409.28571331626097,410.36077880859375,19169700,0.0,0.0,MSFT,-0.001152336372580609,414.3888366699219,420.49256439208983,0.008348169735655957,-0.0014144054390075045,-0.008462350897373905,0
2024-10-07,410.3015860064157,411.3963666559109,403.3974727803463,403.9300842285156,20919800,0.0,0.0,MSFT,-0.015670831405351304,410.2937072753906,420.6809478759766,0.009061151257659172,-0.001152336372580609,-0.0014144054390075045,1
2024-10-08,405.2714886364785,409.9662958214234,402.5789034212119,409.029296875,19229300,0.0,0.0,MSFT,0.012623998175881335,409.1140930175781,420.7060974121094,0.010551074776845576,-0.015670831405351304,-0.001152336372580609,1
2024-10-09,410.1635185105957,414.62162263212304,408.6248898614367,411.7416076660156,14974300,0.0,0.0,MSFT,0.006631091737774764,409.1791931152344,420.43091888427733,0.010527661100816267,0.012623998175881335,-0.015670831405351304,0
2024-10-10,409.5421386142519,411.63309377445904,407.49061385739407,410.1437683105469,13848400,0.0,0.0,MSFT,-0.0038806846957396557,409.0411071777344,419.8805618286133,0.010514194065099026,0.006631091737774764,0.012623998175881335,1
2024-10-11,410.4397214022164,411.4161507329335,407.5892942253079,410.61724853515625,14144900,0.0,0.0,MSFT,0.0011544250118920019,409.0924011230469,419.1768371582031,0.010506783378278973,-0.0038806846957396557,0.006631091737774764,1
2024-10-14,412.047300792356,418.2314324717677,411.8007253371844,413.3985595703125,16653100,0.0,0.0,MSFT,0.006773488072111755,410.98609619140626,418.57519073486327,0.010638978284175775,0.0011544250118920019,-0.0038806846957396557,0
2024-10-15,416.3969398711013,416.69284850861214,409.57174739931537,413.0040588378906,18900200,0.0,0.0,MSFT,-0.0009542866642591186,411.7810485839844,417.76593017578125,0.008063227826164874,0.006773488072111755,0.0011544250118920019,0
2024-10-16,409.4829836231505,410.65665522282575,404.85722518493617,410.4199523925781,15508900,0.0,0.0,MSFT,-0.006256854842016879,411.5167175292969,417.04149169921874,0.007846519622288597,-0.0009542866642591186,0.006773488072111755,1
2024-10-17,416.57447660649984,416.7125733271007,409.8972232496161,411.0117492675781,14820000,0.0,0.0,MSFT,0.0014419300805188495,411.6903137207031,415.9580383300781,0.007849980549623931,-0.006256854842016879,-0.0009542866642591186,1
2024-10-18,411.4260201751563,413.90161766396704,410.5580696214905,412.4320373535156,17145300,0.0,0.0,MSFT,0.003455589988530683,412.053271484375,415.1142578125,0.007905240222412813,0.0014419300805188495,-0.006256854842016879,1
2024-10-21,410.4199513395574,413.2210451886365,408.0824205982212,413.0435180664063,14206100,0.0,0.0,MSFT,0.001482621759488989,411.9822631835938,414.3878463745117,0.0054913120304983035,0.003455589988530683,0.0014419300805188495,1
2024-10-22,412.75746835174544,424.68185459098345,412.31365056093216,421.6539306640625,25482200,0.0,0.0,MSFT,0.020846260069554923,413.7122375488281,414.3059844970703,0.007474982176566374,0.001482621759488989,0.003455589988530683,0
2024-10-23,424.95801224079617,425.1749998576998,416.7421308498749,418.7837829589844,19654400,0.0,0.0,MSFT,-0.006806879994117332,415.3850036621094,413.93562774658204,0.007955951298120469,0.020846260069554923,0.001482621759488989,1
2024-10-24,419.5037748840412,420.144895200207,416.6139175340375,418.9120178222656,13581600,0.0,0.0,MSFT,0.00030620780579226903,416.9650573730469,413.6111373901367,0.0077352441342364905,-0.006806879994117332,0.020846260069554923,1
2024-10-25,420.914242666979,426.5953216047658,420.7268428827928,422.2851867675781,16899100,0.0,0.0,MSFT,0.008052213356990912,418.93568725585936,413.61754913330077,0.007941958502403347,0.00030620780579226903,-0.006806879994117332,0
2024-10-28,425.7470788183642,426.0232421444704,420.46048501920137,420.74652099609375,14882400,0.0,0.0,MSFT,-0.003643665038933097,420.4762878417969,413.43458862304686,0.008050271336399505,0.008052213356990912,0.00030620780579226903,1
2024-10-29,422.1372373224,427.2364316805858,419.9673609785876,426.03314208984375,17644100,0.0,0.0,MSFT,0.012564859909558468,421.3521301269531,413.98987731933596,0.008650555694855896,-0.003643665038933097,0.008052213356990912,1
2024-10-30,431.4478786962363,432.4933562372157,426.1810304899221,426.6051330566406,29749100,0.0,0.0,MSFT,0.0013425973481571152,422.91640014648436,414.74932861328125,0.008045560313391173,0.012564859909558468,-0.003643665038933097,0
2024-10-31,409.6703738017444,410.4594334413064,400.7344803180944,400.7838134765625,53971000,0.0,0.0,MSFT,-0.060527446997806766,419.29075927734374,414.246809387207,0.021969499256205557,0.0013425973481571152,0.012564859909558468,1
2024-11-01,403.40736208449033,409.8084519793405,401.9180365381017,404.7487182617188,24230400,0.0,0.0,MSFT,0.00989287653800952,415.78346557617186,413.9662063598633,0.022249175955666802,-0.060527446997806766,0.0013425973481571152,0
2024-11-04,404.1865091063775,404.7980415718176,400.01447130701087,402.8648681640625,19672300,0.0,0.0,MSFT,-0.0046543695202961866,412.20713500976564,413.91294555664064,0.022237833041021646,0.00989287653800952,-0.060527446997806766,1
2024-11-05,402.7761220934701,409.21667261639857,402.4900861003897,405.8237915039063,17626000,0.0,0.0,MSFT,0.0073447043256171796,408.1652648925782,413.75267028808594,0.02105743207714443,-0.0046543695202961866,0.00989287653800952,1
2024-11-06,406.770664244806,414.6906677145501,404.8966664565658,414.4243469238281,26681800,0.0,0.0,MSFT,0.021192831962980163,405.7291076660157,413.8868072509766,0.022404024705151376,0.0073447043256171796,-0.0046543695202961866,1
2024-11-07,415.5092700597973,421.0029789570154,414.1284533970031,419.6024169921875,19901800,0.0,0.0,MSFT,0.01249460874293451,409.4928283691407,414.35973968505857,0.022799719895301555,0.021192831962980163,0.0073447043256171796,0
2024-11-08,419.4939322441371,420.6577612647772,416.0024150826717,416.75201416015625,16891400,0.0,0.0,MSFT,-0.006793103939828682,411.89348754882815,414.6664779663086,0.022729733039228817,0.01249460874293451,0.021192831962980163,0
2024-11-11,416.7323203125478,418.9909603752076,410.3016419524007,412.28411865234375,24503300,0.0,0.0,MSFT,-0.010720753244147452,413.7773376464844,414.61075592041016,0.022927784619715768,-0.006793103939828682,0.01249460874293451,1
2024-11-12,412.5207686609151,418.6259798148705,411.485163708279,417.23529052734375,19401200,0.0,0.0,MSFT,0.012009125869762327,416.05963745117185,414.8223175048828,0.022889776579170427,-0.010720753244147452,-0.006793103939828682,1
2024-11-13,415.8643474786666,423.4489813965326,412.4813090867046,419.3755798339844,21502200,0.0,0.0,MSFT,0.005129693856757767,417.0498840332031,415.2700988769531,0.022979470742150673,0.012009125869762327,-0.010720753244147452,1
2024-11-14,419.1783552177629,422.30494584048273,414.2468451563775,421.04248046875,30246900,0.0,0.0,MSFT,0.003974720310194302,417.3378967285156,415.7716354370117,0.00987384459293211,0.005129693856757767,0.012009125869762327,0
2024-11-15,414.0692902211144,417.0084507566798,407.9739514183208,409.3153076171875,28247600,0.0,0.0,MSFT,-0.027852707020219247,415.8505554199219,415.6157989501953,0.01410021125285029,0.003974720310194302,0.005129693856757767,1
2024-11-18,409.1870572477352,412.6687016895816,406.45501186857297,410.06488037109375,24727000,0.0,0.0,MSFT,0.0018312844400318884,415.4067077636719,415.4668670654297,0.013948716804385268,-0.027852707020219247,0.003974720310194302,1
2024-11-19,407.4511618868994,412.2150169012381,405.912533336808,412.0670776367188,18133500,0.0,0.0,MSFT,0.004882635313253614,414.37306518554686,414.9875244140625,0.013862633998675596,0.0018312844400318884,-0.027852707020219247,0
2024-11-20,411.1596854793811,411.57394553855335,404.9558378403451,409.798583984375,19191700,0.0,0.0,MSFT,-0.005505156260854571,412.457666015625,414.538264465332,0.012136591010414232,0.004882635313253614,0.0018312844400318884,0
2024-11-21,414.5818472703372,414.85856338751086,405.47983232208855,408.0295715332031,20780200,0.83,0.0,MSFT,-0.004316785172784554,409.85508422851564,413.99414215087893,0.011177645306472266,-0.005505156260854571,0.004882635313253614,1
2024-11-22,406.5471154925831,412.5064188915794,406.2407523286384,412.1111145019531,24814600,0.0,0.0,MSFT,0.01000305677211899,410.41424560546875,413.48543853759764,0.01174768855855821,-0.004316785172784554,-0.005505156260854571,1
2024-11-25,413.474991137145,416.1433187151558,409.9863774439722,413.8801879882813,27691100,0.0,0.0,MSFT,0.0042927099611622666,411.17730712890625,413.14212188720705,0.011327200213145506,0.01000305677211899,-0.004316785172784554,1
2024-11-26,414.67080652096905,424.0100286609721,413.9394917851935,422.9723205566406,23458900,0.0,0.0,MSFT,0.02196803044028961,413.3583557128906,412.98908081054685,0.01279907057550047,0.0042927099611622666,0.01000305677211899,0
2024-11-27,420.1260855658935,422.22125646736464,417.0723156931925,418.0309448242188,18332400,0.0,0.0,MSFT,-0.01168250377688751,415.00482788085935,412.5603713989258,0.013352870244860239,0.02196803044028961,0.0042927099611622666,1
2024-11-29,415.1649364652311,419.8987878079345,412.9017755703151,418.4954223632813,16271900,0.0,0.0,MSFT,0.0011111080287555808,417.097998046875,413.4459518432617,0.01328295144446552,-0.01168250377688751,0.02196803044028961,1
2024-12-02,416.62759418862754,427.9235836266096,416.3706327320821,425.9272766113281,20207200,0.0,0.0,MSFT,0.017758507861516115,419.86123046875,414.5048797607422,0.010368452011224142,0.0011111080287555808,-0.01168250377688751,1
2024-12-03,424.800612603748,427.3997836787713,422.725226676786,426.1446838378906,18302000,0.0,0.0,MSFT,0.0005104327393450347,422.3141296386719,415.6688705444336,0.010407972597336956,0.017758507861516115,0.0011111080287555808,1
2024-12-04,427.953201459916,434.5153692878957,427.5578970490266,432.291748046875,26009400,0.0,0.0,MSFT,0.01442482903605291,424.1780151367187,416.99226837158204,0.010932073586371537,0.0005104327393450347,0.017758507861516115,1
2024-12-05,432.7859365018672,439.4469085884485,431.0564531129943,437.4308166503906,21697800,0.0,0.0,MSFT,0.01188796368825984,428.0579895019531,418.14259185791013,0.01047441472715195,0.01442482903605291,0.0005104327393450347,1
2024-12-06,437.1145294101148,440.8699968788184,436.5907442566123,438.3696594238281,18821000,0.0,0.0,MSFT,0.0021462657355204584,432.0328369140625,419.08095397949216,0.009910476235573963,0.01188796368825984,0.01442482903605291,1
2024-12-09,437.411036478858,443.0738395996816,435.3356505012629,440.7909240722656,19144400,0.0,0.0,MSFT,0.005523339940131544,435.00556640625,420.2828994750977,0.009872980993987944,0.0021462657355204584,0.01188796368825984,0
2024-12-10,439.1800773312265,444.3487425824553,436.42277827381423,438.1324768066406,18469500,0.0,0.0,MSFT,-0.006031084399526265,437.403125,421.5753173828125,0.010671100432404608,0.005523339940131544,0.0021462657355204584,1
2024-12-11,438.8439878969325,445.0701453909691,438.8439878969325,443.72607421875,19200200,0.0,0.0,MSFT,0.012766908887646755,439.689990234375,422.8998565673828,0.009444651617940399,-0.006031084399526265,0.005523339940131544,1
2024-12-12,443.8446618873549,450.8120264425983,443.8446618873549,444.2893981933594,20834800,0.0,0.0,MSFT,0.0012695309276138378,441.06170654296875,424.1455474853516,0.00764309238487838,0.012766908887646755,-0.006031084399526265,0
2024-12-13,443.1825414368637,446.13747735633456,440.3560560775405,442.0262451171875,20177800,0.0,0.0,MSFT,-0.005093871439144526,441.79302368164065,425.1947357177734,0.00831846493473673,0.0012695309276138378,0.012766908887646755,1
2024-12-16,442.02629379074256,446.87873364714176,440.0596337652838,446.295654296875,23598800,0.0,0.0,MSFT,0.009658723270052905,442.8939697265625,427.0437530517578,0.007329535450232536,-0.005093871439144526,0.0012695309276138378,1
2024-12-17,445.72242348242105,449.95224407864544,444.2993034538041,449.1319580078125,22733500,0.0,0.0,MSFT,0.006355212477715089,445.0938659667969,428.9971069335937,0.007189469379628744,0.009658723270052905,-0.005093871439144526,0
2024-12-18,446.0287948744165,447.3431888706938,431.8964279723808,432.2621154785156,24444500,0.0,0.0,MSFT,-0.037560993441939416,442.80107421875,430.0068588256836,0.014711248453487286,0.006355212477715089,0.009658723270052905,0
2024-12-19,436.44249480171817,437.9842031344139,431.2046434354816,431.90631103515625,22963700,0.0,0.0,MSFT,-0.0008231219684045055,440.3244567871094,431.1122451782227,0.014115901482345612,-0.037560993441939416,0.006355212477715089,0
2024-12-20,428.03227991601136,438.5376604876813,423.6048219518138,431.48138427734375,64263700,0.0,0.0,MSFT,-0.0009838401221645698,438.2154846191406,432.2848358154297,0.0140686001060851,-0.0008231219684045055,-0.037560993441939416,0
2024-12-23,431.619738686297,432.5190736490341,427.755575118412,430.147216796875,19152500,0.0,0.0,MSFT,-0.00309206266848161,434.9857971191406,433.18664093017577,0.013853413762780663,-0.0009838401221645698,-0.0008231219684045055,1
2024-12-24,429.55422661934296,434.44620567192754,429.0996280307953,434.1793518066406,7164500,0.0,0.0,MSFT,0.009373848887809233,431.9952758789062,434.20159912109375,0.014249862793955842,-0.00309206266848161,-0.0009838401221645698,0
2024-12-26,433.9322924323696,435.7705018127553,431.5110338839644,432.9736633300781,8194200,0.0,0.0,MSFT,-0.0027769364700223065,432.13758544921876,434.7016662597656,0.013428040131172636,0.009373848887809233,-0.00309206266848161,0
2024-12-27,429.5048352492743,430.117561657289,421.351556737901,425.4825439453125,18117700,0.0,0.0,MSFT,-0.01730155900742336,430.85283203125,435.0742462158203,0.014134769873392801,-0.0027769364700223065,0.009373848887809233,0
2024-12-30,421.0649558192297,422.5374777077036,416.9537232035626,419.849365234375,13158700,0.0,0.0,MSFT,-0.013239506041078708,428.52642822265625,435.141943359375,0.014422226350494732,-0.01730155900742336,-0.0027769364700223065,0
2024-12-31,421.1044562623139,421.727075036825,415.72823181420273,416.5583801269531,13246500,0.0,0.0,MSFT,-0.007838490134633669,425.80866088867185,434.6734985351562,0.01347097093539091,-0.013239506041078708,-0.01730155900742336,0
2025-01-02,420.5411695836378,421.0748471756245,409.98638702094667,413.6726379394531,16896500,0.0,0.0,MSFT,-0.006927581643227376,421.7073181152344,434.0498962402344,0.012661472272501705,-0.007838490134633669,-0.013239506041078708,1
2025-01-03,416.1433125624827,419.0587393010629,414.62138898974536,418.38671875,16662900,0.0,0.0,MSFT,0.01139567952579168,418.78992919921876,433.3546447753906,0.008925236542758626,-0.006927581643227376,-0.007838490134633669,1
2025-01-06,422.982189246928,429.2281017096726,420.4917442238413,422.8339538574219,20573600,0.0,0.0,MSFT,0.010629484417451707,418.2602111816406,432.6248016357422,0.009943823782066099,0.01139567952579168,-0.006927581643227376,0
2025-01-07,423.9704579117962,425.6011074871905,415.8665816173968,417.4181823730469,18139100,0.0,0.0,MSFT,-0.012808270090346574,417.773974609375,431.5772277832031,0.010487672649219215,0.010629484417451707,0.01139567952579168,1
2025-01-08,418.4954097350683,421.9642686702226,416.5979364179098,419.58251953125,15054600,0.0,0.0,MSFT,0.005185057215042033,418.37880249023436,430.51680755615234,0.010823518810796927,-0.012808270090346574,0.010629484417451707,0
2025-01-10,419.651700779007,419.73074959963856,410.15435142162687,414.0382995605469,20201100,0.0,0.0,MSFT,-0.013213658130698636,418.4519348144531,429.31209869384764,0.010436243188382629,0.005185057215042033,-0.012808270090346574,0
2025-01-13,410.3717691669062,413.5935589908242,407.456372689251,412.2989196777344,17604800,0.0,0.0,MSFT,-0.004201012043230423,417.234375,427.74074096679686,0.010416942646100755,-0.013213658130698636,0.005185057215042033,0
2025-01-14,412.9116481684101,414.8190138642203,405.9047740139068,410.7967529296875,16935900,0.0,0.0,MSFT,-0.003643392394093614,414.8269348144531,426.0661087036133,0.009450938742126488,-0.004201012043230423,-0.013213658130698636,1
2025-01-15,414.2162260584316,423.13046690209615,413.3662928073742,421.3120422363281,19637800,0.0,0.0,MSFT,0.025597303853179376,415.6057067871094,425.0303985595703,0.012482074879914599,-0.003643392394093614,-0.004201012043230423,0
2025-01-16,423.6739873785901,424.45470380326,419.4145196873236,419.6022644042969,15300000,0.0,0.0,MSFT,-0.004058222079188045,415.6096557617187,423.6957290649414,0.012259514767353716,0.025597303853179376,-0.003643392394093614,1
2025-01-17,429.0007970548674,429.386239236107,423.1502190446997,424.0001220703125,26197500,0.0,0.0,MSFT,0.010481015092373758,417.6020202636719,422.4391372680664,0.012276975995659892,-0.004058222079188045,0.025597303853179376,0
2025-01-21,425.1563998310193,425.8481750206776,420.61032363697626,423.476318359375,26085700,0.0,0.0,MSFT,-0.0012353857550320146,419.8375,421.9998474121094,0.011908458116757456,0.010481015092373758,-0.004058222079188045,1
2025-01-22,432.430120920086,442.0262741390286,430.888412499157,440.9688415527344,27803800,0.0,0.0,MSFT,0.04130696909127907,425.8719177246094,422.4529739379883,0.01731200139353527,-0.0012353857550320146,0.010481015092373758,1
2025-01-23,436.81806704057095,441.5123788470024,436.3239289556834,441.4728393554688,18389300,0.0,0.0,MSFT,0.0011429329132637278,429.9040771484375,422.95254669189455,0.016309553992154176,0.04130696909127907,-0.0012353857550320146,0
2025-01-24,439.9410527624692,441.4135747027248,436.225124464603,438.85394287109375,15549500,0.0,0.0,MSFT,-0.005932180308529378,433.75441284179686,423.3878829956055,0.016724902040330402,0.0011429329132637278,0.04130696909127907,0
2025-01-27,419.0389699284215,430.0977821935737,418.5349394529168,429.46527099609375,35647800,0.0,0.0,MSFT,-0.021393614042924947,434.8474426269531,423.1521789550781,0.017856064357420737,-0.005932180308529378,0.0011429329132637278,1
2025-01-28,429.5048368170429,443.1232814648123,426.3225862891417,441.9571228027344,23491700,0.0,0.0,MSFT,0.02908698945008359,438.543603515625,423.6013519287109,0.01924615113492297,-0.021393614042924947,-0.005932180308529378,0
2025-01-29,441.45306462654537,441.6408395030523,435.236799356433,437.1441650390625,23581400,0.0,0.0,MSFT,-0.010890101132774666,437.77866821289064,424.18443298339844,0.01982482044871871,0.02908698945008359,-0.021393614042924947,0
2025-01-30,413.8604081236296,417.90245411076046,408.3161931892364,410.1247253417969,54586300,0.0,0.0,MSFT,-0.06180899085053826,431.50904541015626,423.69820098876954,0.028005958428554335,-0.010890101132774666,0.02908698945008359,1
2025-01-31,414.06796458574274,415.7579084081136,410.0456732964256,410.1939086914063,34161900,0.0,0.0,MSFT,0.00016868856066110105,425.77703857421875,423.3799774169922,0.028008875339186497,-0.06180899085053826,-0.010890101132774666,0
2025-02-03,406.77449861931177,410.5398286087579,403.8689641166184,406.10247802734375,25679100,0.0,0.0,MSFT,-0.009974381816431621,421.10447998046874,423.00146942138673,0.02774934682362918,0.00016868856066110105,-0.06180899085053826,1
2025-02-04,407.8516865143663,409.0672770356713,404.9362598096777,407.5354309082031,20532100,0.0,0.0,MSFT,0.0035285499557156097,414.2201416015625,422.4589050292969,0.02784192285438859,-0.009974381816431621,0.00016868856066110105,1
2025-02-05,407.5156591589932,408.9782884965412,405.5885086845079,408.4446411132813,16316700,0.0,0.0,MSFT,0.002230996708806332,408.48023681640626,421.7394393920898,0.023216077253179382,0.0035285499557156097,-0.009974381816431621,1
2025-02-06,409.1463374430024,413.2971094519946,409.1463374430024,410.9450073242188,16309800,0.0,0.0,MSFT,0.006121677111792456,408.64429321289066,421.41578063964846,0.023471243003189816,0.002230996708806332,0.0035285499557156097,0
2025-02-07,411.5972455590395,413.7417878303848,403.3154869234488,404.9461364746094,22886800,0.0,0.0,MSFT,-0.014597746030958758,407.5947387695313,420.68396148681643,0.02359176217752828,0.006121677111792456,0.002230996708806332,1
2025-02-10,408.85969825647294,410.58918143726896,406.10242964328353,407.3871765136719,20817900,0.0,0.0,MSFT,0.006028061065883383,407.8516784667969,420.35140533447264,0.023423127954831535,-0.014597746030958758,0.006121677111792456,0
2025-02-11,404.8374784232517,407.65404147500567,404.5014379734868,406.6163635253906,18140600,0.0,0.0,MSFT,-0.0018920894734039129,407.6678649902344,420.0672775268555,0.020245421663543532,0.006028061065883383,-0.014597746030958758,0
2025-02-12,402.435914112503,405.93442005448907,399.6292135248499,404.2444763183594,19121700,0.0,0.0,MSFT,-0.005833231074290346,406.82783203125,419.7396636962891,0.020231374356230583,-0.0018920894734039129,0.006028061065883383,1
2025-02-13,402.2283921851393,406.1814967766394,401.5958809737979,405.7268981933594,23891700,0.0,0.0,MSFT,0.0036671419446496767,405.7842102050781,418.9604064941406,0.007021955597532982,-0.005833231074290346,-0.0018920894734039129,0
2025-02-14,403.0091510093491,404.1160155029715,401.1215398904841,403.6416320800781,22758500,0.0,0.0,MSFT,-0.00513958064542086,405.5233093261719,418.16237487792966,0.007119120420027183,0.0036671419446496767,-0.005833231074290346,1
2025-02-18,403.2166455935164,405.78616946504144,401.7342314553049,404.8374328613281,21423100,0.0,0.0,MSFT,0.0029625308348093515,405.01336059570315,417.2042404174805,0.006580495174010782,-0.00513958064542086,0.0036671419446496767,1
2025-02-19,403.098050601273,410.6188170610077,402.8707362463259,409.9072570800781,24114200,0.0,0.0,MSFT,0.012523111271893095,405.6715393066406,416.5257873535156,0.0076831211070290855,0.0029625308348093515,-0.00513958064542086,1
2025-02-20,411.24414537664296,415.2249706128277,408.520936591177,412.0759582519531,23508700,0.83,0.0,MSFT,0.005290711824239125,407.2378356933594,415.0811431884766,0.007814773911223618,0.012523111271893095,0.0029625308348093515,0
2025-02-21,413.27418223243296,413.97725680128366,403.9162642540701,404.2331237792969,27524800,0.0,0.0,MSFT,-0.019032497081183597,406.9390808105469,413.21915740966796,0.009758520279565133,0.005290711824239125,0.012523111271893095,0
2025-02-24,404.5302202614153,405.381827456766,395.429748735741,400.0641479492188,26443700,0.0,0.0,MSFT,-0.010313295929588961,406.223583984375,411.27966766357423,0.009202796356428,-0.019032497081183597,0.005290711824239125,0
2025-02-25,397.1923965138258,398.00441513588805,392.8352683816966,394.0235595703125,29387400,0.0,0.0,MSFT,-0.01509904951461194,404.06080932617186,409.50758209228513,0.009773141384376273,-0.010313295929588961,-0.019032497081183597,1
2025-02-26,394.1325097993192,399.6680471786912,390.40913086553707,395.8357543945313,19619000,0.0,0.0,MSFT,0.004599204235896437,401.2465087890625,407.201513671875,0.01008660560606849,-0.01509904951461194,-0.010313295929588961,0
2025-02-27,397.3607146060961,401.78716793671936,388.3493932994261,388.7058715820313,21127400,0.0,0.0,MSFT,-0.01801222535696867,396.57249145507814,404.77959899902345,0.011190240381302188,0.004599204235896437,-0.01509904951461194,1
2025-02-28,388.8346335226669,393.7562160246685,382.8039671137811,393.1224365234375,32845700,0.0,0.0,MSFT,0.011362228523666973,394.35035400390626,403.92948455810546,0.012000274920754285,-0.01801222535696867,0.004599204235896437,0
2025-03-03,394.93464171120144,394.93464171120144,382.3979737443584,384.7052612304688,23007700,0.0,0.0,MSFT,-0.021411078358705815,391.2785766601563,402.6550521850586,0.013338241709409705,0.011362228523666973,-0.01801222535696867,1
2025-03-04,379.6648315258733,388.755390806373,377.2882188683939,384.8240661621094,29342900,0.0,0.0,MSFT,0.000308820657301645,389.43867797851567,401.59113159179685,0.013194185283283396,-0.021411078358705815,0.011362228523666973,1
2025-03-05,385.54695570418704,397.7568509049982,385.0221202960428,397.1131591796875,23433100,0.0,0.0,MSFT,0.03193431517976131,389.6941589355469,401.0700180053711,0.016948763179176658,0.000308820657301645,-0.021411078358705815,0
2025-03-06,390.43881857931865,398.2321421191711,388.8544001591339,393.0234069824219,23304600,0.0,0.0,MSFT,-0.01029870731484639,390.557666015625,400.2989562988281,0.016814064332606956,0.03193431517976131,0.000308820657301645,0
2025-03-07,388.4979564275301,390.9537764879466,381.7840095954452,389.4783020019531,22034100,0.0,0.0,MSFT,-0.009020086125881344,389.82883911132814,399.22562103271486,0.016143642239387683,-0.01029870731484639,0.03193431517976131,0
2025-03-10,382.08104715568106,382.6355890788174,373.5450301742595,376.4563903808594,32840100,0.0,0.0,MSFT,-0.03343424153325092,388.17906494140624,397.80113372802737,0.018670661084323133,-0.009020086125881344,-0.01029870731484639,1
2025-03-11,375.3077054134949,382.23950999896846,373.2380702422645,376.74359130859375,30380200,0.0,0.0,MSFT,0.0007629062358160965,386.56296997070314,396.2689544677734,0.018475745598966566,-0.03343424153325092,-0.009020086125881344,1
2025-03-12,379.21921226907705,381.4670864515663,375.2581813231993,379.53607177734375,24253600,0.0,0.0,MSFT,0.0074121512168277,383.04755249023435,394.9149398803711,0.018647262136102787,0.0007629062358160965,-0.03343424153325092,0
2025-03-13,379.4272025345451,381.5661631231906,373.7728386562969,375.0799560546875,20473000,0.0,0.0,MSFT,-0.011740954428359207,379.4588623046875,393.4567138671875,0.018225827458897507,0.0074121512168277,0.0007629062358160965,1
2025-03-14,376.08007458561946,386.4282798172616,375.8127158813028,384.7745361328125,19952800,0.0,0.0,MSFT,0.025846702607354333,378.5181091308594,392.40909576416016,0.02001792082866198,-0.011740954428359207,0.0074121512168277,1
2025-03-17,382.9326924641042,388.88412112316473,381.813696346666,384.9132080078125,22474300,0.0,0.0,MSFT,0.00036039774459539764,380.20947265625,391.47267456054686,0.018815683139585402,0.025846702607354333,-0.011740954428359207,0
2025-03-18,383.2990942137215,383.5961594658576,377.38725393405446,379.7836608886719,19486900,0.0,0.0,MSFT,-0.013326503254303845,380.81748657226564,390.21998596191406,0.019295911212787824,0.00036039774459539764,0.025846702607354333,1
2025-03-19,381.7741101294348,385.8836741890137,380.2590168181109,384.0418090820313,19185500,0.0,0.0,MSFT,0.011212036303498651,381.7186340332031,388.92671356201174,0.016214807337412884,-0.013326503254303845,0.00036039774459539764,0
2025-03-20,381.98206039861145,387.97313863322194,379.5460345045817,383.07135009765625,18470500,0.0,0.0,MSFT,-0.002526961808389405,383.31691284179686,387.4764831542969,0.016023083597991886,0.011212036303498651,-0.013326503254303845,1
2025-03-21,379.4865617188815,387.92354654843615,379.0706401827953,387.4482421875,39675900,0.0,0.0,MSFT,0.01142578814293449,383.8516540527344,386.63723907470705,0.01639117350134637,-0.002526961808389405,0.011212036303498651,1
2025-03-24,391.5479548222045,391.5479548222045,386.01241696850974,389.2505493164063,21004500,0.0,0.0,MSFT,0.004651736497062409,384.7191223144531,386.09655914306643,0.011582102967657881,0.01142578814293449,-0.002526961808389405,1
2025-03-25,390.082331804945,392.49853282327706,388.8148031404558,391.3102416992188,15775000,0.0,0.0,MSFT,0.005291430895678184,387.0244384765625,385.96089324951174,0.011555703093254478,0.004651736497062409,0.01142578814293449,0
2025-03-26,391.1518020411883,391.4587795188397,384.784452111458,386.1708068847656,16108400,0.0,0.0,MSFT,-0.013133913367909256,387.4502380371094,385.47764587402344,0.012630622549213847,0.005291430895678184,0.004651736497062409,1
2025-03-27,386.3292739557081,388.41870337339975,383.62585932715103,386.7748718261719,13766800,0.0,0.0,MSFT,0.0015642428962439059,388.1909423828125,385.38109588623047,0.011712433653939978,-0.013133913367909256,0.005291430895678184,0
2025-03-28,384.2992097422753,385.3389984995421,373.2578420054409,375.109619140625,21632000,0.0,0.0,MSFT,-0.030160316854269675,385.7232177734375,384.48045501708987,0.012969517769835244,0.0015642428962439059,-0.013133913367909256,0
2025-03-31,368.9106086577597,373.396474789069,363.6622247634287,371.73284912109375,35184700,0.0,0.0,MSFT,-0.009002088582178769,382.219677734375,383.8318344116211,0.013080415482311415,-0.030160316854269675,0.0015642428962439059,1
2025-04-01,371.0000917512926,379.12021808448793,369.59394254927554,378.4666442871094,19689500,0.0,0.0,MSFT,0.018114608870151372,379.6509582519531,383.5139633178711,0.014163303928251483,-0.009002088582178769,-0.030160316854269675,0
2025-04-02,374.2877261088344,381.3284442645314,372.95087209109226,378.4171142578125,16092600,0.0,0.0,MSFT,-0.00013087026305891314,378.1002197265625,382.5791610717773,0.013585198048697034,0.018114608870151372,-0.009002088582178769,0
2025-04-03,371.13872318254886,373.80251903809335,365.7517184220645,369.4750671386719,30198000,0.0,0.0,MSFT,-0.023630134003528425,374.6402587890625,381.40174407958983,0.015310810164232606,-0.00013087026305891314,0.018114608870151372,0
2025-04-04,360.5825648601157,370.9406526219325,355.97787229621173,356.3343505859375,49209900,0.0,0.0,MSFT,-0.035565908829789494,370.885205078125,379.7445465087891,0.017302280316947333,-0.023630134003528425,-0.00013087026305891314,0
2025-04-07,347.4616469003483,367.3856281525139,341.43098078163547,354.3736267089844,50425000,0.0,0.0,MSFT,-0.005502483478589726,367.4133605957031,378.6404083251953,0.016753494894661287,-0.035565908829789494,-0.023630134003528425,0
2025-04-08,364.6723484414274,370.00982228854286,346.8377957272636,351.1058044433594,35868900,0.0,0.0,MSFT,-0.009221403680552576,361.9411926269531,377.35851898193357,0.01596733408060886,-0.005502483478589726,-0.035565908829789494,1
2025-04-09,350.0957251156184,389.39905670107095,349.66000929830324,386.6857299804688,50199700,0.0,0.0,MSFT,0.10133676255656776,363.5949157714844,377.7160018920898,0.038762762415266064,-0.009221403680552576,-0.005502483478589726,0
2025-04-10,378.3379012524662,380.15997201946135,364.21681503291546,377.63482666015625,38024400,0.0,0.0,MSFT,-0.0234063546145592,365.22686767578125,377.84374542236327,0.03950385272092463,0.10133676255656776,-0.009221403680552576,1
2025-04-11,376.9317385159016,386.2500376969061,375.1987873888056,384.6656494140625,23839200,0.0,0.0,MSFT,0.018618046476506445,370.89312744140625,377.83830108642576,0.03860272114484384,-0.0234063546145592,0.10133676255656776,0
2025-04-14,389.38915847164185,390.8052198187617,380.4669263634922,384.0318603515625,19251200,0.0,0.0,MSFT,-0.0016476362354305163,376.82477416992185,377.79423370361326,0.038414846555777836,0.018618046476506445,-0.0234063546145592,0
2025-04-15,384.7250528209778,388.0721288920929,380.4174255118224,381.9721374511719,17199900,0.0,0.0,MSFT,-0.0053634167188759685,382.9980407714844,377.9036575317383,0.03816597064862623,-0.0016476362354305163,0.018618046476506445,0
2025-04-16,376.9614172312142,377.8922316795949,364.4148386997168,367.9896545410156,21967800,0.0,0.0,MSFT,-0.036606028396360846,379.2588256835937,377.1010498046875,0.04004121148880036,-0.0053634167188759685,-0.0016476362354305163,0
2025-04-17,370.1087998795162,370.673253997748,363.3156468476557,364.1969604492188,21120200,0.0,0.0,MSFT,-0.010306523688899172,376.5712524414063,376.15733032226564,0.039462648396887144,-0.036606028396360846,-0.0053634167188759685,0
2025-04-21,359.2853342749941,360.9291658129438,352.20499720618693,355.6213684082031,20807300,0.0,0.0,MSFT,-0.023546577737601382,370.76239624023435,374.5659866333008,0.03845515728013975,-0.010306523688899172,-0.036606028396360846,1
2025-04-22,359.8398792058524,364.18709517298703,356.3541524572501,363.2463684082031,19485000,0.0,0.0,MSFT,0.021441343736261498,366.6052978515625,373.2657775878906,0.038933824555442,-0.023546577737601382,-0.010306523688899172,1
2025-04-23,372.396358924379,376.6841922722663,369.38596664501534,370.7426452636719,20545500,0.0,0.0,MSFT,0.020636894150706908,364.3593994140625,372.2373977661133,0.03902616971661152,0.021441343736261498,-0.023546577737601382,1
2025-04-24,372.0398293104223,384.6656149627633,371.53478821384334,383.52679443359375,22232300,0.0,0.0,MSFT,0.03448254289934671,367.4668273925781,372.1051971435547,0.023565627275062152,0.020636894150706908,0.021441343736261498,1
2025-04-25,383.2297451406492,388.33947870229,380.8531326101871,388.0325012207031,18973200,0.0,0.0,MSFT,0.011748088666825973,372.233935546875,372.16807861328124,0.02237231853095634,0.03448254289934671,0.020636894150706908,0
2025-04-28,388.1414067328739,388.9138065441973,382.87325863987553,387.3492126464844,16579400,0.0,0.0,MSFT,-0.0017609055222673753,378.5795043945312,372.7800582885742,0.021704285709525286,0.011748088666825973,0.03448254289934671,1
2025-04-29,387.48784509297593,391.2508426713115,386.5768248872523,390.201171875,14974000,0.0,0.0,MSFT,0.007362759844095734,383.9704650878906,373.7034744262695,0.021773332532938422,-0.0017609055222673753,0.011748088666825973,1
2025-04-30,386.4975712511458,392.7956259870468,380.69467558939255,391.4092712402344,36461100,0.0,0.0,MSFT,0.003096093636595798,388.1037902832031,374.3506057739258,0.021627559288881663,0.007362759844095734,-0.0017609055222673753,1
2025-05-01,426.9100091091665,432.7327295827746,420.76051687113977,421.2556457519531,58938100,0.0,0.0,MSFT,0.07625362173242944,395.649560546875,376.49253234863284,0.02751042790205375,0.003096093636595798,0.007362759844095734,1
2025-05-02,427.533877248033,435.1588741169636,425.8009261614823,431.0393981933594,30757400,0.0,0.0,MSFT,0.023225213810350143,404.2509399414063,379.5707489013672,0.026240865338541502,0.07625362173242944,0.003096093636595798,1
2025-05-05,428.652877068793,435.2182909345157,427.9002714913439,431.9207458496094,20136100,0.0,0.0,MSFT,0.002044703245095647,413.1652465820313,383.3500686645508,0.022843303789225004,0.023225213810350143,0.07625362173242944,0
2025-05-06,427.9894209087166,433.46554517602334,426.9694566129341,429.0885925292969,15104200,0.0,0.0,MSFT,-0.006557113423069083,420.94273071289064,387.08581695556643,0.024296617600748267,0.002044703245095647,0.023225213810350143,1
2025-05-07,429.61342097536215,433.8517229596541,426.9100064238295,429.1282043457031,23295300,0.0,0.0,MSFT,9.231617222149602e-05,428.48651733398435,390.98693695068357,0.024822818746556178,-0.006557113423069083,0.002044703245095647,1
2025-05-08,433.6635322101029,439.3476317599919,431.4156581886589,433.9012145996094,23491300,0.0,0.0,MSFT,0.011122574106224858,431.0156311035156,393.34771118164065,0.023866266007655942,9.231617222149602e-05,-0.006557113423069083,1
2025-05-09,435.7134270593174,436.4462081525218,431.63356980482325,434.455810546875,15324200,0.0,0.0,MSFT,0.0012781617764712205,431.69891357421875,396.1887603759766,0.024138944733774818,0.011122574106224858,9.231617222149602e-05,1
2025-05-12,441.5955462250109,444.9921230759706,435.4955548202822,444.8832092285156,22821900,0.0,0.0,MSFT,0.02400105702007993,434.29140625,399.1996383666992,0.023926487660331803,0.0012781617764712205,0.011122574106224858,0
2025-05-13,443.4176075446257,446.27946690563454,441.0211705280613,444.7643737792969,23618800,0.0,0.0,MSFT,-0.0002671160582230492,437.4265625,402.23626403808595,0.0242873913042038,0.02400105702007993,0.0012781617764712205,1
2025-05-14,443.7741186799948,449.4779827199474,443.7741186799948,448.52734375,19902800,0.0,0.0,MSFT,0.008460592152937041,441.3063903808594,405.5640243530273,0.02409226535405981,-0.0002671160582230492,0.02400105702007993,1
2025-05-15,447.1979616790238,452.5750254060464,446.860659567107,449.5392761230469,21992300,0.83,0.0,MSFT,0.002256121922437071,444.4340026855469,409.6415054321289,0.010185267321075348,0.008460592152937041,-0.0002671160582230492,1
2025-05-16,448.4678177382938,450.7595102326154,445.17414935289,450.6702270507813,23849800,0.0,0.0,MSFT,0.00251580003751406,447.6768859863281,413.96516876220704,0.008364138492674018,0.002256121922437071,0.008460592152937041,1
2025-05-19,447.3070896149787,455.9480603525366,447.2277066057748,455.2337646484375,21336500,0.0,0.0,MSFT,0.010126112895276762,449.7469970703125,418.94578857421874,0.008490573640645782,0.00251580003751406,0.002256121922437071,0
2025-05-20,451.9797952414424,454.7080036018212,450.719869916101,454.5393676757813,15441800,0.0,0.0,MSFT,-0.0015253635089929052,451.7019958496094,423.5104385375977,0.007833279976338455,0.010126112895276762,0.00251580003751406,0
2025-05-21,450.967885651573,454.1524403651085,448.22974686474834,448.9837341308594,19216900,0.0,0.0,MSFT,-0.012222557472479911,451.79327392578125,427.42249298095703,0.009600116890768895,-0.0015253635089929052,0.010126112895276762,1
2025-05-22,451.3448676580097,456.6028569421555,450.3031699710194,451.2555541992188,18025600,0.0,0.0,MSFT,0.0050599161966462525,452.13652954101565,430.8089309692383,0.009328233341026877,-0.012222557472479911,-0.0015253635089929052,0
2025-05-23,446.4142434023006,450.0948358464348,445.3527151156796,446.6126403808594,16883500,0.0,0.0,MSFT,-0.010288879051247535,451.32501220703125,433.7379379272461,0.010359072602165977,0.0050599161966462525,-0.012222557472479911,1
2025-05-27,452.8627373552784,457.2973170522405,452.5055743512772,457.0393676757813,20974300,0.0,0.0,MSFT,0.023346243147149393,451.6861328125,437.2224456787109,0.01021126299446925,-0.010288879051247535,0.0050599161966462525,0
2025-05-28,457.56517641086623,458.8548627693229,453.3091629867606,453.7357482910156,17086300,0.0,0.0,MSFT,-0.007228303770779876,451.52540893554686,440.39917449951173,0.010666626525885622,0.023346243147149393,-0.010288879051247535,1
2025-05-29,457.8925712924165,458.0612374989779,451.702028016876,455.0453186035156,13974800,0.0,0.0,MSFT,0.0028861960236381545,452.73772583007815,443.58097686767576,0.010437582105505034,-0.007228303770779876,0.023346243147149393,1
2025-05-30,456.0770623647159,458.0215223462663,451.9301930198663,456.71197509765625,34770500,0.0,0.0,MSFT,0.0036626165043416314,453.8290100097656,445.3537933349609,0.010458470601033441,0.0028861960236381545,-0.007228303770779876,1
2025-06-02,453.5175220765372,458.4481094805028,453.2695031394806,458.3092346191406,16626500,0.0,0.0,MSFT,0.0034973016005170887,456.1683288574219,446.71728515625,0.010472270613506994,0.0036626165043416314,0.0028861960236381545,1
2025-06-03,457.8131864599202,460.4620419695056,457.2080045237085,459.3013000488281,15743800,0.0,0.0,MSFT,0.002164620205638901,456.62071533203124,448.08631286621096,0.010057572395509584,0.0034973016005170887,0.0036626165043416314,1
2025-06-04,460.3231275179124,461.9997378828715,459.35088242690273,460.1941528320313,14162700,0.0,0.0,MSFT,0.0019439369823430752,457.9123962402344,449.64159088134767,0.010023043345455045,0.002164620205638901,0.0034973016005170887,1
2025-06-05,461.2755213187348,465.9283588981049,460.3528981592645,463.9739685058594,20131700,0.0,0.0,MSFT,0.00821352390195984,459.6981262207031,451.38387908935545,0.008994181659178846,0.0019439369823430752,0.002164620205638901,1
2025-06-06,466.3648774509946,469.58912358157227,465.0652606634985,466.652587890625,15285600,0.0,0.0,MSFT,0.005773210495820802,461.6862487792969,453.0214477539063,0.00901227330982736,0.00821352390195984,0.0019439369823430752,1
2025-06-09,465.9779957450024,469.6784189466736,464.906536971708,469.0038146972656,16469900,0.0,0.0,MSFT,0.005038495162469125,463.8251647949219,454.7488479614258,0.007622237818103482,0.005773210495820802,0.00821352390195984,0
2025-06-10,467.45617352695865,469.0534009468453,463.25968221899245,467.1883239746094,15375900,0.0,0.0,MSFT,-0.0038709508659926506,465.40256958007814,455.86410369873045,0.004559434507422084,0.005038495162469125,0.005773210495820802,1
2025-06-11,466.29541399515057,471.7022387212418,465.93828127215454,468.8748168945313,16399200,0.0,0.0,MSFT,0.0036098781441584737,467.1387023925781,457.0696258544922,0.0031317265594504357,-0.0038709508659926506,0.005038495162469125,1
2025-06-12,471.2557893550323,476.6130223697302,469.7676758011157,475.0752868652344,18950600,0.0,0.0,MSFT,0.013224147997050073,469.3589660644531,458.3970230102539,0.004423012873995975,0.0036098781441584737,-0.0038709508659926506,0
2025-06-13,472.63478039747713,475.38281914376,469.0137102048777,471.1962585449219,16814500,0.0,0.0,MSFT,-0.008165081256716444,470.2677001953125,459.47987213134763,0.005940981578875572,0.013224147997050073,0.0036098781441584737,1
2025-06-16,471.44431988386987,476.8809060223367,471.2359924486289,475.34320068359375,15626100,0.0,0.0,MSFT,0.008800880871757899,471.53557739257815,460.7135208129883,0.006206910337668453,-0.008165081256716444,0.013224147997050073,0
2025-06-17,471.63282797025073,474.9463575000652,470.3232806516652,474.2519226074219,15414100,0.0,0.0,MSFT,-0.0022957687721261166,472.94829711914065,461.6644287109375,0.006481559156690188,0.008800880871757899,-0.008165081256716444,1
2025-06-18,474.2122082515913,477.1884355000323,470.7002516212213,476.4344482421875,17526500,0.0,0.0,MSFT,0.004602038559519572,474.46022338867186,462.7591827392578,0.006477587030642118,-0.0022957687721261166,0.008800880871757899,0
2025-06-20,478.4086860483398,479.62891980922967,473.0911444380428,473.616943359375,37576200,0.0,0.0,MSFT,-0.005913730405531559,474.1685546875,463.99084320068357,0.0068627704207655385,0.004602038559519572,-0.0022957687721261166,1
2025-06-23,474.4205253141637,483.884936234588,468.7657118311512,482.1488037109375,24864000,0.0,0.0,MSFT,0.018014263364494187,476.35906372070315,465.5355056762695,0.008492791257268638,-0.005913730405531559,0.004602038559519572,1
2025-06-24,485.075445589935,487.952459183197,482.9424585265478,486.2262268066406,22305600,0.0,0.0,MSFT,0.008456773229178483,478.5356689453125,467.5161849975586,0.00863789334712596,0.018014263364494187,-0.005913730405531559,1
2025-06-25,488.140982568668,490.6410026723863,485.5119877675007,488.369140625,17495100,0.0,0.0,MSFT,0.004407236179819529,481.35911254882814,469.08267364501955,0.008224197682347634,0.008456773229178483,0.018014263364494187,1
2025-06-26,489.0735074056833,494.0934082095605,488.9048412091741,493.5080871582031,21578900,0.0,0.0,MSFT,0.010522668419684411,484.7738403320312,471.07129058837893,0.008431402821498575,0.004407236179819529,0.008456773229178483,0
2025-06-27,493.60726767719865,495.3434002058453,489.1230962739066,492.0100402832031,34539200,0.0,0.0,MSFT,-0.0030355062338011107,488.45245971679685,472.9195266723633,0.008270892270516543,0.010522668419684411,0.004407236179819529,1
2025-06-30,493.1013206195562,496.7918434810962,491.404849352638,493.4683837890625,28369000,0.0,0.0,MSFT,0.002964052329135214,490.71637573242185,474.7573471069336,0.0072004615261410405,-0.0030355062338011107,0.010522668419684411,0
2025-07-01,492.5358056229024,494.1032718491211,487.0893199212463,488.15081787109375,19945400,0.0,0.0,MSFT,-0.010775899921162457,491.1012939453125,476.2494262695312,0.008492565694220666,0.002964052329135214,-0.0030355062338011107,0
2025-07-02,486.107196925814,489.5893925672679,484.82744098086494,487.198486328125,16319600,0.0,0.0,MSFT,-0.0019508961331295982,490.8671630859375,477.64428558349607,0.008470720814276897,-0.010775899921162457,0.002964052329135214,1
2025-07-03,489.8969449330373,496.1668712111537,489.52988173373706,494.8870849609375,13984800,0.0,0.0,MSFT,0.015781244910589187,491.14296264648436,479.3789321899414,0.00942886303882329,-0.0019508961331295982,-0.010775899921162457,0
2025-07-07,493.4386378219278,494.7977767455099,491.3056810299541,493.7759399414063,13981600,0.0,0.0,MSFT,-0.002245249579747921,491.496142578125,480.86903076171876,0.009071498985708725,0.015781244910589187,-0.0019508961331295982,0
2025-07-08,493.2997134401056,494.2521279146218,490.1945116420166,492.68463134765625,11846600,0.0,0.0,MSFT,-0.002210129140515771,491.3393920898437,482.17063293457034,0.007821218241351404,-0.002245249579747921,0.015781244910589187,1
2025-07-09,496.3354955466416,502.76415743455226,495.7799355375845,499.5200805664063,18659500,0.0,0.0,MSFT,0.013873883583607638,493.6132446289063,483.69644622802736,0.008464525890376143,-0.002210129140515771,-0.002245249579747921,0
2025-07-10,499.06366987607214,500.4426696344743,493.8056807647675,497.5061340332031,16492100,0.0,0.0,MSFT,-0.004031762909149861,495.6747741699219,485.212336730957,0.008696572997955796,0.013873883583607638,-0.002210129140515771,1
2025-07-11,494.5200000462786,501.0280145407016,493.85529597280816,499.3315734863281,16459500,0.0,0.0,MSFT,0.0036691797914660818,496.563671875,486.73517456054685,0.008196262788100081,-0.004031762909149861,0.013873883583607638,0
2025-07-14,497.5458219138798,499.9764196247383,497.0597144820079,499.033935546875,12058800,0.0,0.0,MSFT,-0.0005960727405539545,497.6152709960937,487.93310699462893,0.008091702244627437,0.0036691797914660818,-0.004031762909149861,1
2025-07-15,499.03393728805895,504.2720960834484,498.8057792400165,501.811767578125,14927200,0.0,0.0,MSFT,0.005566419101750819,499.4406982421875,489.46388244628906,0.00818716743565001,-0.0005960727405539545,0.0036691797914660818,0
2025-07-16,501.1768570185354,502.7046622632316,497.912949359266,501.6133728027344,15154400,0.0,0.0,MSFT,-0.0003953569609340679,499.85935668945314,490.7773910522461,0.007000529290541316,0.005566419101750819,-0.0005960727405539545,1
2025-07-17,501.67285674255714,509.3019216630888,501.6133346197656,507.6451721191406,17503100,0.0,0.0,MSFT,0.012024797669774934,501.8871643066406,492.44705352783205,0.0073451905856282635,-0.0003953569609340679,0.005566419101750819,0
2025-07-18,510.4030974050004,510.5618634291492,503.4089756844231,506.0082092285156,21209700,0.0,0.0,MSFT,-0.003224620227927244,503.2224914550781,493.9257415771484,0.0063970796047656975,0.012024797669774934,-0.0003953569609340679,1
2025-07-21,502.69469811942383,508.03210080948105,501.54388660874696,506.0181579589844,14066800,0.0,0.0,MSFT,1.9661203686682782e-05,504.6193359375,495.5458023071289,0.006259117999135696,-0.003224620227927244,0.012024797669774934,0
2025-07-22,506.9209264172623,507.1491147296819,501.2660827636719,501.2660827636719,13868600,0.0,0.0,MSFT,-0.00939111595220199,504.51019897460935,496.5016662597656,0.007197291798942553,1.9661203686682782e-05,-0.003224620227927244,1
2025-07-23,502.7343595827018,502.7740510878013,496.7323137246232,501.861328125,16396600,0.0,0.0,MSFT,0.001187483817070456,504.5597900390625,497.2834213256836,0.005806897925188194,-0.00939111595220199,1.9661203686682782e-05,1
2025-07-24,504.7383694588984,509.5995345886751,503.28001689239056,506.8316650390625,16107000,0.0,0.0,MSFT,0.009903805365183427,504.3970886230469,498.20654754638673,0.006257732294401774,0.001187483817070456,-0.00939111595220199,1
2025-07-25,508.409026924469,514.1829150146133,506.3157616392057,509.6392517089844,19125700,0.0,0.0,MSFT,0.005539485520711374,505.1232971191406,499.01310577392576,0.0063446143853106195,0.009903805365183427,0.001187483817070456,0
2025-07-28,510.0062782539609,510.9189709174924,506.07763679555273,508.4387817382813,14308000,0.0,0.0,MSFT,-0.002355528870034096,505.607421875,499.83454284667977,0.006450081180346726,0.005539485520711374,0.009903805365183427,1
2025-07-29,511.4448055642593,513.5182098314434,507.5062336187249,508.50823974609375,16469200,0.0,0.0,MSFT,0.000136610365509382,507.05585327148435,500.58653564453135,0.006333463550104903,-0.002355528870034096,0.005539485520711374,1
2025-07-30,511.08764202727673,511.86149016920456,505.4030674134904,509.1729431152344,26380400,0.0,0.0,MSFT,0.0013071634187726833,508.51817626953124,501.6376419067384,0.006304312487916212,0.000136610365509382,-0.002355528870034096,1
2025-07-31,550.8301860551579,551.0484742016899,527.6851029610986,529.2723999023438,51617300,0.0,0.0,MSFT,0.03947471494486021,513.0063232421875,503.74133758544923,0.013386750970766883,0.0013071634187726833,0.000136610365509382,0
2025-08-01,530.7605061500977,531.5541546097426,516.7325410439772,519.956787109375,28977600,0.0,0.0,MSFT,-0.017600790811475475,515.0698303222656,504.9948226928711,0.014959376069961299,0.03947471494486021,0.0013071634187726833,1
2025-08-04,524.0837934579807,533.9846885103634,523.944888342453,531.3953857421875,25349000,0.0,0.0,MSFT,0.021999133228751022,519.6611511230469,506.8757949829102,0.016074961424597703,-0.017600790811475475,0.03947471494486021,0
2025-08-05,532.9232605080902,533.0423047576313,523.0620248277625,523.5679931640625,19171600,0.0,0.0,MSFT,-0.014729884353799294,522.6731018066406,508.41996307373046,0.01668388415193622,0.021999133228751022,-0.017600790811475475,0
2025-08-06,526.6930670104376,527.486715540996,519.8775111011839,520.7802734375,21355700,0.0,0.0,MSFT,-0.005324465519207067,524.9945678710938,509.4829727172852,0.01695187713463233,-0.014729884353799294,0.021999133228751022,0
2025-08-07,522.6254396329194,523.9052559727172,513.4487398823029,516.7127075195312,16079100,0.0,0.0,MSFT,-0.0078105222594552215,522.4826293945313,510.44330139160155,0.01717137203230324,-0.005324465519207067,-0.014729884353799294,1
2025-08-08,518.4588193359411,520.5024931820143,515.2940949258492,517.9032592773438,15531000,0.0,0.0,MSFT,0.0023040884044205345,522.071923828125,511.3718856811523,0.017129031164610477,-0.0078105222594552215,-0.005324465519207067,0
2025-08-11,518.1611446296885,523.4092640243366,515.6015722772428,517.6353759765625,20194400,0.0,0.0,MSFT,-0.0005172458291825555,519.319921875,512.3019577026367,0.017090013525286562,0.0023040884044205345,-0.0078105222594552215,1
2025-08-12,519.5996565820958,526.7723446368122,518.5579891899393,525.046142578125,18667000,0.0,0.0,MSFT,0.014316576774880296,519.6155517578125,513.4636764526367,0.01750839326346723,-0.0005172458291825555,0.0023040884044205345,0
2025-08-13,527.8933740196283,528.478725311786,515.2543395813665,516.4547729492188,19619200,0.0,0.0,MSFT,-0.016363075417943684,518.7504516601563,514.2057464599609,0.018594550758882708,0.014316576774880296,-0.0005172458291825555,1
2025-08-14,518.4190436500928,521.7821945996749,516.0182375574066,518.3396606445312,20269100,0.0,0.0,MSFT,0.0036496665226828373,519.0758422851562,514.7404708862305,0.013129177691039216,-0.016363075417943684,0.014316576774880296,0
2025-08-15,518.6274679925785,521.9310366989816,514.9667059909838,516.0480346679688,25213300,0.0,0.0,MSFT,-0.0044210893947667085,518.7047973632813,515.2424621582031,0.012003175546298678,0.0036496665226828373,-0.016363075417943684,0
2025-08-18,517.4568516493948,518.6770855269226,509.94683045407294,513.0023803710938,23760600,0.0,0.0,MSFT,-0.005901881399150377,517.7781982421875,515.5916732788086,0.009013718218827868,-0.0044210893947667085,0.0036496665226828373,0
2025-08-19,510.9189744125155,511.0776798784135,504.5200741760794,505.73040771484375,21481000,0.0,0.0,MSFT,-0.014175319519939888,513.9150512695312,515.8148895263672,0.008938201485714774,-0.005901881399150377,-0.0044210893947667085,0
2025-08-20,505.8296325155463,506.9506829011106,500.4426687285887,501.7125244140625,27723000,0.0,0.0,MSFT,-0.007944713704157391,510.9666015625,515.8074493408203,0.009037943552594508,-0.014175319519939888,-0.005901881399150377,0
2025-08-21,500.5200628741361,504.435269171935,499.5561662916726,501.0665893554688,18443300,0.83,0.0,MSFT,-0.001287460502103377,507.5119873046875,515.5191955566407,0.00894210187887596,-0.007944713704157391,-0.014175319519939888,1
2025-08-22,501.0765850227361,507.5158151187978,499.2481684011306,504.037841796875,24324200,0.0,0.0,MSFT,0.005929855441425769,505.1099487304688,515.2391250610351,0.00925077715220276,-0.001287460502103377,-0.007944713704157391,0
2025-08-25,503.44159720621536,504.9917771303553,500.9473838488724,501.0865173339844,21638600,0.0,0.0,MSFT,-0.0058553628679332,502.7267761230469,514.8715118408203,0.009266659818887097,0.005929855441425769,-0.001287460502103377,0
2025-08-26,501.1858695359189,501.801993130018,495.3727099158942,498.8804931640625,30835700,0.0,0.0,MSFT,-0.004402481594713348,501.35679321289064,514.3901245117188,0.006929937908646215,-0.0058553628679332,0.005929855441425769,1
2025-08-27,498.8407132226862,504.0974296280705,496.7539232974875,503.5508728027344,17277900,0.0,0.0,MSFT,0.009361720297081266,501.724462890625,514.1090209960937,0.00704864503085754,-0.004402481594713348,-0.0058553628679332,1
2025-08-28,503.8986776721373,507.8735040841052,502.3186878124423,506.4326477050781,18015600,0.0,0.0,MSFT,0.005722907173815406,502.79767456054685,512.9670333862305,0.007276583893533031,0.009361720297081266,-0.004402481594713348,0
2025-08-29,505.4588240002719,506.39291066950057,501.3150539612025,503.501220703125,20961600,0.0,0.0,MSFT,-0.005788384724478179,502.6903503417969,512.144255065918,0.007333546012434637,0.005722907173815406,0.009361720297081266,0
2025-09-02,497.32034095368414,502.81553721257154,493.6833711758906,501.9410705566406,18128000,0.0,0.0,MSFT,-0.003098602510448023,502.86126098632815,510.6715393066406,0.007239232315142839,-0.005788384724478179,0.005722907173815406,1
2025-09-03,500.6194673133705,504.5942937991858,499.1587173668126,502.1696472167969,16345100,0.0,0.0,MSFT,0.000455385449735779,503.519091796875,509.6016220092773,0.005892962508427824,-0.003098602510448023,-0.005788384724478179,1
2025-09-04,501.1262461318779,504.95202275876863,499.983489561643,504.7731628417969,15509500,0.0,0.0,MSFT,0.005184534030341359,503.7635498046875,508.8012664794922,0.00554980851300721,0.000455385449735779,-0.003098602510448023,0
2025-09-05,505.8662561110588,508.7479993566889,489.27134277765646,491.8847961425781,31994800,0.0,0.0,MSFT,-0.02553298718707464,500.8539794921875,507.5598709106445,0.009993700028017671,0.005184534030341359,0.000455385449735779,1
2025-09-08,494.97517595073856,498.0457560062632,491.91457299081776,495.0646362304688,16771000,0.0,0.0,MSFT,0.006464603323435458,499.1666625976562,506.4179397583008,0.010040989736810476,-0.02553298718707464,0.005184534030341359,1
2025-09-09,498.2743291790133,499.0891759280413,494.5678227014102,495.2733459472656,14410500,0.0,0.0,MSFT,0.00042158074223586084,497.83311767578124,505.2998382568359,0.009951553788718448,0.006464603323435458,-0.02553298718707464,1
2025-09-10,499.8145678368591,500.06299449245154,493.5939546766565,497.2209777832031,21611800,0.0,0.0,MSFT,0.003932438221993184,496.8433837890625,503.90858001708983,0.00999514164430359,0.00042158074223586084,0.006464603323435458,1
2025-09-11,499.0891506177463,500.0033740526988,494.7466575341409,497.8569641113281,18881600,0.0,0.0,MSFT,0.0012790818500065804,495.46014404296875,502.9786895751953,0.00943949511481113,0.003932438221993184,0.00042158074223586084,1
2025-09-12,503.4614629424367,509.3243260516039,500.67909648146514,506.6910095214844,23624900,0.0,0.0,MSFT,0.017744143492950837,498.42138671875,502.396257019043,0.011034983633269373,0.0012790818500065804,0.003932438221993184,1
2025-09-15,505.5880086221314,512.2259313574772,503.80926524972944,512.1166381835938,17143800,0.0,0.0,MSFT,0.010707963157335909,501.831787109375,502.1996871948242,0.011286062012160482,0.017744143492950837,0.0012790818500065804,0
2025-09-16,513.6270820344445,513.9748550906477,505.3991924428879,505.83642578125,19711900,0.0,0.0,MSFT,-0.012263246171065223,503.94440307617185,501.84138946533204,0.01206899784943557,0.010707963157335909,0.017744143492950837,1
2025-09-17,507.4064717390096,508.07226852063866,502.74598524416496,506.8102416992188,15816600,0.0,0.0,MSFT,0.001925159732150128,505.862255859375,501.89538116455077,0.012072751288518944,-0.012263246171065223,0.010707963157335909,0
2025-09-18,508.270998935228,509.8410724066984,504.4651158521554,505.2501525878906,18913700,0.0,0.0,MSFT,-0.0030782509566057437,507.3408935546875,502.0722625732422,0.012036197282281235,0.001925159732150128,-0.012263246171065223,1
2025-09-19,507.3467979626096,516.0317832353262,507.09837133283605,514.67041015625,52474100,0.0,0.0,MSFT,0.01864473968015412,508.9367736816406,502.75245361328126,0.009370254144571556,-0.0030782509566057437,0.001925159732150128,0
2025-09-22,512.3451813197225,514.4816139887456,509.31432785382,511.21234130859375,20009300,0.0,0.0,MSFT,-0.006718996817023926,508.75591430664065,503.1111785888672,0.009982720552673642,0.01864473968015412,-0.0030782509566057437,0
2025-09-23,510.5664850795932,511.35155218118825,504.1173383670773,506.0252685546875,19799600,0.0,0.0,MSFT,-0.01014661097701286,508.79368286132814,503.35811614990234,0.010839192911561385,-0.006718996817023926,0.01864473968015412,1
2025-09-24,507.1679860456216,509.2547456727144,503.72976965544393,506.9394226074219,13533700,0.0,0.0,MSFT,0.001806538348065878,508.81951904296875,503.7610626220703,0.01082233126142491,-0.01014661097701286,-0.006718996817023926,0
2025-09-25,505.10107733704126,506.8003375404676,501.8616142840625,503.8390808105469,15786500,0.0,0.0,MSFT,-0.006115803306297463,508.5373046875,503.7754730224609,0.011124730540623719,0.001806538348065878,-0.01014661097701286,1
2025-09-26,506.849997214163,510.70558375978015,503.4316440082871,508.2411804199219,16213100,0.0,0.0,MSFT,0.008737114243486443,507.2514587402344,503.86589965820315,0.00994280461218435,-0.006115803306297463,0.001806538348065878,1
2025-09-29,508.28092297827857,513.5972289973041,505.67741655332713,511.36138916015625,17617800,0.0,0.0,MSFT,0.006139228501036431,507.28126831054686,504.2589080810547,0.009509489011430526,0.008737114243486443,-0.006115803306297463,1
2025-09-30,510.0099885223437,514.8990082310244,506.45253207823936,514.6903686523438,19728200,0.0,0.0,MSFT,0.006510032948821021,509.0142883300781,504.89637298583983,0.008657951477405147,0.006139228501036431,0.008737114243486443,1
2025-10-01,511.5601971915601,517.2342842847302,508.4697839098333,516.4393310546875,22632300,0.0,0.0,MSFT,0.0033980865173817154,510.9142700195313,505.6098571777344,0.008673393706840272,0.006510032948821021,0.006139228501036431,0
2025-10-02,514.3823296081488,518.3173691617891,507.4661094259624,512.4942626953125,21222900,0.0,0.0,MSFT,-0.007638977363165322,512.6453063964843,505.9959121704102,0.009075850241407148,0.0033980865173817154,0.006510032948821021,1
2025-10-03,513.8456285403139,517.2143082734997,511.7588690628015,514.0940551757812,15112300,0.0,0.0,MSFT,0.0031215812486466987,513.8158813476563,507.1063751220703,0.006869707333655853,-0.007638977363165322,0.0033980865173817154,1
2025-10-06,515.3461902238155,527.6880704621805,514.9387971845453,525.2435302734375,21388600,0.0,0.0,MSFT,0.02168761724708901,516.5923095703125,508.6153198242188,0.009276060608336493,0.0031215812486466987,-0.007638977363165322,0
2025-10-07,524.9652461341774,526.4657528279373,518.1583800775612,520.682373046875,14615200,0.0,0.0,MSFT,-0.008683890354990176,517.7907104492188,509.8857711791992,0.009059098381475542,0.02168761724708901,0.0031215812486466987,1
2025-10-08,519.9868090400763,523.6336952116123,519.7980023635643,521.546875,13363400,0.0,0.0,MSFT,0.0016603249848197166,518.8122192382813,511.10206604003906,0.009061170173807606,-0.008683890354990176,0.02168761724708901,0
2025-10-09,519.0527457511332,521.0302122328587,514.1438325922749,519.1123657226562,18343600,0.0,0.0,MSFT,-0.004667862840408654,520.13583984375,512.1648361206055,0.008911758228417443,0.0016603249848197166,-0.008683890354990176,0
2025-10-10,516.3697201998212,520.2849266906686,506.4227072751714,507.7443237304688,24133800,0.0,0.0,MSFT,-0.021899000568714966,518.8658935546875,512.2175018310547,0.011592988933879495,-0.004667862840408654,0.0016603249848197166,1
2025-10-13,513.1600134586593,513.1600134586593,508.4598005130746,510.81488037109375,14284200,0.0,0.0,MSFT,0.006047446514153343,515.9801635742188,512.1524139404297,0.011587590717800588,-0.021899000568714966,-0.004667862840408654,0
2025-10-14,507.0189143190136,512.0371506947121,502.815524609146,510.337890625,14684300,0.0,0.0,MSFT,-0.0009337820107104822,513.9112670898437,512.3774871826172,0.011356393051226727,0.006047446514153343,-0.021899000568714966,0
2025-10-15,511.7191611629328,513.935107423202,506.7903547024341,510.1987609863281,14694700,0.0,0.0,MSFT,-0.0002726225922623504,511.6416442871094,512.5469131469727,0.01126490597687749,-0.0009337820107104822,0.006047446514153343,0
2025-10-16,509.3541552294708,513.597241245564,504.93214864922606,508.3902282714844,15559600,0.0,0.0,MSFT,-0.003544761087517001,509.497216796875,512.7039169311523,0.011075997959025502,-0.0002726225922623504,-0.0009337820107104822,1
2025-10-17,505.8364635131052,512.2359067167633,504.1173400169688,510.347900390625,19867800,0.0,0.0,MSFT,0.003850727276558219,510.01793212890624,512.4877914428711,0.011106663500410308,-0.003544761087517001,-0.0002726225922623504,1
2025-10-20,511.37132460679527,515.4356111738924,510.1987581296245,513.53759765625,14665600,0.0,0.0,MSFT,0.006250044848197911,510.5624755859375,512.6040542602539,0.008394717788086129,0.003850727276558219,-0.003544761087517001,1
2025-10-21,514.2431942660954,515.4257076122852,509.81124074780416,514.4021606445312,15586200,0.0,0.0,MSFT,0.0016835437020132904,511.3753295898438,513.0228988647461,0.008144086140443874,0.006250044848197911,0.003850727276558219,1
2025-10-22,517.8702452376143,521.9245247034462,514.4518919333965,517.2640380859375,18962700,0.0,0.0,MSFT,0.005563501984168218,512.7883850097656,513.5391296386719,0.008385433113812533,0.0016835437020132904,0.006250044848197911,1
2025-10-23,519.1720024577996,520.6526156742948,515.3461954332505,517.283935546875,14023500,0.0,0.0,MSFT,3.8466739368026026e-05,514.5671264648438,514.2113723754883,0.008275092529729234,0.005563501984168218,0.0016835437020132904,1
2025-10-24,519.499850577073,522.0437370421222,517.4329845218087,520.314697265625,15532400,0.0,0.0,MSFT,0.005858990605509318,516.5604858398438,514.8150482177734,0.003525489736411815,3.8466739368026026e-05,0.005563501984168218,1
2025-10-27,528.4333612309177,531.2157277722118,525.6807743511338,528.1749877929688,18734700,0.0,0.0,MSFT,0.015106800881565352,519.4879638671875,515.655728149414,0.0052792276775536235,0.005858990605509318,3.8466739368026026e-05,1
2025-10-28,546.5386557673307,550.2352153811122,537.366762825241,538.6585693359375,29986700,0.0,0.0,MSFT,0.019848689894944593,524.3392456054687,516.8541381835937,0.007157572808932365,0.015106800881565352,0.005858990605509318,0
2025-10-29,541.510525937623,542.8321728172806,533.3521721804118,538.141845703125,36023000,0.0,0.0,MSFT,-0.0009592785898672185,528.5148071289062,517.9392639160156,0.007221456566253117,0.019848689894944593,0.015106800881565352,0
2025-10-30,527.1414377363435,531.6031704966998,518.8340654321457,522.451171875,41023100,0.0,0.0,MSFT,-0.029157133854966988,529.5482543945312,518.437109375,0.012980236206899663,-0.0009592785898672185,0.019848689894944593,0
2025-10-31,525.5515477587454,525.9887810857076,511.8582417946861,514.5512084960938,34006400,0.0,0.0,MSFT,-0.015120960204863643,528.395556640625,518.4599670410156,0.014145133233526874,-0.029157133854966988,-0.0009592785898672185,0
2025-11-03,516.5385956979154,521.6562086548496,511.3514766558802,513.776123046875,22374700,0.0,0.0,MSFT,-0.0015063329682659665,525.5157836914062,517.8865966796875,0.014032063452295912,-0.015120960204863643,-0.029157133854966988,0
2025-11-04,508.5393367379826,512.3054631947169,504.6439932361389,511.0931701660156,20958700,0.0,0.0,MSFT,-0.005222027183646616,520.0027038574219,517.4071365356446,0.014117085743463629,-0.0015063329682659665,-0.015120960204863643,0
2025-11-05,510.0695738143288,511.58997398954807,503.3918644042552,503.9682312011719,23024300,0.0,0.0,MSFT,-0.013940587315086628,513.1679809570312,516.5282043457031,0.014519445651979138,-0.005222027183646616,-0.0015063329682659665,0
2025-11-06,502.4776836990636,502.5174404542645,492.6896676102462,493.9715576171875,27406500,0.0,0.0,MSFT,-0.01983592013361246,507.47205810546876,515.2711639404297,0.0154621680216399,-0.013940587315086628,-0.005222027183646616,0
2025-11-07,493.8225155697467,496.2372153715257,490.1457889557352,493.6933288574219,24019800,0.0,0.0,MSFT,-0.0005632485423001654,503.30048217773435,514.5686141967774,0.015113883828516918,-0.01983592013361246,-0.013940587315086628,1
2025-11-10,496.8930386116327,503.6601778844964,495.66082185127294,502.8155212402344,26101500,0.0,0.0,MSFT,0.018477447130842206,501.1083618164063,514.1686462402344,0.015643764782259078,-0.0005632485423001654,-0.01983592013361246,1
2025-11-11,501.6230817360039,506.3928916321033,499.1885187507047,505.4786682128906,17980000,0.0,0.0,MSFT,0.005296469301678153,499.98546142578124,513.925685119629,0.013645555039384038,0.018477447130842206,-0.0005632485423001654,1
2025-11-12,506.1543908722183,508.4498810705414,495.9788447581273,507.9232177734375,26574900,0.0,0.0,MSFT,0.004836108255941829,500.7764587402344,513.8119079589844,0.014013479852379315,0.005296469301678153,0.018477447130842206,0
2025-11-13,507.098398329558,510.2683247202687,498.1351759673349,500.1225891113281,25273100,0.0,0.0,MSFT,-0.015357889517838341,502.0066650390625,513.3985260009765,0.011975281285813062,0.004836108255941829,0.005296469301678153,1
2025-11-14,495.0944623167857,508.3803150309122,494.30942559248354,506.96923828125,28505700,0.0,0.0,MSFT,0.013689941864229116,504.66184692382814,513.2295928955078,0.01253369202179461,-0.015357889517838341,0.004836108255941829,0
2025-11-17,505.2501227292945,508.8970088955905,501.7323929449627,504.296142578125,19092800,0.0,0.0,MSFT,-0.005272698028360612,504.9579711914063,512.7675201416016,0.012593269419982329,0.013689941864229116,-0.015357889517838341,0
2025-11-18,492.2524466910109,499.8145698875434,483.7165104088928,490.6824035644531,33815100,0.0,0.0,MSFT,-0.026995524780487168,501.99871826171875,511.58153228759767,0.01492007647744084,-0.005272698028360612,0.013689941864229116,0
2025-11-19,487.0156083775533,492.0735713081103,479.79134202204426,484.0543518066406,23245300,0.0,0.0,MSFT,-0.013507824429130677,497.2249450683594,509.9210479736328,0.01488852631542395,-0.026995524780487168,-0.005272698028360612,0
2025-11-20,490.5255566668064,491.3817596467919,473.39186588492817,476.3088684082031,26802500,0.91,0.0,MSFT,-0.016001267976476163,492.4622009277344,507.8722946166992,0.014476837531894089,-0.013507824429130677,-0.026995524780487168,0
2025-11-21,476.3785437287191,476.796695003642,466.19388806310616,470.0268249511719,31769200,0.0,0.0,MSFT,-0.013189012159327329,485.07371826171874,505.35790100097654,0.014736631008403858,-0.016001267976476163,-0.013507824429130677,1
2025-11-24,472.8940955697233,474.7856658755464,465.9450303435204,471.8985290527344,34421000,0.0,0.0,MSFT,0.0039821218751865395,478.5941955566406,502.54407806396483,0.012774623335457485,-0.013189012159327329,-0.016001267976476163,1
2025-11-25,471.9681767111092,477.0256407210385,462.8288843313517,474.8752136230469,28019800,0.0,0.0,MSFT,0.0063078911822160855,475.43275756835936,499.3549102783203,0.012879787577138986,0.0039821218751865395,-0.013189012159327329,1
2025-11-26,484.1539100429923,486.1450429108074,479.0665801492176,483.3475036621094,25709100,0.0,0.0,MSFT,0.017841087081432283,475.2913879394531,496.61519317626954,0.014647663057362379,0.0063078911822160855,0.0039821218751865395,1
2025-11-28,485.4382224868377,490.4459206738112,484.4924221764412,489.8286743164063,14386700,0.0,0.0,MSFT,0.013408925473271216,477.99534912109374,494.9840682983398,0.015170234805590018,0.017841087081432283,0.0063078911822160855,0
2025-12-01,486.2744758383938,487.68816317334665,482.5012705124726,484.5820007324219,23964000,0.0,0.0,MSFT,-0.010711242234453855,480.90638427734376,493.48560791015626,0.01430881829762066,0.013408925473271216,0.017841087081432283,1
2025-12-02,484.56211884124775,491.312058367048,484.1638983253085,487.82757568359375,19562700,0.0,0.0,MSFT,0.006697679538790746,484.0921936035156,492.1881805419922,0.014723668458072088,-0.010711242234453855,0.013408925473271216,0
2025-12-03,474.2082166599713,482.0930858950488,473.0931871020635,475.6119689941406,34615100,0.0,0.0,MSFT,-0.025040828559835693,484.2395446777344,490.41412048339845,0.014381916796048985,0.006697679538790746,-0.010711242234453855,1
2025-12-04,477.6329620200481,479.186043226252,474.3774403367437,478.7081604003906,22318200,0.0,0.0,MSFT,0.006509910616417036,483.3116760253906,489.1511169433594,0.014151401442522245,-0.025040828559835693,0.006697679538790746,1
2025-12-05,480.3807061976695,481.2568095233099,476.7568601661199,481.0178833007813,22608700,0.0,0.0,MSFT,0.004824908141233264,481.5495178222656,488.50343322753906,0.01320222681397695,0.006509910616417036,-0.025040828559835693,1
2025-12-08,482.74025101921535,490.1173719905148,482.2325023858298,488.8430480957031,21965900,0.0,0.0,MSFT,0.016267929045017837,482.4017272949219,488.26091918945315,0.012952818331532175,0.004824908141233264,0.006509910616417036,1
2025-12-09,486.931555516862,489.93815525049575,486.3342095719457,489.8385925292969,14696100,0.0,0.0,MSFT,0.0020365318428314794,482.8039306640625,487.61207275390626,0.012967867430161439,0.016267929045017837,0.004824908141233264,0
2025-12-10,481.88401246545567,482.10303829287767,472.973680864489,476.4382629394531,35756200,0.0,0.0,MSFT,-0.0273566227614912,482.969189453125,486.16005249023436,0.016212366166668227,0.0020365318428314794,0.016267929045017837,1
2025-12-11,474.5168367702029,483.8751552220924,473.750231167373,481.3265075683594,24669200,0.0,0.0,MSFT,0.010259974920459936,483.49285888671875,484.8302169799805,0.015468867613872584,-0.0273566227614912,0.0020365318428314794,0
2025-12-12,477.6927059881058,480.31105063829824,474.2281237707076,476.4084167480469,21248100,0.0,0.0,MSFT,-0.010217785106327315,482.5709655761719,483.6445083618164,0.01493576074049559,0.010259974920459936,-0.0273566227614912,0
2025-12-15,477.97146396596463,478.588710310573,470.4250531780871,472.7148742675781,23727700,0.0,0.0,MSFT,-0.007752890903315213,479.3453308105469,481.9317901611328,0.014787415970322262,-0.010217785106327315,0.010259974920459936,1
2025-12-16,469.8177748762136,475.7712732838117,468.79234263095657,474.2779235839844,20705600,0.0,0.0,MSFT,0.0033065371992535564,476.2331970214844,480.4308792114258,0.014593800175877341,-0.007752890903315213,-0.010217785106327315,0
2025-12-17,474.7956002423544,477.8718969329872,472.8940646732686,474.0090942382813,24527200,0.0,0.0,MSFT,-0.0005668181720784871,475.74736328125,479.5972137451172,0.012306934622175246,0.0033065371992535564,-0.007752890903315213,1
2025-12-18,476.0699208090834,487.4293375934554,475.7712630284666,481.8342590332031,28573500,0.0,0.0,MSFT,0.01650846975308906,475.8489135742187,479.4862091064453,0.013286062675177039,-0.0005668181720784871,0.0033065371992535564,1
2025-12-19,485.1992432324443,485.6870914455969,480.3508395546156,483.7656555175781,70836100,0.0,0.0,MSFT,0.004008424988813264,477.320361328125,479.8590484619141,0.013260593069935859,0.01650846975308906,-0.0005668181720784871,0
2025-12-22,483.9647726311972,486.5632169440421,480.5499868948874,482.7701110839844,16963000,0.0,0.0,MSFT,-0.0020579063896725147,479.33140869140624,480.4962127685547,0.01207567103118552,0.004008424988813264,0.01650846975308906,1
2025-12-23,482.829854335465,485.66719456773416,482.5908977144131,484.6915588378906,14683600,0.0,0.0,MSFT,0.003980047044735091,481.4141357421875,481.1358642578125,0.012148668113314906,-0.0020579063896725147,0.004008424988813264,1
2025-12-24,483.5267014178325,486.9912835675863,482.680463867149,485.8563232421875,5855900,0.0,0.0,MSFT,0.002403104372375564,483.78358154296876,481.6849197387695,0.007859837598863885,0.003980047044735091,-0.0020579063896725147,0
2025-12-26,484.5521629916047,485.9559154032999,483.8054881161676,485.5477294921875,8842200,0.0,0.0,MSFT,-0.000635154335217325,484.5262756347656,481.79493103027346,0.007322409603191384,0.002403104372375564,0.003980047044735091,0
2025-12-29,482.7103401528056,486.1848877649252,482.0333622504328,484.9404296875,10893400,0.0,0.0,MSFT,-0.0012507520225100155,484.76123046875,481.55051879882814,0.006285626925903867,-0.000635154335217325,0.002403104372375564,1
2025-12-30,483.7756098381124,487.5089841188462,483.3475235456682,485.3187561035156,13944500,0.0,0.0,MSFT,0.0007801502882722744,485.2709594726563,481.5873565673828,0.005355995746654232,-0.0012507520225100155,-0.000635154335217325,0
2025-12-31,485.6771523949816,485.9758405710775,481.1572720274455,481.4758605957031,15601600,0.0,0.0,MSFT,-0.007918291760792395,484.62781982421876,481.26977081298827,0.006296247881894357,0.0007801502882722744,-0.0012507520225100155,0
2026-01-02,482.24244872265706,482.5112407273309,468.07552715971417,470.84320068359375,25571600,0.0,0.0,MSFT,-0.022083474546271464,481.6251953125,481.0313323974609,0.00979499778763609,-0.007918291760792395,0.0007801502882722744,0
2026-01-05,471.9582279694173,473.95932625248497,467.41844739653146,470.7536010742188,25250300,0.0,0.0,MSFT,-0.00019029606723608428,478.66636962890624,480.6336044311523,0.007761548847177518,-0.022083474546271464,-0.007918291760792395,1
2026-01-06,471.69937935780575,476.617480129593,467.6673473241013,476.3885192871094,23037700,0.0,0.0,MSFT,0.011969994918853866,476.95598754882815,480.4021362304687,0.00881674887909582,-0.00019029606723608428,-0.022083474546271464,1
2026-01-07,477.63296458601815,487.5288974221053,475.8309917616744,481.3265075683594,25564200,0.0,0.0,MSFT,0.010365464492384069,476.15753784179685,480.02630920410155,0.009572332396446155,0.011969994918853866,-0.00019029606723608428,0
2026-01-08,479.1063927688648,480.5201105081445,473.7502403609407,475.9902648925781,18162600,0.0,0.0,MSFT,-0.011086533967845869,475.0604187011719,479.3338928222656,0.010007021057883671,0.010365464492384069,0.011969994918853866,1
2026-01-09,471.9582322108041,477.6927047258898,470.106493184136,477.1550903320313,18491000,0.0,0.0,MSFT,0.0024471623168933476,476.3227966308594,479.3697341918945,0.010009069332815996,-0.011086533967845869,0.010365464492384069,0
2026-01-12,474.5566738594685,478.8574978399144,473.57104241242143,475.06439208984375,23519900,0.0,0.0,MSFT,-0.004381590565727289,477.18495483398436,479.05662841796874,0.01003236874812286,0.0024471623168933476,-0.011086533967845869,0
2026-01-13,472.57548334410274,473.6706125344443,463.88420753037366,468.5832824707031,28545800,0.0,0.0,MSFT,-0.013642591882396693,475.6239074707031,478.6653717041016,0.010656908840337086,-0.004381590565727289,0.0024471623168933476,0
2026-01-14,464.3919508718589,466.12425727832346,455.1431597671445,457.3433532714844,28184300,0.0,0.0,MSFT,-0.023987046955567637,470.8272766113281,477.89679565429685,0.012330750427604032,-0.013642591882396693,-0.004381590565727289,0
2026-01-15,462.06232415810086,462.191752665677,453.8787662235596,454.6354064941406,23225800,0.0,0.0,MSFT,-0.005921036695894166,466.5563049316406,476.9146697998047,0.012309697375320984,-0.023987046955567637,-0.013642591882396693,1
2026-01-16,455.8001987238622,461.13645097900303,454.4562082505655,457.8211975097656,34246700,0.0,0.0,MSFT,0.00700735351914572,462.6895263671875,476.1052749633789,0.011398526291662466,-0.005921036695894166,-0.023987046955567637,0
2026-01-20,449.2194951600843,454.77474258752966,447.28809381488645,452.5048522949219,26130000,0.0,0.0,MSFT,-0.011612274057560046,458.1776184082031,474.63880462646483,0.011683150419923627,0.00700735351914572,-0.005921036695894166,0
2026-01-21,450.5933708341933,450.6829681667298,436.7350728053031,442.1409912109375,37980500,0.0,0.0,MSFT,-0.022903314807395048,452.88916015625,472.5575714111328,0.011629592412079812,-0.011612274057560046,0.00700735351914572,1
2026-01-22,445.6354487179439,450.8323067932568,442.7284117030413,449.1398620605469,25349400,0.0,0.0,MSFT,0.01582950006612327,451.2484619140625,470.8760589599609,0.012640002887425799,-0.022903314807395048,-0.011612274057560046,1
2026-01-23,449.8665935761158,469.0113467802032,448.5325382185013,463.8841857910156,38000200,0.0,0.0,MSFT,0.03282791169509047,453.0982177734375,469.8356903076172,0.0176360590633746,0.01582950006612327,-0.022903314807395048,1
2026-01-26,463.2470104625561,472.1473767264207,459.9516880286902,468.1949768066406,29291200,0.0,0.0,MSFT,0.009292817361890027,455.1729736328125,468.95262298583987,0.01797614418608284,0.03282791169509047,0.01582950006612327,1
2026-01-27,471.59986874099184,480.7291966391232,471.06225431764057,478.4493408203125,29213900,0.0,0.0,MSFT,0.021901909507044515,460.36187133789065,468.5977035522461,0.019412567577394763,0.009292817361890027,0.03282791169509047,1
2026-01-28,481.0676409982362,481.5952899852128,475.8807484603396,479.4946594238281,36875400,0.0,0.0,MSFT,0.0021848051911272925,467.8326049804688,468.3254150390625,0.01873024188231591,0.021901909507044515,0.009292817361890027,0
2026-01-29,438.0392806211351,440.5381621786467,419.1533835040837,431.57806396484375,128855300,0.0,0.0,MSFT,-0.0999314476548332,464.32024536132815,465.6383804321289,0.037066783538688114,0.0021848051911272925,0.021901909507044515,0
2026-01-30,437.2229285851671,437.65101486434605,424.5593222020372,428.3822937011719,58566800,0.0,0.0,MSFT,-0.007404848694840482,457.21986694335936,462.9837020874023,0.03707326072802815,-0.0999314476548332,0.0021848051911272925,0
2026-02-02,428.332517897532,428.8303011436502,420.3779513468908,421.4929809570313,42219900,0.0,0.0,MSFT,-0.016082160363393494,447.8794677734375,460.51619110107424,0.03694169573784648,-0.007404848694840482,-0.0999314476548332,0
2026-02-03,420.1390072256922,420.178808008447,406.7486263222299,409.3868713378906,61424100,0.0,0.0,MSFT,-0.028721972051949374,434.0669738769531,457.44785461425784,0.03754007821451378,-0.016082160363393494,-0.007404848694840482,1
2026-02-04,409.17783910585314,417.938812315792,407.4256323109538,412.3536987304688,45012400,0.0,0.0,MSFT,0.007247001797792141,420.63878173828124,454.2461135864258,0.03753695540501678,-0.028721972051949374,-0.016082160363393494,0
2026-02-05,405.6335909812077,406.4897635323938,390.5806313349955,391.9246520996094,66289200,0.0,0.0,MSFT,-0.04954253276678544,412.7080993652344,449.7760208129883,0.038924335699237284,0.007247001797792141,-0.028721972051949374,1
2026-02-06,397.4002746193236,400.0086538663787,391.1779842848308,399.3615417480469,53515300,0.0,0.0,MSFT,0.018975304586217767,406.9039489746094,445.94458465576173,0.03733314919857608,-0.04954253276678544,0.007247001797792141,1
2026-02-09,403.0550898097971,413.0505856348112,399.0927243377603,411.7662963867188,45480500,0.0,0.0,MSFT,0.031061465218646278,404.9586120605469,442.6751449584961,0.0394314169905204,0.018975304586217767,-0.04954253276678544,0
2026-02-10,417.75959730190846,421.801594739736,410.8702943432265,411.437744140625,44857900,0.0,0.0,MSFT,-0.0007979095156084304,405.36878662109376,439.49381256103516,0.037883931468096384,0.031061465218646278,0.018975304586217767,0
2026-02-11,414.33481566901673,414.61357304478975,399.2320904458023,402.5771789550781,42491000,0.0,0.0,MSFT,-0.021535615805142183,403.4134826660156,436.1935073852539,0.03747741770869288,-0.0007979095156084304,0.031061465218646278,0
2026-02-12,403.20440420967,404.3990960787573,396.24540458526855,400.0584106445313,40802400,0.0,0.0,MSFT,-0.006256609768801269,405.040234375,433.3292602539062,0.02342860779138751,-0.021535615805142183,-0.0007979095156084304,0
2026-02-13,402.65686886295305,403.7420326637702,396.2852191820681,399.5407409667969,34091600,0.0,0.0,MSFT,-0.001293985238056683,405.07607421875,430.57452697753905,0.023505305921974917,-0.006256609768801269,-0.021535615805142183,0
2026-02-17,397.4500470508712,398.7442713079252,392.7808378797226,395.1004943847656,32078800,0.0,0.0,MSFT,-0.011113376251159934,401.7429138183594,427.43849182128906,0.023336728511020755,-0.001293985238056683,-0.006256609768801269,1
2026-02-18,396.3648548030424,400.77520665339193,394.5628820536712,397.8283386230469,23223400,0.0,0.0,MSFT,0.006904178245914272,399.0210327148437,424.7046661376953,0.022208179085245323,-0.011113376251159934,-0.001293985238056683,0
2026-02-19,399.82403795970674,403.5559453902056,395.8127368785549,397.5988464355469,28234000,0.91,0.0,MSFT,-0.0005768623429248665,398.0253662109375,422.4775588989258,0.02195775336786337,0.006904178245914272,-0.011113376251159934,0
2026-02-20,395.2539159508346,399.2552593187824,394.3059873534157,396.37152099609375,34015200,0.0,0.0,MSFT,-0.0030868435621884682,397.28798828125,419.8391418457031,0.014892476639560174,-0.0005768623429248665,0.006904178245914272,0
2026-02-23,394.14630950985264,394.50551684604494,382.27203437696886,383.6390686035156,43238300,0.0,0.0,MSFT,-0.03212252071132937,394.10765380859374,415.82688598632814,0.01677386121509665,-0.0030868435621884682,-0.0005768623429248665,1
2026-02-24,383.3098196996745,388.5185091169527,380.8850482189813,388.1593017578125,33884700,0.0,0.0,MSFT,0.01178251519260276,392.71941528320315,411.8251022338867,0.012993300273804145,-0.03212252071132937,-0.0030868435621884682,1
2026-02-25,389.68597856263057,400.6023372807383,389.31678308531696,399.7342224121094,43625500,0.0,0.0,MSFT,0.0298200264733548,393.1005920410156,407.88934631347655,0.017224163951808705,0.01178251519260276,-0.03212252071132937,1
2026-02-26,403.8353349281015,406.6093255926281,397.8782360341113,400.851806640625,34405900,0.0,0.0,MSFT,0.0027958182358562844,393.7511840820313,403.9572036743164,0.015946436555280864,0.0298200264733548,0.01178251519260276,0
2026-02-27,390.03523926255787,395.9624042352165,389.0374004516944,391.8912048339844,51367200,0.0,0.0,MSFT,-0.022353901512221608,392.85512084960936,401.9728607177734,0.017362492322340835,0.0027958182358562844,0.0298200264733548,1
2026-03-02,392.0109241194205,400.3229381169724,389.78576315389057,397.6886291503906,35474900,0.0,0.0,MSFT,0.014793453501622311,395.6650329589844,400.43817749023435,0.018154635014364165,-0.022353901512221608,0.0027958182358562844,1
2026-03-03,392.2903484387299,405.82103971635513,391.8213629990231,403.0570068359375,38199200,0.0,0.0,MSFT,0.013498946894749508,398.6445739746094,399.51637878417966,0.018196451081883766,0.014793453501622311,-0.022353901512221608,1
2026-03-04,400.4027502952161,410.14166638677375,399.4448336072076,404.32427978515625,35808000,0.0,0.0,MSFT,0.0031441531290252733,399.5625854492188,399.263249206543,0.018125904899237953,0.013498946894749508,0.014793453501622311,1
2026-03-05,403.54596943015656,410.7204021828405,403.525993165685,409.79241943359375,39001300,0.0,0.0,MSFT,0.013524143668401711,401.3507080078125,399.1351852416992,0.018468347864870848,0.0031441531290252733,0.013498946894749508,0
2026-03-06,408.3156433731429,412.1572983375802,407.6271321747383,408.0761413574219,31123900,0.0,0.0,MSFT,-0.004188164531066962,404.5876953125,399.94275970458983,0.018513097940627693,0.013524143668401711,0.0031441531290252733,1
2026-03-09,404.044890641513,409.3234358422322,402.62794618065146,408.5251770019531,30131900,0.0,0.0,MSFT,0.0011003722075924038,406.7550048828125,400.4009414672852,0.013902996314625155,-0.004188164531066962,0.013524143668401711,0
2026-03-10,409.1438479339772,409.3134939311744,402.05918625996463,404.8830871582031,31706400,0.0,0.0,MSFT,-0.008915215141642507,407.12022094726564,400.05678100585936,0.01453747043969563,0.0011003722075924038,-0.004188164531066962,0
2026-03-11,404.6934855668013,408.1260534422115,400.7220762180728,404.0049743652344,25512100,0.0,0.0,MSFT,-0.0021688058128880305,407.0563598632813,399.68514251708984,0.011506967645592302,-0.008915215141642507,0.0011003722075924038,0
2026-03-12,403.7555185610488,405.2422886286942,400.8418158660113,400.9914855957031,27263900,0.0,0.0,MSFT,-0.007459038776109095,405.2961730957031,399.6058578491211,0.011794684495473114,-0.0021688058128880305,-0.008915215141642507,0
2026-03-13,400.1333630935344,403.9251383935716,393.3979511212616,394.6951293945313,26848000,0.0,0.0,MSFT,-0.015701969810700822,402.619970703125,399.3376937866211,0.010504829485319745,-0.007459038776109095,-0.0021688058128880305,1
2026-03-16,397.209690545171,399.7641553863696,393.9367805641587,399.0856323242188,27733700,0.0,0.0,MSFT,0.011123782896491852,400.73206176757816,399.3149383544922,0.010012808307386814,-0.015701969810700822,-0.007459038776109095,0
2026-03-17,399.4049101655112,403.5259891234105,396.8903674487218,398.5467834472656,26228300,0.0,0.0,MSFT,-0.0013502086602692476,399.46480102539067,399.4872528076172,0.008892030923036746,0.011123782896491852,-0.015701969810700822,0
2026-03-18,396.271723303423,397.13983817793417,390.1549666521916,390.9432678222656,25908500,0.0,0.0,MSFT,-0.019078100591435554,396.85245971679694,399.14299926757815,0.010370444103515486,-0.0013502086602692476,0.011123782896491852,0
2026-03-19,389.2569126674818,391.6417315076428,386.2234742615233,388.1792297363281,25138800,0.0,0.0,MSFT,-0.007070176962847952,394.29000854492193,398.67201843261716,0.008538790858328874,-0.019078100591435554,-0.0013502086602692476,0
2026-03-20,385.95408868282834,386.1636263101853,379.2984903035221,381.0447082519531,50853200,0.0,0.0,MSFT,-0.018379451907360234,391.55992431640624,397.90567779541016,0.009450967179245689,-0.007070176962847952,-0.019078100591435554,1
2026-03-23,383.07032058481127,386.3731646745857,380.85511716508233,382.1722717285156,29680100,0.0,0.0,MSFT,0.002959136952026542,388.1772521972656,397.8323379516602,0.009639783199910499,-0.018379451907360234,-0.007070176962847952,0
2026-03-24,381.53362193174286,381.6434000325674,371.04635704379217,371.9344177246094,42733600,0.0,0.0,MSFT,-0.026788584000617788,382.8547790527344,397.02109375,0.011578037613226316,0.002959136952026542,-0.018379451907360234,0
2026-03-25,376.10542586510894,376.2451074667104,368.831172255135,370.2381286621094,31181200,0.0,0.0,MSFT,-0.004560720873527657,378.7137512207031,395.5462890625,0.011459300794064944,-0.026788584000617788,0.002959136952026542,0
2026-03-26,370.01860155518807,373.9101668945663,364.4007640805619,365.1790771484375,36836600,0.0,0.0,MSFT,-0.01366431796733969,374.113720703125,393.7626525878906,0.011556413387494626,-0.004560720873527657,-0.026788584000617788,0
2026-03-27,361.1178497172151,361.6666793192034,355.73951450811694,355.9989318847656,37883400,0.0,0.0,MSFT,-0.02513874928256188,369.1045654296875,391.96803894042966,0.012489352556375137,-0.01366431796733969,-0.004560720873527657,1
2026-03-30,361.1178525849577,364.5703662773937,355.51000344849933,358.1842041015625,44797000,0.0,0.0,MSFT,0.00613842352061944,364.30695190429685,389.9928176879883,0.011612554443664913,-0.02513874928256188,-0.01366431796733969,1
2026-03-31,363.7621155862403,372.0940755014272,362.28533367877645,369.3699951171875,45244400,0.0,0.0,MSFT,0.031229157756083703,363.7940673828125,388.30846710205077,0.017568022568915535,0.00613842352061944,-0.02513874928256188,0
2026-04-01,372.682807332766,373.1817267376728,367.4042619540212,368.57171630859375,29417200,0.0,0.0,MSFT,-0.0021611901863888283,363.4607849121094,386.52083892822264,0.017131398375916734,0.031229157756083703,0.00613842352061944,1
2026-04-02,366.4163701688664,372.83249667260446,363.3629859357669,372.6528625488281,24099100,0.0,0.0,MSFT,0.011072868751592857,364.9555419921875,384.6638610839844,0.01791796681497285,-0.0021611901863888283,0.031229157756083703,0
2026-04-06,372.682794233078,372.9222962461191,368.7014272663852,372.0741271972656,16146600,0.0,0.0,MSFT,-0.0015530146410365209,368.1705810546875,382.86376037597654,0.017185297959699315,0.011072868751592857,-0.0021611901863888283,0
2026-04-07,369.5396147715723,371.645070458656,365.7677853538718,371.48541259765625,21443300,0.0,0.0,MSFT,-0.0015822508381434508,370.83082275390626,381.0117721557617,0.01709219619460337,-0.0015530146410365209,0.011072868751592857,1
2026-04-08,384.148004001906,384.167949815935,370.6073237610428,373.52099609375,33064800,0.0,0.0,MSFT,0.005479578543501118,371.66102294921876,379.44366760253905,0.014951271957719652,-0.0015822508381434508,-0.0015530146410365209,0
2026-04-09,371.6949574789129,372.6927962909368,366.2567237727329,372.26373291015625,30435300,0.0,0.0,MSFT,-0.003365977272341003,372.39942626953126,377.85660552978516,0.014910827037294822,0.005479578543501118,-0.0015822508381434508,0
2026-04-10,372.17393720824543,374.8281921461914,369.23030048358606,370.0684814453125,28111100,0.0,0.0,MSFT,-0.005897032858082851,371.88255004882814,376.3104553222656,0.014271168967164209,-0.003365977272341003,0.005479578543501118,1
2026-04-13,372.8025510733858,383.70895264062807,370.2181521550117,383.539306640625,35745800,0.0,0.0,MSFT,0.03640089840318694,374.1755859375,375.75266418457034,0.014803569990519424,-0.005897032858082851,-0.003365977272341003,1
2026-04-14,387.0816509997633,393.8370088930228,385.684652281273,392.2604064941406,37504500,0.0,0.0,MSFT,0.022738477393367207,378.33058471679686,375.4114028930664,0.015536996080182157,0.03640089840318694,-0.005897032858082851,1
2026-04-15,397.1398382929036,413.47445440771634,395.8725939925935,410.3312683105469,45063400,0.0,0.0,MSFT,0.046068533854630056,385.69263916015626,376.0006271362305,0.018328773924093964,0.022738477393367207,0.03640089840318694,1
2026-04-16,418.9525857224824,419.9105328997013,411.2492993874727,419.3517456054688,41642400,0.0,0.0,MSFT,0.021983402171766864,395.11024169921876,377.4210510253906,0.018031251613067484,0.046068533854630056,0.022738477393367207,1
2026-04-17,423.9018933176335,430.64726300981,419.78081413338697,421.8762817382813,48568200,0.0,0.0,MSFT,0.006020092104702002,405.4718017578125,379.1059036254883,0.018165737659205535,0.021983402171766864,0.046068533854630056,0
2026-04-20,420.2398034863272,422.4150847565369,415.4002792280178,417.1664733886719,27582200,0.0,0.0,MSFT,-0.011163956243767315,412.1972351074219,380.91199188232423,0.019222930846938168,0.006020092104702002,0.021983402171766864,1
2026-04-21,419.33177508554746,426.2567789178336,416.2983670043314,423.2433166503906,32048500,0.0,0.0,MSFT,0.014566950244961241,418.39381713867186,382.96554412841795,0.018656065523333928,-0.011163956243767315,0.006020092104702002,1
2026-04-22,425.2689090952171,432.7626880248645,422.7543663498755,431.984375,29378200,0.0,0.0,MSFT,0.020652560845584977,422.7244384765625,385.9680419921875,0.018567687572996486,0.014566950244961241,-0.011163956243767315,0
2026-04-23,418.9825380949446,422.7443793162959,410.5208543154444,414.8514709472656,38308000,0.0,0.0,MSFT,-0.039660934617680055,421.8243835449219,388.19870910644534,0.02496023089225217,0.020652560845584977,0.014566950244961241,1
2026-04-24,416.0688403922519,424.0316048781353,414.9013556123021,423.7023010253906,27457400,0.0,0.0,MSFT,0.021334937195510273,422.18958740234376,391.12487030029297,0.024369729592958935,-0.039660934617680055,0.020652560845584977,1
2026-04-27,421.46715688014,426.1869149113369,416.1686352924954,423.9018859863281,30867300,0.0,0.0,MSFT,0.0004710499812119462,423.536669921875,394.52001800537107,0.02330827250109223,0.021334937195510273,-0.039660934617680055,1
2026-04-28,423.6524179624475,428.99086152362304,420.9881750222059,428.3222961425781,30438100,0.0,0.0,MSFT,0.010427908679775388,424.5524658203125,398.02692260742185,0.0228999104673766,0.0004710499812119462,0.021334937195510273,0
2026-04-29,423.6623688360089,425.8975483734993,419.38166246548025,423.5426330566406,38288300,0.0,0.0,MSFT,-0.011159034047451222,422.86411743164064,400.73555450439454,0.019529129757781382,0.010427908679775388,0.0004710499812119462,0
2026-04-30,409.92216255995794,413.5243765293071,397.1498378648014,406.8987121582031,70909400,0.0,0.0,MSFT,-0.03929691983619443,421.2735656738281,402.651904296875,0.022430582511676005,-0.011159034047451222,0.010427908679775388,1
2026-05-01,411.9078412872606,416.2085240460113,409.5529563541748,413.5443115234375,31372400,0.0,0.0,MSFT,0.01633231850252348,419.2419677734375,404.6964767456055,0.02310699589246894,-0.03929691983619443,-0.011159034047451222,0
2026-05-04,410.6505829404435,419.87060358807366,409.9121615309381,412.72607421875,28066500,0.0,0.0,MSFT,-0.0019785964451384253,417.0068054199219,406.7290740966797,0.022872552612436287,0.01633231850252348,-0.03929691983619443,0
2026-05-05,414.42242364358015,415.8792597859335,407.916495085617,410.4909362792969,25700900,0.0,0.0,MSFT,-0.005415548178495877,413.44053344726564,408.6793502807617,0.022242040059757884,-0.0019785964451384253,0.01633231850252348,1
2026-05-06,407.1182274562224,417.51572107575487,404.23445872829495,413.0653381347656,30285900,0.0,0.0,MSFT,0.0062715193636264654,411.34507446289064,410.6565673828125,0.020984446455680414,-0.005415548178495877,-0.0019785964451384253,1
2026-05-07,419.2020489501835,427.05506598481406,417.8549909144547,419.8606262207031,34942400,0.0,0.0,MSFT,0.016450879458010714,413.9374572753906,413.03641204833986,0.01771630234238527,0.0062715193636264654,-0.005415548178495877,0
2026-05-08,416.48795292910256,417.7252633012779,413.105264767488,414.2228393554688,33383800,0.0,0.0,MSFT,-0.013427757958591635,414.0731628417969,415.24412994384767,0.016741560916157194,0.016450879458010714,0.0062715193636264654,0
2026-05-11,406.9885016374445,411.79809190456297,404.6236285818644,411.7681579589844,35657900,0.0,0.0,MSFT,-0.005925992396517588,413.88157958984374,416.65557250976565,0.016753240822877782,-0.013427757958591635,0.016450879458010714,0
2026-05-12,413.5842224333829,414.6020070114768,405.7611701670722,406.8887023925781,38594200,0.0,0.0,MSFT,-0.01185000702966521,413.1611328125,417.3869873046875,0.016277374630371263,-0.005925992396517588,-0.013427757958591635,0
2026-05-13,402.3286237155428,405.4318878236479,400.1633000811369,404.3342590332031,29667100,0.0,0.0,MSFT,-0.006277990380058274,411.4149169921875,417.08713684082034,0.01614480509178348,-0.01185000702966521,-0.005925992396517588,1
2026-05-14,403.6058516736889,410.94993067744383,400.013625877668,408.5451354980469,27077500,0.0,0.0,MSFT,0.010414344989990054,409.1518188476563,416.5468063354492,0.011113344250003524,-0.006277990380058274,-0.01185000702966521,1
2026-05-15,413.3746572242232,427.24464052002446,412.01761111071977,421.0081481933594,50771200,0.0,0.0,MSFT,0.030505840389261074,410.5088806152344,416.50339965820314,0.013913663559399122,0.010414344989990054,-0.006277990380058274,1
2026-05-18,415.7196062415453,424.2012362508279,414.7117792841577,422.6246643066406,32564100,0.0,0.0,MSFT,0.00383963141857957,412.6801818847656,416.77630920410155,0.013856066753693153,0.030505840389261074,0.010414344989990054,0
2026-05-19,428.9708919761278,431.7648588737268,415.58987007798993,416.5178833007813,33018700,0.0,0.0,MSFT,-0.014449655975185771,414.60601806640625,416.4400375366211,0.014695572731684411,0.00383963141857957,0.030505840389261074,1
2026-05-20,413.2749005432513,421.18775475321456,410.4110776678385,420.1499938964844,27864000,0.0,0.0,MSFT,0.008720179231968883,417.7691650390625,415.8483184814453,0.01480290124945634,-0.014449655975185771,0.00383963141857957,0
2026-05-21,424.75,426.3399963378906,415.7099914550781,419.0899963378906,31393500,0.91,0.0,MSFT,-0.0025229027109182622,419.8781372070313,416.06024475097655,0.013905113935357444,0.008720179231968883,-0.014449655975185771,0
2026-05-22,419.5400085449219,424.3999938964844,416.3299865722656,418.5700073242188,22390300,0.0,0.0,MSFT,-0.001240757398686676,419.3905090332031,415.80363006591796,0.01311880339728773,-0.0025229027109182622,0.008720179231968883,0
2026-05-26,416.4299926757813,419.7699890136719,413.0199890136719,416.0299987792969,30398000,0.0,0.0,MSFT,-0.006068300404893701,418.0715759277344,415.41003570556643,0.013127371798710229,-0.001240757398686676,-0.0025229027109182622,0
2026-05-27,411.010009765625,415.9400024414063,409.5799865722656,412.6700134277344,28901500,0.0,0.0,MSFT,-0.008076305462157207,417.302001953125,414.6274215698242,0.012762687414479295,-0.006068300404893701,-0.001240757398686676,1
2026-05-28,412.9800109863281,429.489990234375,412.6700134277344,426.989990234375,47250500,0.0,0.0,MSFT,0.034700793226276616,418.6700012207031,414.79978942871094,0.01612838432479446,-0.008076305462157207,-0.006068300404893701,1
2026-05-29,432.5499877929688,450.3299865722656,432.3599853515625,450.239990234375,79654400,0.0,0.0,MSFT,0.05445092515456418,424.9,416.9668533325195,0.02239046429844867,0.034700793226276616,-0.008076305462157207,1
2026-06-01,464.8399963378906,466.3200073242188,458.2699890136719,460.5199890136719,53628900,0.0,0.0,MSFT,0.022832265019252507,433.2899963378906,419.3156372070313,0.021730852299517982,0.05445092515456418,0.034700793226276616,0
2026-06-02,446.8800048828125,453.5,440.4299926757813,441.30999755859375,37036800,0.0,0.0,MSFT,-0.04171369737114239,438.34599609375,420.7448333740234,0.027095968018684646,0.022832265019252507,0.05445092515456418,0
2026-06-03,438.4500122070313,440.3900146484375,424.25,427.3399963378906,39037000,0.0,0.0,MSFT,-0.03165575513355168,441.2799926757813,421.5872863769531,0.028928811991415903,-0.04171369737114239,0.022832265019252507,1
2026-06-04,435.80999755859375,436.1499938964844,426.4100036621094,428.0499877929688,26899500,0.0,0.0,MSFT,0.0016614205577818453,441.4919921875,422.3365188598633,0.028858206011312507,-0.03165575513355168,-0.04171369737114239,0
2026-06-05,428.3399963378906,429.4700012207031,414.3999938964844,416.6700134277344,34782200,0.0,0.0,MSFT,-0.026585620113925734,434.7779968261719,422.17698822021487,0.030267949070684377,0.0016614205577818453,-0.03165575513355168,0
2026-06-08,414.1400146484375,417.1600036621094,408.55999755859375,411.739990234375,32086700,0.0,0.0,MSFT,-0.011831960627074034,425.0219970703125,422.05284576416017,0.03049405522714082,-0.026585620113925734,0.0016614205577818453,0
2026-06-09,409.0299987792969,411.9800109863281,398.4800109863281,403.4100036621094,35317300,0.0,0.0,MSFT,-0.020231181740505533,417.44199829101564,421.6349380493164,0.031067315200119044,-0.011831960627074034,-0.026585620113925734,0
2026-06-10,398.5499877929688,405.0400085449219,397.1600036621094,397.3599853515625,32576000,0.0,0.0,MSFT,-0.014997194555478321,411.44599609375,421.15850219726565,0.031278128047416295,-0.020231181740505533,-0.011831960627074034,0
2026-06-11,395.2099914550781,396.8500061035156,384.0,390.3399963378906,47224100,0.0,0.0,MSFT,-0.017666572560045224,403.90399780273435,420.4587890625,0.028458781939191574,-0.014997194555478321,-0.020231181740505533,1
2026-06-12,391.4299926757813,391.739990234375,382.2699890136719,390.739990234375,34865800,0.0,0.0,MSFT,0.0010247320290952544,398.7179931640625,419.5685317993164,0.01863004493147668,-0.017666572560045224,-0.014997194555478321,1
2026-06-15,396.7999877929688,401.75,392.8500061035156,399.760009765625,32266400,0.0,0.0,MSFT,0.023084454513702557,396.3219970703125,418.50612487792966,0.01868540618732072,0.0010247320290952544,-0.017666572560045224,0
2026-06-16,395.7900085449219,396.8399963378906,390.6900024414063,393.8299865722656,31506800,0.0,0.0,MSFT,-0.014833957996038927,394.40599365234374,417.06639099121094,0.015975125363061286,0.023084454513702557,0.0010247320290952544,0
2026-06-17,390.25,390.3699951171875,377.3200073242188,378.9100036621094,41987800,0.0,0.0,MSFT,-0.03788432424867805,390.71599731445315,415.18599700927734,0.016952672681961878,-0.014833957996038927,0.023084454513702557,1
2026-06-18,377.8200073242188,381.3699951171875,373.2799987792969,379.3999938964844,59714200,0.0,0.0,MSFT,0.0012931572923366996,388.5279968261719,413.1484970092773,0.016920487901591785,-0.03788432424867805,-0.014833957996038927,0
2026-06-22,375.739990234375,381.6300048828125,367.0700073242188,367.3399963378906,45171100,0.0,0.0,MSFT,-0.03178702623248908,383.847998046875,410.56099700927734,0.017493597580855128,0.0012931572923366996,-0.03788432424867805,1
2026-06-23,372.3800048828125,377.2200012207031,370.6700134277344,373.9400024414063,40647600,0.0,0.0,MSFT,0.01796702283800533,378.6839965820312,408.3294967651367,0.01996178336784082,-0.03178702623248908,0.0012931572923366996,0
2026-06-24,371.5700073242188,378.8800048828125,364.7799987792969,365.4599914550781,44509900,0.0,0.0,MSFT,-0.022677464114465584,373.00999755859374,405.8009963989258,0.020123557696379805,0.01796702283800533,-0.03178702623248908,0
2026-06-25,362.7699890136719,364.2300109863281,349.20001220703125,352.8299865722656,66179000,0.0,0.0,MSFT,-0.03455919985256439,367.793994140625,402.80899505615236,0.02159813783135024,-0.022677464114465584,0.01796702283800533,1
2026-06-26,357.1499938964844,376.6099853515625,355.42999267578125,372.9700012207031,186201600,0.0,0.0,MSFT,0.05708135763656941,366.50799560546875,400.1079956054688,0.03040559524016474,-0.03455919985256439,-0.022677464114465584,0
2026-06-29,377.5,380.5,359.8999938964844,368.5700073242188,51229900,0.0,0.0,MSFT,-0.011797179081651232,366.75399780273443,396.0244964599609,0.030434444435051125,0.05708135763656941,-0.03455919985256439,1
2026-06-30,371.0299987792969,374.1499938964844,367.4500122070313,373.0199890136719,44945700,0.0,0.0,MSFT,0.012073640288203347,366.5699951171875,391.6494964599609,0.029472943582083133,-0.011797179081651232,0.05708135763656941,1
2026-07-01,380.8299865722656,388.8299865722656,374.8900146484375,384.2799987792969,48065800,0.0,0.0,MSFT,0.030186076074363744,370.33399658203126,388.7979965209961,0.03143377317400601,0.012073640288203347,-0.011797179081651232,1
2026-07-02,384.4800109863281,392.2000122070313,383.7000122070313,390.489990234375,42128900,0.0,0.0,MSFT,0.01616006941502235,377.8659973144531,386.9554962158203,0.029143106823044326,0.030186076074363744,0.012073640288203347,0
2026-07-06,387.0400085449219,389.1499938964844,381.2200012207031,386.739990234375,34224500,0.0,0.0,MSFT,-0.009603319147180267,380.6199951171875,384.88999633789064,0.029432654791574447,0.01616006941502235,0.030186076074363744,1
2026-07-07,392.489990234375,395.5700073242188,388.2200012207031,388.8399963378906,29297500,0.0,0.0,MSFT,0.0054300205733650575,384.6739929199219,383.4984954833984,0.026885692150896152,-0.009603319147180267,0.01616006941502235,0
2026-07-08,384.0299987792969,385.30999755859375,381.3299865722656,383.3399963378906,25908300,0.0,0.0,MSFT,-0.014144635458798516,386.7379943847656,382.07849578857423,0.02721666403540157,0.0054300205733650575,-0.009603319147180267,1
2026-07-09,374.4500122070313,384.6499938964844,373.3500061035156,384.3599853515625,31083200,0.0,0.0,MSFT,0.0026607946559606965,386.7539916992188,381.12599487304686,0.02571787043857241,-0.014144635458798516,0.0054300205733650575,1
2026-07-10,387.7999877929688,391.9100036621094,381.5,385.1000061035156,24644600,0.0,0.0,MSFT,0.0019253324491523838,385.6759948730469,380.5129959106445,0.02170161807268686,0.0026607946559606965,-0.014144635458798516,1
2026-07-13,387.75,393.6499938964844,384.1499938964844,390.989990234375,28914900,0.0,0.0,MSFT,0.015294687191659273,386.5259948730469,380.5454956054688,0.01410911015724968,0.0019253324491523838,0.0026607946559606965,0
2026-07-14,382.8200073242188,388.1900024414063,378.6499938964844,384.9299926757813,27863900,0.0,0.0,MSFT,-0.01549911176744212,385.743994140625,380.25499572753904,0.014632374271648551,0.015294687191659273,0.0019253324491523838,1
2026-07-15,387.7999877929688,398.9599914550781,386.3999938964844,395.6300048828125,36253700,0.0,0.0,MSFT,0.027797294081065793,388.2019958496094,380.0484954833984,0.01629335934809002,-0.01549911176744212,0.015294687191659273,1
2026-07-16,398.30999755859375,405.989990234375,392.0499877929688,401.1000061035156,37047400,0.0,0.0,MSFT,0.013826052506617614,391.55,380.41199645996096,0.01429629244957547,0.027797294081065793,-0.01549911176744212,0
2026-07-17,394.8599853515625,398.3900146484375,389.3900146484375,393.8200073242188,33049800,0.0,0.0,MSFT,-0.018150083940457473,393.29400024414065,381.15749664306645,0.015242103844030899,0.013826052506617614,0.027797294081065793,1
2026-07-20,391.4100036621094,403.1799926757813,389.6499938964844,402.2900085449219,27915800,0.0,0.0,MSFT,0.021507290292973824,395.55400390625,382.3019973754883,0.01600384603508483,-0.018150083940457473,0.013826052506617614,0
2026-07-21,398.8049926757813,401.4700012207031,396.3200073242188,397.75,23964731,0.0,0.0,MSFT,-0.011285412136739392,398.1180053710938,383.8224975585938,0.016703064276533855,0.021507290292973824,-0.018150083940457473,0
2024-07-22,180.9620335817989,182.89718796304905,180.5154466808104,181.9544219970703,16303900,0.0,0.0,GOOG,,,,,,,1
2024-07-23,182.4406476135208,183.8101482093944,181.9345350702227,182.20248413085935,23772600,0.0,0.0,GOOG,0.0013633201714273735,,,,,,0
2024-07-24,174.05498015563583,176.59549173446084,172.24884135676385,173.04273986816406,31250700,0.0,0.0,GOOG,-0.05027233468516645,,,,0.0013633201714273735,,0
2024-07-25,172.92367446263643,173.86644039100565,167.7632579376176,167.87242126464844,28967900,0.0,0.0,GOOG,-0.02987885309406646,,,,-0.05027233468516645,0.0013633201714273735,0
2024-07-26,167.48536832056084,168.54721586835882,164.60248168072974,167.3960418701172,25150100,0.0,0.0,GOOG,-0.0028377466110425242,174.49362182617188,,,-0.02987885309406646,-0.05027233468516645,1
2024-07-29,169.20222879248618,170.8495972349061,168.4281670217387,169.8274383544922,13768900,0.0,0.0,GOOG,0.014524814668327224,172.06822509765624,,,-0.0028377466110425242,-0.02987885309406646,1
2024-07-30,170.5220941845532,171.63356430516149,168.82510342152582,170.55186462402344,13681400,0.0,0.0,GOOG,0.004265660935302451,169.73810119628905,,,0.014524814668327224,-0.0028377466110425242,1
2024-07-31,173.588562813264,174.57103269969517,170.41292322335454,171.83203125,15650200,0.0,0.0,GOOG,0.007506025388808624,169.49595947265624,,,0.004265660935302451,0.014524814668327224,0
2024-08-01,170.67093590587697,174.3427695940567,169.2121238908002,171.13735961914062,17177800,0.0,0.0,GOOG,-0.004042736536406855,170.1489471435547,,,0.007506025388808624,0.004265660935302451,0
2024-08-02,166.90978626358353,168.91441481744445,165.12348434146207,167.11817932128906,18907800,0.0,0.0,GOOG,-0.023485113401282343,170.09337463378907,,,-0.004042736536406855,0.007506025388808624,0
2024-08-05,156.17213769389954,164.6769124629333,155.40800962630695,159.41725158691406,34907800,0.0,0.0,GOOG,-0.046080730209307585,168.01133728027344,,0.022959642263196377,-0.023485113401282343,-0.004042736536406855,0
2024-08-06,159.71995490631787,161.114259367224,156.92637919696486,159.31802368164062,36146500,0.0,0.0,GOOG,-0.0006224414502550291,165.7645690917969,,0.022830859032884773,-0.046080730209307585,-0.023485113401282343,1
2024-08-07,161.99748068038102,163.5356705180235,159.0203156124621,159.52642822265625,19334200,0.0,0.0,GOOG,0.001308103980953712,163.30344848632814,,0.019003509330033145,-0.0006224414502550291,-0.046080730209307585,1
2024-08-08,161.1082955492952,164.24027913414565,160.79669019708157,162.59291076660156,15733600,0.0,0.0,GOOG,0.0192224108450878,161.5945587158203,,0.01904681537524397,0.001308103980953712,-0.0006224414502550291,1
2024-08-09,160.41462901894477,164.26013411355729,159.7050597963025,164.13111877441406,13549200,0.0,0.0,GOOG,0.009460486318622952,160.9971466064453,,0.019452900237077048,0.0192224108450878,0.001308103980953712,0
2024-08-12,164.73148911780203,165.43112467837074,162.30510762638957,162.70205688476562,12435000,0.0,0.0,GOOG,-0.00870683085766677,161.65410766601562,,0.018658433240869573,0.009460486318622952,0.0192224108450878,1
2024-08-13,163.92765251968973,165.27233437380846,163.51581805401403,164.66697692871094,12717600,0.0,0.0,GOOG,0.012076799037254782,162.7238983154297,,0.01920390869640247,-0.00870683085766677,0.009460486318622952,0
2024-08-14,162.96010648950516,163.70439779253212,158.3157208844414,160.79669189453125,22515900,0.0,0.0,GOOG,-0.023503710983017845,162.9779510498047,,0.01975436009602938,0.012076799037254782,-0.00870683085766677,1
2024-08-15,160.97532467484004,162.27535102087091,160.26080383474527,161.92800903320312,18392500,0.0,0.0,GOOG,0.007035699088970837,162.844970703125,,0.02020898857507768,-0.023503710983017845,0.012076799037254782,1
2024-08-16,162.16619035053037,165.67923858633876,161.838700364902,163.48606872558594,16853100,0.0,0.0,GOOG,0.009621928298169324,162.71596069335936,167.0750259399414,0.019607091777082378,0.007035699088970837,-0.023503710983017845,1
2024-08-19,165.7288417944409,167.18765376895314,164.82576483066794,167.11817932128906,13100800,0.0,0.0,GOOG,0.022216636708046966,163.59918518066405,166.33321380615234,0.013496485152065477,0.009621928298169324,0.007035699088970837,1
2024-08-20,167.45562353659287,169.1129103422226,167.37623064772708,167.6739501953125,12622500,0.0,0.0,GOOG,0.0033256158981660455,164.20057983398436,165.606787109375,0.013377103544062676,0.022216636708046966,0.009621928298169324,0
2024-08-21,165.71895219988247,167.356387080216,165.30215086930022,166.3540802001953,15269600,0.0,0.0,GOOG,-0.007871646093980389,165.3120574951172,165.27235412597656,0.01397585732620837,0.0033256158981660455,0.022216636708046966,0
2024-08-22,167.7533286480312,168.13044108607062,163.77385661123697,164.23036193847656,19123800,0.0,0.0,GOOG,-0.0127662529176501,165.77252807617188,165.09025115966796,0.013837903008937226,-0.007871646093980389,0.0033256158981660455,1
2024-08-23,165.28228713893688,166.67162480901536,164.39906208953454,166.15557861328125,14281600,0.0,0.0,GOOG,0.01172265987896881,166.30643005371093,165.02822799682616,0.014007417917984438,-0.0127662529176501,-0.007871646093980389,1
2024-08-26,166.8750573458864,168.0907390993711,165.05403325193555,166.65176391601562,11990300,0.0,0.0,GOOG,0.0029862692957738357,166.21314697265626,164.86944427490235,0.013558723713070481,0.01172265987896881,-0.0127662529176501,0
2024-08-27,166.3342199147958,166.9643810958716,164.89525976691422,165.11358642578125,13718200,0.0,0.0,GOOG,-0.009229890245923467,165.70107421875,164.59753036499023,0.013557957346872132,0.0029862692957738357,0.01172265987896881,0
2024-08-28,165.51053866216952,166.11589620109805,162.03717920925232,163.24789428710938,15208700,0.0,0.0,GOOG,-0.011299446514720923,165.0798370361328,164.1683235168457,0.01157626148868409,-0.009229890245923467,0.0029862692957738357,0
2024-08-29,164.7960066398147,166.35406361458502,160.74904404943624,162.15625,17133800,0.0,0.0,GOOG,-0.006687034413990434,164.6650146484375,163.71926803588866,0.011669885174714362,-0.011299446514720923,-0.009229890245923467,1
2024-08-30,162.97001594158164,164.02194516906894,162.16618380143169,163.85324096679688,18498800,0.0,0.0,GOOG,0.010465159170842231,164.2045471191406,163.55602111816407,0.01174829755401807,-0.006687034413990434,-0.011299446514720923,0
2024-09-03,162.07191447337993,162.136422142404,156.6534671297475,157.40272521972656,26533100,0.0,0.0,GOOG,-0.03936764209856214,162.3547393798828,163.45529479980468,0.014736289785302168,0.010465159170842231,-0.006687034413990434,0
2024-09-04,156.87176217534042,159.17906171900236,156.2416011177278,156.60877990722656,17410700,0.0,0.0,GOOG,-0.0050440379058983575,160.65377807617188,163.319832611084,0.01438944329924165,-0.03936764209856214,0.010465159170842231,1
2024-09-05,156.57901088690292,159.7893873586122,156.32099540311944,157.3927764892578,14139500,0.0,0.0,GOOG,0.0050060831997778,159.48275451660157,163.21315002441406,0.014842945719498813,-0.0050440379058983575,-0.03936764209856214,0
2024-09-06,157.48212702733662,158.0080916993479,150.77853813919512,150.97206115722656,24999100,0.0,0.0,GOOG,-0.040794218611865385,157.24591674804688,162.63210754394532,0.01856385179658209,0.0050060831997778,-0.0050440379058983575,0
2024-09-09,152.66133000352892,153.66495624716177,147.26555960142852,148.59710693359375,28057700,0.2,0.0,GOOG,-0.015731084317378907,154.19468994140624,161.85540695190429,0.01727121590125772,-0.040794218611865385,0.0050060831997778,1
2024-09-10,150.49508625851115,151.33973296994398,148.60011243065165,149.0641632080078,20401800,0.0,0.0,GOOG,0.0031431047619439045,152.5269775390625,161.17351226806642,0.017285362373951313,-0.015731084317378907,-0.040794218611865385,1
2024-09-11,150.13732934919085,151.51856438272753,147.7623996105896,151.19064331054688,18991500,0.0,0.0,GOOG,0.01426553543638609,151.44335021972657,160.49969558715821,0.01905226150375643,0.0031431047619439045,-0.015731084317378907,1
2024-09-12,153.8338722598281,154.62883104293255,152.53213464425113,154.55926513671875,20980800,0.0,0.0,GOOG,0.022280623670954958,150.87664794921875,160.18782424926758,0.021345711262453118,0.01426553543638609,0.0031431047619439045,1
2024-09-13,155.37607972822212,158.2707066144771,155.1256697723983,157.3714141845703,16733900,0.0,0.0,GOOG,0.018194632624346507,152.1565185546875,159.95999450683593,0.022573949879180457,0.022280623670954958,0.01426553543638609,1
2024-09-16,157.33169139611283,158.23595725653453,156.61622996397466,157.98753356933594,14157600,0.0,0.0,GOOG,0.003915065439032084,154.03460388183595,159.68506774902343,0.022240188832308945,0.018194632624346507,0.022280623670954958,1
2024-09-17,159.0805742509693,160.57111623881977,158.4048691611808,159.26937866210938,12064800,0.0,0.0,GOOG,0.008113583798755153,156.07564697265624,159.29262771606446,0.01845815555932319,0.003915065439032084,0.018194632624346507,1
2024-09-18,159.83580730660975,160.6108880020177,158.65330812288826,159.79605102539062,16756500,0.0,0.0,GOOG,0.0033068023979587746,157.796728515625,158.89873275756835,0.018325922670670184,0.008113583798755153,0.003915065439032084,1
2024-09-19,163.7807786862612,163.94970497705023,161.49726398871067,162.2107391357422,17548200,0.0,0.0,GOOG,0.015111062475304138,159.3270233154297,158.6915657043457,0.018772827246802296,0.0033068023979587746,0.008113583798755153,1
2024-09-20,163.48264443124424,163.7111899501448,162.15108210627048,163.6018829345703,46362700,0.0,0.0,GOOG,0.00857615103808862,160.5731170654297,158.6601417541504,0.010663354462540771,0.015111062475304138,0.0033068023979587746,0
2024-09-23,164.2974852324615,165.55948180208398,161.92255540227154,162.04180908203125,15648400,0.0,0.0,GOOG,-0.00953579399304949,161.38397216796875,158.4544532775879,0.009203919556072299,0.00857615103808862,0.015111062475304138,1
2024-09-24,163.2143697623092,163.51248123274706,161.0083661086799,162.60821533203125,18774100,0.0,0.0,GOOG,0.0034954327726202106,162.05173950195314,158.25227584838868,0.0091807716464663,-0.00953579399304949,0.00857615103808862,0
2024-09-25,161.9424173938191,163.18154867152523,161.74863966014456,161.96229553222656,13607900,0.0,0.0,GOOG,-0.00397224579635036,162.4849884033203,158.09471130371094,0.009761407040620633,0.0034954327726202106,-0.00953579399304949,1
2024-09-26,163.9894583643355,164.4564961525182,162.46910647091678,162.79702758789062,18234500,0.0,0.0,GOOG,0.0051538665398698225,162.60224609375,158.07216796875,0.008140302995666973,-0.00397224579635036,0.0034954327726202106,1
2024-09-27,162.87652938643828,165.91723325526468,162.79703197752107,164.24781799316406,13604300,0.0,0.0,GOOG,0.008911651685349131,162.73143310546874,158.1767463684082,0.0069389800686777,0.0051538665398698225,-0.00397224579635036,1
2024-09-30,163.74099558866268,166.3047294857802,163.60187895064433,166.13580322265625,14070100,0.0,0.0,GOOG,0.011494735531712097,163.55023193359375,158.29087448120117,0.007296127859303743,0.008911651685349131,0.0051538665398698225,1
2024-10-01,167.79527554783303,169.36531488011792,164.85393277641572,167.35804748535156,18629500,0.0,0.0,GOOG,0.0073568986274274994,164.5001983642578,158.78864059448242,0.007264860697077843,0.011494735531712097,0.008911651685349131,0
2024-10-02,166.70219492254574,167.81514314694323,165.2017215865128,166.25503540039062,12745000,0.0,0.0,GOOG,-0.006590732274511568,165.35874633789064,159.2709533691406,0.008141014454669943,0.0073568986274274994,0.011494735531712097,0
2024-10-03,164.77445049834296,166.85126863191192,164.32727578566707,166.1556854248047,11004300,0.0,0.0,GOOG,-0.0005975757386635916,166.03047790527344,159.70909881591797,0.007222604442282438,-0.006590732274511568,0.0073568986274274994,1
2024-10-04,168.27225778126535,168.48094034094336,165.90727469285602,167.49717712402344,11422100,0.0,0.0,GOOG,0.008073703260824239,166.68034973144532,160.5353546142578,0.007176693280771211,-0.0005975757386635916,-0.006590732274511568,0
2024-10-07,168.0735196367093,168.82872214427357,163.09511468718185,163.3534698486328,14034700,0.0,0.0,GOOG,-0.024738967823454194,166.12388305664064,161.27317276000977,0.010717858259177301,0.008073703260824239,-0.0005975757386635916,1
2024-10-08,164.38691058188274,165.05269938868935,163.27397734527142,164.65521240234375,11723900,0.0,0.0,GOOG,0.007968869929222633,165.58331604003905,162.05272521972657,0.010931369601786861,-0.024738967823454194,0.008073703260824239,0
2024-10-09,163.81550972002356,165.21164934060818,160.10405999361936,162.03182983398438,19666400,0.0,0.0,GOOG,-0.015932581362495868,164.73867492675782,162.59478454589845,0.012158480836202017,0.007968869929222633,-0.024738967823454194,1
2024-10-10,161.0878622523504,163.2749884777283,160.62082449025056,162.15110778808594,12900500,0.0,0.0,GOOG,0.0007361390303606274,163.93775939941406,162.9743766784668,0.012034476486239632,-0.015932581362495868,0.007968869929222633,1
2024-10-11,162.3001516778424,164.227921756614,161.4753832852454,163.48265075683594,10946000,0.0,0.0,GOOG,0.008211741423870933,163.13485412597657,163.2799385070801,0.011976640931246,0.0007361390303606274,-0.015932581362495868,1
2024-10-14,163.87020929740152,166.56311365175304,163.7410241243794,165.30113220214844,9981800,0.0,0.0,GOOG,0.011123390995276372,163.52438659667968,163.6456184387207,0.011936163766910389,0.008211741423870933,0.0007361390303606274,1
2024-10-15,166.08610261861452,168.02380391354342,165.00297922331774,165.8476104736328,14829300,0.0,0.0,GOOG,0.0033059560101262875,163.7628662109375,163.9745300292969,0.011708764113623687,0.011123390995276372,0.008211741423870933,0
2024-10-16,164.98314495354106,166.22526344241766,164.17428200300867,165.6886749267578,9968500,0.0,0.0,GOOG,-0.0009583228026084356,164.49423522949218,164.26916122436523,0.011535800369769787,0.0033059560101262875,0.011123390995276372,0
2024-10-17,166.32461599312074,166.8711359226098,163.33358538134826,163.4727020263672,15113400,0.0,0.0,GOOG,-0.013374317233028732,164.75855407714843,164.33225936889647,0.01225963769503661,-0.0009583228026084356,0.0033059560101262875,1
2024-10-18,163.8304501788312,165.3209923183732,163.71121165969305,164.0093231201172,13091300,0.0,0.0,GOOG,0.003282634269197171,164.8638885498047,164.35263137817384,0.01193059019098575,-0.013374317233028732,-0.0009583228026084356,1
2024-10-21,163.54229923170922,165.17195816923328,163.26902405208347,164.75460815429688,11384000,0.0,0.0,GOOG,0.004544162612230673,164.75458374023438,164.4882713317871,0.008964528797905602,0.003282634269197171,-0.013374317233028732,1
2024-10-22,163.6615148739223,166.41405345217532,163.6317052457798,165.76815795898438,11958600,0.0,0.0,GOOG,0.006151875301346976,164.7386932373047,164.64626846313476,0.008822411881705374,0.004544162612230673,0.003282634269197171,0
2024-10-23,165.38058782310145,166.54322386801542,162.60122689067086,163.44288635253906,12754300,0.0,0.0,GOOG,-0.014027251283208697,164.28953552246094,164.72029800415038,0.008435152291350353,0.006151875301346976,0.004544162612230673,1
2024-10-24,163.55221874756216,164.00932501383429,161.743702148577,163.4925994873047,12764400,0.0,0.0,GOOG,0.00030416211971684426,164.29351501464845,164.75507659912108,0.00843718828032659,-0.014027251283208697,0.006151875301346976,1
2024-10-25,164.32231897011687,166.34447603118087,164.18816049018363,165.93707275390625,14566400,0.0,0.0,GOOG,0.014951583584010386,164.67906494140624,164.83953933715821,0.009313704823934246,0.00030416211971684426,-0.014027251283208697,1
2024-10-28,169.51437755878808,169.53028310313923,164.7446399008579,167.278564453125,20858300,0.0,0.0,GOOG,0.008084339906418991,165.18385620117186,164.89667739868165,0.009010554736851832,0.014951583584010386,0.00030416211971684426,1
2024-10-29,168.31697400737147,170.77637449444777,167.5965544358344,170.0609130859375,28916100,0.0,0.0,GOOG,0.01663302552785928,166.0424072265625,165.03182067871094,0.010252301402854684,0.008084339906418991,0.014951583584010386,1
2024-10-30,181.2598586051552,182.6311470164553,174.6368747654501,175.02938842773438,49698300,0.0,0.0,GOOG,0.029215857139883283,168.35970764160157,165.4705383300781,0.013136649741728212,0.01663302552785928,0.008084339906418991,0
2024-10-31,173.61834966228074,177.29501724138538,171.47196534188345,171.6011505126953,32801900,0.0,0.0,GOOG,-0.019586641682488137,169.98141784667968,165.74281158447266,0.014233514276022874,0.029215857139883283,0.01663302552785928,0
2024-11-01,170.4583995313199,172.72403762769548,169.23615917133026,171.5614013671875,21752900,0.0,0.0,GOOG,-0.0002316368240483646,171.10628356933594,165.94602279663087,0.014322508998192313,-0.019586641682488137,0.029215857139883283,0
2024-11-04,170.1602873152299,170.8359924388659,168.41634825006253,169.6038055419922,16194000,0.0,0.0,GOOG,-0.011410467678598213,171.5713317871094,166.25853958129883,0.015192144450378493,-0.0002316368240483646,-0.019586641682488137,1
2024-11-05,169.7528636413451,171.0118731000074,169.29575741798732,170.32920837402344,12518300,0.0,0.0,GOOG,0.004277043370065403,171.62499084472657,166.5422393798828,0.015160577949357174,-0.011410467678598213,-0.0002316368240483646,1
2024-11-06,174.24437563780998,177.51362460297045,173.93631753730045,177.20558166503906,27061500,0.0,0.0,GOOG,0.04037107526453054,172.0602294921875,167.30092697143556,0.01794688071785337,0.004277043370065403,-0.011410467678598213,1
2024-11-07,177.98065076502607,181.4287724405976,177.76203672730395,181.1306610107422,16730400,0.0,0.0,GOOG,0.022149862937852927,173.96613159179688,168.24990463256836,0.018198558481778152,0.04037107526453054,0.004277043370065403,0
2024-11-08,180.85242759053065,181.2002267855433,178.43775685183698,178.72592163085938,15021500,0.0,0.0,GOOG,-0.013276269000863428,175.39903564453124,169.01206817626954,0.01956021681150757,0.022149862937852927,0.04037107526453054,1
2024-11-11,178.93461790765363,180.93691218879795,178.85512050947833,180.8226318359375,12503400,0.0,0.0,GOOG,0.011731427573268727,177.6428009033203,169.78814315795898,0.019603734715122726,-0.013276269000863428,0.022149862937852927,1
2024-11-12,180.2363382530564,182.8646496529364,179.8487979508242,182.1641082763672,14065800,0.0,0.0,GOOG,0.007418741928536976,180.00978088378906,170.6039680480957,0.019367333978651393,0.011731427573268727,-0.013276269000863428,0
2024-11-13,181.00149628186637,181.46357587345435,178.98429711186853,179.3519744873047,13969700,0.0,0.0,GOOG,-0.015437364778774776,180.43905944824218,171.28713302612306,0.018833268048074763,0.007418741928536976,0.011731427573268727,0
2024-11-14,178.61659609423194,179.30722108734744,174.9200511400824,176.2317352294922,17925800,0.0,0.0,GOOG,-0.017397295272226665,179.4592742919922,171.9250846862793,0.018557390760770058,-0.015437364778774776,0.007418741928536976,0
2024-11-15,174.53252949799358,174.77102167495158,171.65577921140778,172.79356384277344,21708900,0.0,0.0,GOOG,-0.019509377140510487,178.272802734375,172.36429672241212,0.01986481370273775,-0.017397295272226665,-0.015437364778774776,1
2024-11-18,173.85185850124924,175.7945334642115,173.32022819637518,175.6852264404297,18662800,0.0,0.0,GOOG,0.016734781859626402,177.24532165527344,172.91082763671875,0.019921902223336965,-0.019509377140510487,-0.017397295272226665,1
2024-11-19,174.1300733737963,179.03395378572512,174.01182044159475,178.4476776123047,15392900,0.0,0.0,GOOG,0.015723867213226717,176.50203552246094,173.54480361938477,0.020283911918373317,0.016734781859626402,-0.019509377140510487,0
2024-11-20,177.70242559978072,177.98065890368147,174.22449413844342,176.21188354492188,15729800,0.0,0.0,GOOG,-0.01252912953140417,175.87401733398437,174.1832534790039,0.016544478503448097,0.015723867213226717,0.016734781859626402,0
2024-11-21,174.34869047251175,174.4729022993712,164.26765435907714,168.17288208007812,38839400,0.0,0.0,GOOG,-0.04562122203747032,174.26224670410156,174.4172676086426,0.019819609148969488,-0.01252912953140417,0.015723867213226717,0
2024-11-22,166.10602114746408,167.20404962117405,164.66516676560292,165.51974487304688,24497000,0.0,0.0,GOOG,-0.015776248668723625,172.80748291015624,174.39640121459962,0.019920054799258086,-0.04562122203747032,-0.01252912953140417,1
2024-11-25,166.9307715023666,169.38519852719662,166.34448012902007,168.36167907714844,21395700,0.0,0.0,GOOG,0.017169759452452693,171.3427734375,174.45055694580077,0.020566156396050375,-0.015776248668723625,-0.04562122203747032,1
2024-11-26,168.42130956453894,170.41365700212847,168.36167514972576,169.54417419433594,14937500,0.0,0.0,GOOG,0.00702354077049594,169.56207275390625,174.4247200012207,0.020535893873018844,0.017169759452452693,-0.015776248668723625,1
2024-11-27,169.60380336720524,170.06090959871608,168.60017718317584,169.74293518066406,12433400,0.0,0.0,GOOG,0.0011723256624571743,168.26828308105468,174.1603973388672,0.02044572582535247,0.00702354077049594,0.017169759452452693,0
2024-11-29,168.98771195531307,169.79260220629044,167.68597437286056,169.41500854492188,9250700,0.0,0.0,GOOG,-0.0019319015274076312,168.51670837402344,174.05109024047852,0.020009328006232292,0.0011723256624571743,0.00702354077049594,1
2024-12-02,169.24611127015507,172.5054291100734,169.19642349597865,171.8893280029297,16593400,0.0,0.0,GOOG,0.014605078258764337,169.790625,174.06748657226564,0.019932741612291305,-0.0019319015274076312,0.0011723256624571743,1
2024-12-03,172.02842226247745,173.2208680370488,171.42226788668225,171.92906188964844,15721500,0.0,0.0,GOOG,0.00023115970712317413,170.5041015625,174.18374938964843,0.019024173440239538,0.014605078258764337,-0.0019319015274076312,1
2024-12-04,171.69056362476053,175.31754310005746,171.66075399770924,174.9796905517578,18239800,0.0,0.0,GOOG,0.017743531131853674,171.59120483398436,174.41627349853516,0.01924262937672125,0.00023115970712317413,0.014605078258764337,0
2024-12-05,176.2019374960595,176.58947779179547,172.9127955635688,173.21090698242188,16145500,0.0,0.0,GOOG,-0.010108507814584056,172.28479919433593,174.2165397644043,0.019107293957777504,0.017743531131853674,0.00023115970712317413,1
2024-12-06,172.78363824893,175.72398048464535,172.45571718039272,175.37718200683594,13319500,0.0,0.0,GOOG,0.01250657399209798,173.47723388671875,173.928865814209,0.011562109426786036,-0.010108507814584056,0.017743531131853674,1
2024-12-09,174.8051452045689,177.1181033334023,174.49177384380053,176.1829833984375,19887800,0.2,0.0,GOOG,0.004594676356301397,174.33596496582032,173.80171890258788,0.009190337891754644,0.01250657399209798,-0.010108507814584056,1
2024-12-10,183.5794829006666,187.0563809613101,181.7241343909125,185.56414794921875,34317400,0.0,0.0,GOOG,0.053246711855059026,177.06298217773437,174.03879470825194,0.01737112301737725,0.004594676356301397,0.01250657399209798,1
2024-12-11,185.7332735963159,195.87051270897385,185.29554946579324,195.6914520263672,41664500,0.0,0.0,GOOG,0.0545757582435582,181.20533447265626,174.71516189575195,0.022302317004039313,0.053246711855059026,0.004594676356301397,0
2024-12-12,195.283568643625,195.68647035370063,192.2792018454764,192.6273956298828,25197800,0.0,0.0,GOOG,-0.015657589356900092,185.08863220214843,175.37893295288086,0.024003642155817056,0.0545757582435582,0.053246711855059026,0
2024-12-13,191.71216852447748,193.33371818254952,190.26966437361796,190.38905334472656,18883200,0.0,0.0,GOOG,-0.011620062026156619,188.09100646972655,176.08679885864257,0.02485289245201443,-0.015657589356900092,0.0545757582435582,1
2024-12-16,193.358593781121,199.6010960913016,193.10490930009604,197.13394165039065,32248600,0.0,0.0,GOOG,0.03542687033298875,192.28119812011718,177.30381774902344,0.025942639465239007,-0.011620062026156619,-0.015657589356900092,0
2024-12-17,197.50200683673464,201.82948852957173,195.6715380333291,196.09930419921875,24129500,0.0,0.0,GOOG,-0.005248398335213067,194.3882293701172,178.32452163696288,0.026323060014621022,0.03542687033298875,-0.011620062026156619,0
2024-12-18,195.8108402043908,197.6612099595373,188.29993014313223,189.16542053222656,27638400,0.0,0.0,GOOG,-0.0353590426814977,193.08302307128906,178.86040878295898,0.030419698237594595,-0.005248398335213067,0.03542687033298875,0
2024-12-19,192.2792077384488,193.59238015211147,188.53868223430248,188.71774291992188,26981200,0.0,0.0,GOOG,-0.002366593276113216,192.30109252929688,179.48570175170897,0.029996531874906977,-0.0353590426814977,-0.005248398335213067,1
2024-12-20,186.0416581188474,193.1297649207988,185.40497264137207,191.9608612060547,45319700,0.0,0.0,GOOG,0.017185020528297512,192.6154541015625,180.67510070800782,0.030093455342279286,-0.002366593276113216,-0.0353590426814977,1
2024-12-23,193.0253161040352,195.47258496219968,190.637749318326,194.9751739501953,15235900,0.0,0.0,GOOG,0.015702746514066668,192.18370056152344,182.14787216186522,0.030098194982174836,0.017185020528297512,-0.002366593276113216,1
2024-12-24,195.15425226177604,196.64648543262288,194.18728504562904,196.5470123291016,6809800,0.0,0.0,GOOG,0.008061735999824293,192.2732421875,183.5571388244629,0.026110043141779116,0.015702746514066668,0.017185020528297512,0
2024-12-26,195.72130070130024,197.13394622767797,194.8557951729105,196.07943725585935,7907900,0.0,0.0,GOOG,-0.0023789477525067992,193.65604553222656,184.88390197753907,0.01980405833081018,0.008061735999824293,0.015702746514066668,0
2024-12-27,195.45268852597223,195.7809816226149,190.9779778716318,193.03526306152344,14693000,0.0,0.0,GOOG,-0.015525208746716479,194.51954956054686,186.04851837158202,0.019792191542122126,-0.0023789477525067992,0.008061735999824293,0
2024-12-30,189.87671356058155,192.7766131193924,189.37432357435688,191.6922607421875,12209500,0.0,0.0,GOOG,-0.006957290072477029,194.46582946777343,187.16238098144532,0.019531071983548295,-0.015525208746716479,-0.0023789477525067992,0
2024-12-31,191.44855699506087,192.2493815439164,188.5983860549278,189.4539337158203,14355200,0.0,0.0,GOOG,-0.011676668727787498,193.36158142089843,188.04061126708984,0.015538601824774172,-0.006957290072477029,-0.015525208746716479,1
2025-01-02,190.4935129925602,192.1996292739025,187.73288769977347,189.6429443359375,17545200,0.0,0.0,GOOG,0.0009976600454266737,191.98076782226562,188.9263053894043,0.015601832315128258,-0.011676668727787498,-0.006957290072477029,1
2025-01-03,191.72708790343756,193.49289099095452,190.35920756866855,192.12998962402344,12875000,0.0,0.0,GOOG,0.013114357071362104,191.19087829589844,189.78382034301757,0.011502709523244036,0.0009976600454266737,-0.011676668727787498,1
2025-01-06,194.13951955134468,198.52668849297285,194.0499892088086,196.9349822998047,19483300,0.0,0.0,GOOG,0.025009071645629488,191.9708221435547,190.97002410888672,0.013528818800430949,0.013114357071362104,0.0009976600454266737,0
2025-01-07,197.24337199474405,201.09332846858516,194.9254347979525,195.6914520263672,16966800,0.0,0.0,GOOG,-0.006314420418940148,192.77066040039062,191.9857376098633,0.013085967113174266,0.025009071645629488,0.013114357071362104,0
2025-01-08,192.9457344522704,196.6166302624817,192.74677307730784,194.37828063964844,14335300,0.0,0.0,GOOG,-0.006710417716875083,193.75552978515626,192.89550247192383,0.012379203104624596,-0.006314420418940148,0.025009071645629488,0
2025-01-10,194.40811884964256,196.59672427483025,190.60790659696045,192.16976928710935,20753800,0.0,0.0,GOOG,-0.01136192451786,194.26089477539062,193.22578353881835,0.012455831949158946,-0.006710417716875083,-0.006314420418940148,0
2025-01-13,190.3592067990712,191.49330333757612,187.6831330352865,191.29432678222656,13169100,0.0,0.0,GOOG,-0.0045555682776246,194.09376220703126,193.00592727661132,0.012478684372995244,-0.01136192451786,-0.006710417716875083,0
2025-01-14,191.50324947109388,192.26926671931676,188.6580577289036,190.06076049804688,13651200,0.0,0.0,GOOG,-0.006448525185924647,192.7189178466797,192.87759552001953,0.011725107643454868,-0.0045555682776246,-0.01136192451786,1
2025-01-15,193.3436656413332,196.7757985740652,192.3289429306872,195.9600372314453,12894900,0.0,0.0,GOOG,0.03103889891811229,192.77263488769532,193.15614471435546,0.01535215737825792,-0.006448525185924647,-0.0045555682776246,0
2025-01-16,194.81101729674717,195.96003550523864,193.29391980166088,193.40335083007807,13449600,0.0,0.0,GOOG,-0.013046978544648757,192.57764892578123,192.96961517333983,0.015496303046108955,0.03103889891811229,-0.006448525185924647,1
2025-01-17,197.02451063588327,197.7805699314551,194.2986927458972,196.527099609375,22109100,0.0,0.0,GOOG,0.016151471863801392,193.44911499023436,192.99100494384766,0.016097946403131783,-0.013046978544648757,0.03103889891811229,1
2025-01-21,199.4717618084452,202.7845210237629,198.40731011895576,198.5963287353516,19005200,0.0,0.0,GOOG,0.010528976055157235,194.90951538085938,193.4625503540039,0.015949807192658077,0.016151471863801392,-0.013046978544648757,1
2025-01-22,199.51155913723645,201.0734218150751,198.16854333839007,198.99424743652344,15477400,0.0,0.0,GOOG,0.0020036558767513313,196.6962127685547,193.97637557983398,0.014035577927079778,0.010528976055157235,0.016151471863801392,0
2025-01-23,198.94452311750496,200.89438114994877,195.80089675793687,198.54660034179688,15170800,0.0,0.0,GOOG,-0.0022495479165515198,197.213525390625,194.3056625366211,0.013853754876566805,0.0020036558767513313,0.010528976055157235,1
2025-01-24,198.81518029191835,201.52109731254745,198.74951256855533,200.85455322265625,12732400,0.0,0.0,GOOG,0.011624237719942032,198.70376586914062,194.59963150024413,0.013854515566955411,-0.0022495479165515198,0.0020036558767513313,0
2025-01-27,193.1845013066608,197.64129995540557,191.7022109491644,192.7666778564453,24970200,0.0,0.0,GOOG,-0.04026732397370736,197.9516815185547,194.41061477661134,0.019238486231953154,0.011624237719942032,-0.0022495479165515198,1
2025-01-28,193.6420932445517,196.20873578657967,191.6126630749229,196.0495758056641,15939200,0.0,0.0,GOOG,0.017030422403521372,197.4423309326172,194.40912170410155,0.019813372554695237,-0.04026732397370736,0.011624237719942032,1
2025-01-29,196.3480151926348,197.43238271981605,194.17931049783053,196.15899658203125,12287800,0.0,0.0,GOOG,0.0005581280954958245,196.87528076171876,194.56530838012696,0.019578899678421028,0.017030422403521372,-0.04026732397370736,1
2025-01-30,198.72564570444456,202.1856487899376,198.43914254242208,201.58079528808597,14571500,0.0,0.0,GOOG,0.027639816682011764,197.48211975097655,195.0597351074219,0.019067358529833205,0.0005581280954958245,0.017030422403521372,1
2025-01-31,202.6601815247757,206.00776337361216,202.5258860052901,204.53543090820312,17060300,0.0,0.0,GOOG,0.014657326933821269,198.21829528808593,195.813809967041,0.018480809076124153,0.027639816682011764,0.0005581280954958245,0
2025-02-03,201.16794160209164,204.15738678532384,200.61582263854757,201.5907440185547,16719500,0.0,0.0,GOOG,-0.014396952530781992,199.9831085205078,196.41119995117188,0.019088488699979502,0.014657326933821269,0.027639816682011764,1
2025-02-04,203.44110556464972,207.61935506351796,203.20234281222488,206.63449096679688,28285400,0.0,0.0,GOOG,0.02501973477402286,202.10009155273437,197.13642501831055,0.020261731819614343,-0.014396952530781992,0.014657326933821269,0
2025-02-05,192.10014141176407,193.5426303294217,188.9266566850494,192.29910278320312,43666400,0.0,0.0,GOOG,-0.06937558253959275,201.32811279296874,196.90463104248047,0.03089129839747882,0.02501973477402286,-0.014396952530781992,1
2025-02-06,190.0010571340072,192.82634793947415,189.5036461395329,192.3090362548828,20816600,0.0,0.0,GOOG,5.165635999282436e-05,199.47376098632813,196.73551025390626,0.030905878885075167,-0.06937558253959275,0.02501973477402286,0
2025-02-07,191.7420150229491,192.01558502568935,184.14157486525048,186.17100524902344,29565700,0.0,0.0,GOOG,-0.03191753817394283,195.80087585449218,196.325146484375,0.031713052303803016,5.165635999282436e-05,-0.06937558253959275,1
2025-02-10,188.08105722685843,189.00624964102389,186.6385682682061,187.2255096435547,16606000,0.0,0.0,GOOG,0.005664170922430989,192.92782897949218,196.07793350219725,0.0296335854902591,-0.03191753817394283,5.165635999282436e-05,0
2025-02-11,185.8675803518812,187.82240199450504,185.11648486292324,186.1013641357422,13028100,0.0,0.0,GOOG,-0.006004232596042547,188.82120361328126,195.81828536987305,0.028830558978860017,0.005664170922430989,-0.03191753817394283,0
2025-02-12,184.2708720129989,185.86259326075307,182.6791659450235,184.46983337402344,17632300,0.0,0.0,GOOG,-0.008766893081604277,187.2553497314453,195.5387390136719,0.028788401031368167,-0.006004232596042547,0.005664170922430989,1
2025-02-13,184.96726554958548,187.0166118241956,183.9227144896361,186.9071807861328,12729300,0.0,0.0,GOOG,0.013212715420886756,186.17497863769532,195.08609619140626,0.02724996478184627,-0.008766893081604277,-0.006004232596042547,0
2025-02-14,185.86261857944308,187.17577588491,185.146345438359,185.90240478515625,12714200,0.0,0.0,GOOG,-0.005375802025103904,186.1212585449219,194.71104888916017,0.02618115551357799,0.013212715420886756,-0.008766893081604277,0
2025-02-18,186.46944392506552,186.8076797724687,182.62943027809777,184.8379364013672,19796000,0.0,0.0,GOOG,-0.005725952738584783,185.64374389648438,194.12659072875977,0.02613304682136511,-0.005375802025103904,0.013212715420886756,1
2025-02-19,185.2209575694476,186.3898766190349,184.5395068328192,186.16107177734372,13120500,0.0,0.0,GOOG,0.007158353970709852,185.6556854248047,193.50482788085938,0.024135038029246353,-0.005725952738584783,-0.005375802025103904,0
2025-02-20,185.5343247540252,186.15110960881435,183.6441688043148,185.6735992431641,12063800,0.0,0.0,GOOG,-0.0026185524692438067,185.8964385986328,192.83879547119142,0.012203296309995356,0.007158353970709852,-0.005725952738584783,0
2025-02-21,186.32021104897444,186.4992869075997,180.1921188897077,180.6397857666016,19520800,0.0,0.0,GOOG,-0.02711108901363013,184.64295959472656,191.94345474243164,0.014201152611228967,-0.0026185524692438067,0.007158353970709852,0
2025-02-24,182.8482865632684,184.13160026365543,179.9434081459966,180.25180053710935,18734000,0.0,0.0,GOOG,-0.0021478392915807998,183.5128387451172,190.9133171081543,0.010946293167254713,-0.02711108901363013,-0.0026185524692438067,0
2025-02-25,179.22216694157265,179.8240300373215,175.85469973438364,176.4515838623047,20832500,0.0,0.0,GOOG,-0.02108282227129421,181.8355682373047,190.09756240844726,0.011783215843571783,-0.0021478392915807998,-0.02711108901363013,0
2025-02-26,176.02878053946148,177.15789800922562,172.6911419050031,173.79539489746094,23637200,0.0,0.0,GOOG,-0.015053358585415233,179.36243286132813,188.9848533630371,0.012138806004121842,-0.02108282227129421,-0.0021478392915807998,0
2025-02-27,175.0289848591496,175.67561308631582,168.8730228102201,169.3286590576172,25930500,0.0,0.0,GOOG,-0.02570111735399616,176.09344482421875,187.6433364868164,0.013550390025216212,-0.015053358585415233,-0.02108282227129421,1
2025-02-28,169.41819064055986,171.6067960175819,167.51807696614574,171.3282470703125,30049800,0.0,0.0,GOOG,0.011808916599374442,174.23113708496095,186.13070907592774,0.01330616539300682,-0.02570111735399616,-0.015053358585415233,0
2025-03-03,172.83042177439185,174.09384996447216,166.77195943877518,167.78668212890625,24122000,0.0,0.0,GOOG,-0.020671226151942168,171.7381134033203,184.29327163696288,0.013767399101682036,0.011808916599374442,-0.02570111735399616,1
2025-03-04,167.07041521167136,174.25799531635866,166.67247728926768,171.7162322998047,30711400,0.0,0.0,GOOG,0.023419917010334856,170.79104309082032,182.7995460510254,0.01740440328796195,-0.020671226151942168,0.011808916599374442,1
2025-03-05,171.4277501758378,174.8399826650256,170.04493289539997,174.08392333984375,18848000,0.0,0.0,GOOG,0.013788393842145474,170.84874877929687,181.17201766967773,0.018123564528033195,0.023419917010334856,-0.020671226151942168,0
2025-03-06,171.65654466452523,175.8148934721599,171.61475473144714,173.30795288085938,19082400,0.0,0.0,GOOG,-0.004457450430213172,171.6446075439453,180.22246017456055,0.0180886855709102,0.013788393842145474,0.023419917010334856,1
2025-03-07,172.34498670787298,175.9840357612188,171.35811874367943,174.83999633789062,16395300,0.0,0.0,GOOG,0.008840006656154253,172.34695739746093,179.34900817871093,0.01713323368557134,-0.004457450430213172,0.013788393842145474,0
2025-03-10,169.47177260480427,169.7605929808429,164.89535637752135,167.1312713623047,28990700,0.2,0.0,GOOG,-0.0440901689375941,172.21587524414062,178.397021484375,0.02145576429730484,0.008840006656154253,-0.004457450430213172,0
2025-03-11,166.00583577190864,167.9728537301256,162.5797620234785,165.3086700439453,23705900,0.0,0.0,GOOG,-0.010905208244412656,170.93436279296876,177.30117950439453,0.020966179732823914,-0.0440901689375941,0.008840006656154253,1
2025-03-12,167.78861212422908,168.84432244608345,164.8106999243913,168.31646728515625,19880100,0.0,0.0,GOOG,0.018195036233800366,169.78087158203124,176.41193466186525,0.02203332773560297,-0.010905208244412656,-0.0440901689375941,0
2025-03-13,167.3005755936397,167.44000873488667,163.40640172128795,164.063720703125,15206200,0.0,0.0,GOOG,-0.025266372629045186,167.93202514648436,175.39162902832032,0.021983882364992654,0.018195036233800366,-0.010905208244412656,1
2025-03-14,164.64636206004445,167.56948859750952,163.84461009622345,166.94203186035156,18611100,0.0,0.0,GOOG,0.017543861280794104,166.35243225097656,174.39337158203125,0.022480406019665982,-0.025266372629045186,0.018195036233800366,0
2025-03-17,166.64825260405573,167.77867183357736,165.13938061489787,165.8963165283203,17839100,0.0,0.0,GOOG,-0.006263942761317254,166.10544128417968,173.39306716918946,0.021621773827764642,0.017543861280794104,-0.025266372629045186,0
2025-03-18,165.28877161215254,165.76682596846985,158.15772701000932,162.01206970214844,24616800,0.0,0.0,GOOG,-0.023413701445919588,165.4461212158203,172.25177383422852,0.02082131476135002,-0.006263942761317254,0.017543861280794104,1
2025-03-19,163.25201254718093,167.45295447296462,162.3905209059076,165.60745239257812,24955700,0.0,0.0,GOOG,0.022192066906123964,164.9043182373047,171.22409286499024,0.021835803906727805,-0.023413701445919588,-0.006263942761317254,0
2025-03-20,163.16240995752295,166.35444922146,162.48018285813538,164.38246154785156,19981500,0.0,0.0,GOOG,-0.007396954829198665,164.96806640625,170.1595359802246,0.021851020075902814,0.022192066906123964,-0.023413701445919588,1
2025-03-21,162.71918871380333,165.79668707470026,162.37059826511413,165.57757568359375,29882100,0.0,0.0,GOOG,0.0072703263139437535,164.69517517089844,169.40642547607422,0.021745484708104532,-0.007396954829198665,0.022192066906123964,1
2025-03-24,168.58038739665923,169.81039290328442,166.76277186100938,169.24269104003906,18742800,0.0,0.0,GOOG,0.022135336511080794,165.36445007324218,168.8559700012207,0.01842033124945611,0.0072703263139437535,-0.007396954829198665,1
2025-03-25,170.48763669935926,172.210650469325,169.86019513644072,172.09112548828125,13841600,0.0,0.0,GOOG,0.016830472446035083,167.38026123046876,168.63794708251953,0.018448216529293127,0.022135336511080794,0.0072703263139437535,0
2025-03-26,170.6071518378054,171.24456264399703,166.18609553083533,166.46397399902344,22498000,0.0,0.0,GOOG,-0.03269867329469589,167.55156555175782,168.27137603759766,0.020997075258834468,0.016830472446035083,0.022135336511080794,0
2025-03-27,166.0357341858343,166.76277738476176,163.18730108651417,163.41636657714844,21571200,0.0,0.0,GOOG,-0.01830790980571495,167.35834655761718,167.97576141357422,0.020200279881781073,-0.03269867329469589,0.016830472446035083,0
2025-03-28,161.70330888470545,163.147441081811,154.7107103643924,155.4287872314453,34866500,0.0,0.0,GOOG,-0.048878698706914414,165.3285888671875,167.18078842163087,0.02423172306533646,-0.01830790980571495,-0.03269867329469589,1
2025-03-31,154.1838591136328,156.49448302721146,151.5943840899133,155.59811401367188,33591600,0.0,0.0,GOOG,0.0010894171230610983,162.59967346191405,166.57136001586915,0.024362808414037013,-0.048878698706914414,-0.01830790980571495,1
2025-04-01,154.6718741426035,159.4325396613724,154.62705797398158,158.23739624023438,20111400,0.0,0.0,GOOG,0.016962173631041466,159.82892761230468,165.8974182128906,0.024523087366247052,0.0010894171230610983,-0.048878698706914414,0
2025-04-02,156.32517424283495,159.62675379666416,155.89690549651638,158.2174835205078,17113300,0.0,0.0,GOOG,-0.00012584079490496336,158.17962951660155,165.10409622192384,0.023039343219718785,0.016962173631041466,0.0010894171230610983,0
2025-04-03,152.21683745841872,154.06133649183442,151.5644727449145,152.01266479492188,28416100,0.0,0.0,GOOG,-0.03921702322349019,155.89888916015624,164.03933181762696,0.025571016171270035,-0.00012584079490496336,0.016962173631041466,0
2025-04-04,149.29370816580848,152.47080831875712,146.94325281731616,147.1424560546875,39832200,0.0,0.0,GOOG,-0.03203817752162097,154.2416229248047,162.6544548034668,0.026065737373172863,-0.03921702322349019,-0.00012584079490496336,1
2025-04-07,142.81003813516674,154.30335627650962,142.08299497921362,148.63638305664062,47823000,0.0,0.0,GOOG,0.010152929630302454,152.84927673339843,161.7297103881836,0.024584908685520924,-0.03203817752162097,-0.03921702322349019,0
2025-04-08,152.95385562909811,153.8153625667436,144.62269799229472,145.98715209960938,35304400,0.0,0.0,GOOG,-0.017823569859216182,150.39922790527345,160.7636344909668,0.022308939456446724,0.010152929630302454,-0.03203817752162097,1
2025-04-09,145.73816486569785,161.2153060890066,145.22026376925504,160.40858459472656,46479500,0.0,0.0,GOOG,0.09878562796592694,150.8374481201172,160.3682403564453,0.04172737456441062,-0.017823569859216182,0.010152929630302454,0
2025-04-10,158.11786516138866,159.38273270520003,151.5844005272355,154.7415771484375,35270500,0.0,0.0,GOOG,-0.035328579580742536,151.38323059082032,159.90213317871093,0.04275828387590339,0.09878562796592694,-0.017823569859216182,1
2025-04-11,154.95572257857876,159.21342569689412,154.95572257857876,158.75527954101562,22582000,0.0,0.0,GOOG,0.025938099291362038,153.70579528808594,159.49279556274413,0.04065158907686403,-0.035328579580742536,0.09878562796592694,1
2025-04-14,161.65350862742855,163.3665530261246,159.2731759753095,160.81690979003906,18255900,0.0,0.0,GOOG,0.01298621535601141,156.14190063476562,159.23882522583008,0.04076859463561723,0.025938099291362038,-0.035328579580742536,0
2025-04-15,160.91653392939605,161.39458830381662,157.00740563751106,158.0382080078125,15690800,0.0,0.0,GOOG,-0.017278666689059086,158.55211181640624,159.04013214111328,0.040998948014523834,0.01298621535601141,0.025938099291362038,0
2025-04-16,154.84118578647085,157.5402163845334,153.28749780872553,154.87106323242188,16921500,0.0,0.0,GOOG,-0.020040373877398432,157.44460754394532,158.50331268310546,0.04151875902276665,-0.017278666689059086,0.01298621535601141,0
2025-04-17,155.97657051648838,156.434716671676,150.28965868848178,152.73971557617188,19513400,0.0,0.0,GOOG,-0.013762078026489655,157.0442352294922,157.9211753845215,0.03968132731242697,-0.020040373877398432,-0.017278666689059086,0
2025-04-21,150.354417557287,150.44903454501627,147.79978928274667,149.25389099121094,16147800,0.0,0.0,GOOG,-0.02282199211784275,155.14395751953126,157.10499114990233,0.03892444045979309,-0.013762078026489655,-0.020040373877398432,1
2025-04-22,150.45898650437022,153.98466186176083,150.25978327077377,153.27752685546875,15910300,0.0,0.0,GOOG,0.026958331454787654,153.63608093261718,156.30673294067384,0.03966736698433079,-0.02282199211784275,-0.013762078026489655,1
2025-04-23,157.27132624917084,159.37279282304678,155.71763820347564,157.08209228515625,18575700,0.0,0.0,GOOG,0.02482141712317021,153.44485778808593,155.55628128051757,0.03938028602606864,0.026958331454787654,-0.02282199211784275,1
2025-04-24,157.88381402234566,161.05594454232423,157.4505758814501,160.81690979003906,30787500,0.0,0.0,GOOG,0.023776214401975748,154.63402709960937,155.27392807006837,0.024507029218529888,0.02482141712317021,0.026958331454787654,1
2025-04-25,166.4241567505421,167.55954532138895,162.34073344996503,163.1873016357422,35148100,0.0,0.0,GOOG,0.014739692789756287,156.72354431152343,155.26247482299806,0.021268807647011584,0.023776214401975748,0.02482141712317021,0
2025-04-28,163.59563109967962,164.28284276799292,159.73133442106317,161.76307678222656,20871200,0.0,0.0,GOOG,-0.008727547053230311,159.22538146972656,155.5791893005371,0.0203797092081898,0.014739692789756287,0.023776214401975748,0
2025-04-29,161.38958703408312,162.02201322671587,158.74532672732573,161.40452575683594,15955200,0.0,0.0,GOOG,-0.002216519569996356,160.85078125,155.8695098876953,0.02003869247794106,-0.008727547053230311,0.014739692789756287,0
2025-04-30,159.21342500394488,160.72129376483562,156.51936392224945,160.2392578125,20639500,0.0,0.0,GOOG,-0.007219549382967538,161.48221435546876,155.9696029663086,0.019282785575419133,-0.002216519569996356,-0.008727547053230311,1
2025-05-01,161.8626795159106,163.27693439217705,160.27909884439842,162.13157653808594,21904300,0.0,0.0,GOOG,0.011809332815309048,161.74514770507812,156.1653076171875,0.01790112744899712,-0.007219549382967538,-0.002216519569996356,1
2025-05-02,164.28782092891186,166.02575819757342,162.9980605401917,165.1393585205078,16844900,0.0,0.0,GOOG,0.01855148791275285,162.13555908203125,156.8216423034668,0.01708912217471752,0.011809332815309048,-0.007219549382967538,1
2025-05-05,163.84959235508165,166.42414359888113,163.8047761883749,165.37838745117188,15309300,0.0,0.0,GOOG,0.0014474376841810965,162.8586212158203,157.73343887329102,0.013597306882862018,0.01855148791275285,0.011809332815309048,0
2025-05-06,163.29685485815608,166.0656096677416,162.47021004852107,164.53182983398438,10691900,0.0,0.0,GOOG,-0.00511891324032554,163.48408203125,158.5282112121582,0.01302715600013445,0.0014474376841810965,0.01855148791275285,0
2025-05-07,165.39832428714405,166.31460145207316,148.88538156064425,152.18199157714844,78729800,0.0,0.0,GOOG,-0.07506048081576155,161.87262878417968,158.83795318603515,0.027855297629865473,-0.00511891324032554,0.0014474376841810965,1
2025-05-08,155.28936674953536,156.7733457913775,153.47673579360423,155.12005615234375,38387500,0.0,0.0,GOOG,0.019306256573110137,160.47032470703124,158.57352676391602,0.027413773835399526,-0.07506048081576155,-0.00511891324032554,0
2025-05-09,154.92086597342728,155.79729639404246,153.20782146453058,153.75559997558594,22871000,0.0,0.0,GOOG,-0.00879612998217183,158.19357299804688,158.52422790527345,0.026698782095229676,0.019306256573110137,-0.07506048081576155,1
2025-05-12,158.4565159583647,159.79109259540746,157.2514031940014,158.9345703125,31884900,0.0,0.0,GOOG,0.03368313308742188,156.9048095703125,158.53319244384767,0.02938092725450883,-0.00879612998217183,0.019306256573110137,1
2025-05-13,159.27317989421834,161.40452376405077,156.9426479911168,160.2392578125,24944300,0.0,0.0,GOOG,0.008208959809276939,156.04629516601562,158.5043098449707,0.02953179333368927,0.03368313308742188,-0.00879612998217183,1
2025-05-14,160.65757509274073,167.65914085977582,160.2791071495255,166.1353302001953,31769200,0.0,0.0,GOOG,0.03679542996008167,158.836962890625,158.90916595458984,0.03159686928672141,0.008208959809276939,0.03368313308742188,0
2025-05-15,166.46398594371732,166.8324845808578,163.1773300646456,164.73101806640625,22717600,0.0,0.0,GOOG,-0.008452820553562224,160.7591552734375,159.40216369628905,0.031695846736678544,0.03679542996008167,0.008208959809276939,1
2025-05-16,168.24672534220952,169.95976971274536,166.2747380587591,166.75279235839844,36271400,0.0,0.0,GOOG,0.0122731851944069,163.35859375,160.1028175354004,0.03139354820790066,-0.008452820553562224,0.03679542996008167,1
2025-05-19,165.04475721501143,167.27071830038446,164.74596753432272,167.1910400390625,21374700,0.0,0.0,GOOG,0.0026281279879387665,165.0098876953125,160.99967498779296,0.03139584706734158,0.0122731851944069,-0.008452820553562224,0
2025-05-20,167.0814703082653,168.9937028282985,163.59562645259507,164.65135192871094,33563300,0.0,0.0,GOOG,-0.015190336215135658,165.89230651855468,161.56836624145507,0.031792464228436824,0.0026281279879387665,0.0122731851944069,1
2025-05-21,164.28285909527938,173.8241147488791,164.22310419593487,169.3721923828125,45567600,0.0,0.0,GOOG,0.02867173818375668,166.53967895507813,162.1828712463379,0.01854983884906114,-0.015190336215135658,0.0026281279879387665,1
2025-05-22,172.64886244595763,177.40952770515509,171.18480689584123,171.28439331054688,45024100,0.0,0.0,GOOG,0.011289934320578787,167.85035400390626,162.70624542236328,0.018318581749216124,0.02867173818375668,-0.015190336215135658,0
2025-05-23,169.5912949526665,170.51255679496953,168.5754161256522,168.90408325195312,24963600,0.0,0.0,GOOG,-0.013896829784591835,168.28061218261718,162.99208450317383,0.018963209395152576,0.011289934320578787,0.02867173818375668,1
2025-05-27,170.60715313028052,173.5850498768435,170.51752079679463,173.27630615234375,24341300,0.0,0.0,GOOG,0.025885833049214213,169.49766540527344,163.5677459716797,0.01799875759204359,-0.013896829784591835,0.011289934320578787,0
2025-05-28,173.27630553994464,175.76619388623624,172.31521228557347,172.67874145507812,25999200,0.0,0.0,GOOG,-0.0034486232453515564,171.10314331054687,164.1314567565918,0.018415525222150946,0.025885833049214213,-0.013896829784591835,0
2025-05-29,174.29219459507527,174.6905706753204,171.08521699876005,172.2604522705078,21174700,0.0,0.0,GOOG,-0.002422354836765672,171.68079528808593,164.73251647949218,0.015458953930730442,-0.0034486232453515564,0.025885833049214213,0
2025-05-30,171.71267136464456,172.73850419417116,167.84337497253614,172.15089416503906,36258300,0.0,0.0,GOOG,-0.0006360026577469924,171.85409545898438,165.23348236083984,0.014963974250532926,-0.002422354836765672,-0.0034486232453515564,0
2025-06-02,168.3264234555339,170.37012596378605,167.9678788892252,169.68092346191406,24742900,0.0,0.0,GOOG,-0.014347707661379161,172.00946350097655,165.46056060791017,0.01577640542090248,-0.0006360026577469924,-0.002422354836765672,0
2025-06-03,168.18200445138862,169.1132202654776,166.0058292615901,167.03167724609375,25386700,0.0,0.0,GOOG,-0.015613105832813057,170.76053771972656,165.54322509765626,0.016704152071048087,-0.014347707661379161,-0.0006360026577469924,1
2025-06-04,167.59936869055824,168.8941137128479,167.11632972752577,168.7048797607422,18508700,0.0,0.0,GOOG,0.010017276616238746,169.96576538085938,165.75187759399415,0.016041060286010392,-0.015613105832813057,-0.014347707661379161,1
2025-06-05,170.92586104829266,171.66287351594346,168.6650532300248,169.12318420410156,25375400,0.0,0.0,GOOG,0.002479504113648723,169.33831176757812,166.59893722534179,0.013186263120434772,0.010017276616238746,-0.015613105832813057,1
2025-06-06,171.60314104448628,175.11886285343238,171.60314104448628,174.21253967285156,22258100,0.0,0.0,GOOG,0.030092594889935764,169.75064086914062,167.55356140136718,0.016021679878800054,0.002479504113648723,0.010017276616238746,1
2025-06-09,175.36920837444498,177.40838344678272,175.15981486637153,177.12420654296875,18817600,0.21,0.0,GOOG,0.016713302472858294,171.23929748535156,168.72199172973632,0.01560587189622533,0.030092594889935764,0.002479504113648723,1
2025-06-10,177.25381300637264,181.92548498841072,175.97248367921213,179.49740600585938,32908000,0.0,0.0,GOOG,0.013398504412297285,173.7324432373047,169.7501335144043,0.014171245101924452,0.016713302472858294,0.030092594889935764,0
2025-06-11,180.71395372243103,181.23247731258908,177.49315522223304,178.28089904785156,18994400,0.0,0.0,GOOG,-0.006777295477841672,175.64764709472655,170.65221557617187,0.014393170564762496,0.013398504412297285,0.016713302472858294,0
2025-06-12,176.97462201103352,177.62278026732977,175.60852795053205,176.46607971191406,17345900,0.0,0.0,GOOG,-0.010179550056287234,177.11622619628906,171.16875305175782,0.014934144025515624,-0.006777295477841672,0.013398504412297285,0
2025-06-13,173.08575730765713,177.83519582519614,173.0757912587669,175.37921142578125,20873200,0.0,0.0,GOOG,-0.006159077642044042,177.349560546875,171.70116271972657,0.015163976138261391,-0.010179550056287234,-0.006777295477841672,1
2025-06-16,175.40412517766475,177.73745858726056,175.31937572808113,177.43333435058594,18132500,0.0,0.0,GOOG,0.011712465280834916,177.41138610839843,172.23518981933594,0.014262009079553403,-0.006159077642044042,-0.010179550056287234,0
2025-06-17,176.4960009711626,178.20611393906023,175.4390217048858,176.725341796875,17656100,0.0,0.0,GOOG,-0.003990189083140527,176.85697326660156,172.71190490722657,0.012836968050241395,0.011712465280834916,-0.006159077642044042,0
2025-06-18,176.77519493381817,177.31765222631788,172.34783537554478,173.48458862304688,32531800,0.0,0.0,GOOG,-0.018337795479003716,175.89771118164063,173.15356674194337,0.014770877878327069,-0.003990189083140527,0.011712465280834916,0
2025-06-20,174.3670730180205,174.86564925551943,165.7965462781869,167.25238037109375,55402600,0.0,0.0,GOOG,-0.035923699628989336,174.05497131347656,173.0475761413574,0.01921477041434194,-0.018337795479003716,-0.003990189083140527,0
2025-06-23,166.84359050577245,168.0002760286221,162.86494591172044,165.5373077392578,36975600,0.0,0.0,GOOG,-0.010254398939079978,172.0865905761719,172.76022186279297,0.015928329987675027,-0.035923699628989336,-0.018337795479003716,1
2025-06-24,167.2075235754851,168.76806975687913,166.4347364323062,167.2623748779297,27310300,0.0,0.0,GOOG,0.010421017245182407,170.05239868164062,172.6781364440918,0.015077727473632657,-0.010254398939079978,-0.035923699628989336,1
2025-06-25,168.16976896218105,172.86636409735513,168.0810330981547,171.00169372558594,23627400,0.0,0.0,GOOG,0.022356007143777834,168.9076690673828,172.5644058227539,0.01652867387861249,0.010421017245182407,-0.010254398939079978,1
2025-06-26,172.89129646036014,174.15269387897737,170.37349225498832,173.93331909179688,25909100,0.0,0.0,GOOG,0.017143838182769322,168.9974151611328,172.62713470458985,0.017873082112485495,0.022356007143777834,0.010421017245182407,1
2025-06-27,174.13277039447223,178.3307744883378,172.21823915148727,177.7624053955078,74053100,0.0,0.0,GOOG,0.02201467966979953,171.09942016601562,172.90223236083983,0.019153920793301017,0.017143838182769322,0.022356007143777834,0
2025-06-30,180.27022481423467,181.0629592542579,175.00027001149462,176.8848876953125,43964600,0.0,0.0,GOOG,-0.004936463917907141,173.36893615722656,173.13893203735353,0.01910771393280435,0.02201467966979953,0.017143838182769322,0
2025-07-01,176.30155328362758,176.7153801218203,174.16267197058608,176.40626525878906,25778500,0.0,0.0,GOOG,-0.002705841311598456,175.19771423339844,173.47519912719727,0.018751955912791062,-0.004936463917907141,0.02201467966979953,1
2025-07-02,176.04229660403004,179.42264316852956,175.58859036409876,179.24813842773438,19325900,0.0,0.0,GOOG,0.01610981993624927,176.8470031738281,174.0860221862793,0.019393188830655432,-0.002705841311598456,-0.004936463917907141,1
2025-07-03,179.30797160007916,180.2552634412392,177.6826081403371,180.035888671875,13287400,0.0,0.0,GOOG,0.004394747142426825,178.06751708984376,174.65257263183594,0.018086191926588897,0.01610981993624927,-0.002705841311598456,0
2025-07-07,179.62207773822146,179.82649584662397,176.1370342776054,177.05441284179688,20991400,0.0,0.0,GOOG,-0.016560452763459965,177.92591857910156,175.04913406372071,0.013907133801064252,0.004394747142426825,0.01610981993624927,0
2025-07-08,178.27092688927698,178.28089293698707,173.42476501767194,174.66123962402344,24108600,0.0,0.0,GOOG,-0.013516597408457787,177.48118896484374,175.0715690612793,0.014356520890706497,-0.016560452763459965,0.004394747142426825,1
2025-07-09,175.60855462924354,179.76667937353494,173.38490846954042,177.15414428710938,31288000,0.0,0.0,GOOG,0.014272798409379117,177.63076477050782,175.07306594848632,0.014554359053475381,-0.013516597408457787,-0.016560452763459965,1
2025-07-10,176.16694359935292,179.07862729251107,175.23959900796677,178.191162109375,24693700,0.0,0.0,GOOG,0.005853759879220988,177.41936950683595,175.00775375366212,0.013362563922809167,0.014272798409379117,-0.013516597408457787,1
2025-07-11,177.4034040338624,182.0900177172081,177.0354514767008,180.7937164306641,23975700,0.0,0.0,GOOG,0.014605406297825363,177.57093505859376,175.13339462280274,0.013111249983489528,0.005853759879220988,0.014272798409379117,1
2025-07-14,181.55156086612877,184.20397492161143,180.19642187035925,182.28944396972656,20990400,0.0,0.0,GOOG,0.008273116834987437,178.6179412841797,175.42456283569337,0.011646196651031475,0.014605406297825363,0.005853759879220988,1
2025-07-15,183.41624831579,184.8820638281437,181.87065877105783,182.57864379882807,23911600,0.0,0.0,GOOG,0.0015864869780914947,180.20142211914063,175.7845344543457,0.011357585232859253,0.008273116834987437,0.014605406297825363,1
2025-07-16,183.7951562789434,184.8072654587967,182.55868170023996,183.2467193603516,21152600,0.0,0.0,GOOG,0.0036591112061257203,181.41993713378906,176.075203704834,0.011164599230061368,0.0015864869780914947,0.008273116834987437,1
2025-07-17,182.5935940002693,184.65968506880088,180.98318716041035,184.174072265625,21654400,0.0,0.0,GOOG,0.005060679440867855,182.61651916503905,176.4476402282715,0.01033431434398062,0.0036591112061257203,0.0015864869780914947,1
2025-07-18,186.0885941142983,186.82649243957303,184.2039765036521,185.41053771972656,21033400,0.0,0.0,GOOG,0.006713569607769143,183.53988342285157,177.04393768310547,0.01040079923293323,0.005060679440867855,0.0036591112061257203,1
2025-07-21,186.5672421082785,190.7153850173733,186.51738143933608,190.60569763183597,24665000,0.0,0.0,GOOG,0.028019766168644544,185.20313415527343,178.21160354614258,0.01063898561740583,0.006713569607769143,0.005060679440867855,1
2025-07-22,191.87208787210568,192.8094136841512,187.9582611513304,191.5629730224609,26212900,0.0,0.0,GOOG,0.005022281088753022,187.0,179.51288681030275,0.007821015609142295,0.028019766168644544,0.006713569607769143,0
2025-07-23,191.8122616415566,192.80941417343925,189.6384612100756,190.9646759033203,34068100,0.0,0.0,GOOG,-0.0031232398918262794,188.54359130859376,180.69800186157227,0.008498977324509775,0.005022281088753022,0.028019766168644544,1
2025-07-24,197.54589455449943,198.40344636594716,191.40343112437813,192.64987182617188,45252100,0.0,0.0,GOOG,0.008824647358890214,190.23875122070314,181.78041076660156,0.008484344084396718,-0.0031232398918262794,0.005022281088753022,1
2025-07-25,192.38063967306036,194.7189636869481,191.5829297825064,193.52737426757807,31101800,0.0,0.0,GOOG,0.004554907994945179,191.86211853027345,182.76011352539064,0.008187136244044504,0.008824647358890214,-0.0031232398918262794,0
2025-07-28,193.85641861722297,194.2652547885067,191.3086861013837,192.8692321777344,25553500,0.0,0.0,GOOG,-0.0034007700064885293,192.31482543945313,183.51545486450195,0.008774338135368594,0.004554907994945179,0.008824647358890214,1
2025-07-29,192.74958939416115,196.10002254359048,192.44047454062363,195.87066650390625,31891600,0.0,0.0,GOOG,0.015562017291622432,193.17636413574218,184.46474380493163,0.009152648083457527,-0.0034007700064885293,0.004554907994945179,1
2025-07-30,195.74105428582791,197.9148396045184,195.00315589990151,196.8778076171875,21150500,0.0,0.0,GOOG,0.005141868005340999,194.35899047851564,185.48832092285156,0.009102778273788793,0.015562017291622432,-0.0034007700064885293,0
2025-07-31,196.0401927171234,196.26953353783088,191.5330590388625,192.3108367919922,27852000,0.0,0.0,GOOG,-0.02319698131785075,194.2911834716797,186.14145584106444,0.013280808316660501,0.005141868005340999,0.015562017291622432,0
2025-08-01,189.23958930418488,191.0723529371657,188.16266284053663,189.4091033935547,21236700,0.0,0.0,GOOG,-0.015088766950642984,193.467529296875,186.61011657714843,0.01458636690399502,-0.02319698131785075,0.005141868005340999,1
2025-08-04,190.63064182041,195.52167386173045,190.37636305120955,195.19261169433597,23386000,0.0,0.0,GOOG,0.030534479057029662,193.9322052001953,187.51702651977538,0.015093229171940123,-0.015088766950642984,-0.02319698131785075,0
2025-08-05,194.98818991202364,198.13420493112548,194.1206720786801,194.7638397216797,19010200,0.0,0.0,GOOG,-0.0021966608722245873,193.71083984375,188.52215652465821,0.015130876106388119,0.030534479057029662,-0.015088766950642984,1
2025-08-06,194.6940404711256,196.8179803269924,193.91326525690263,196.3592834472656,15383700,0.0,0.0,GOOG,0.008191683465810895,193.6071350097656,189.482413482666,0.015148092843614734,-0.0021966608722245873,0.030534479057029662,1
2025-08-07,197.14702995233705,197.8051390469662,194.6641147185485,196.7182464599609,14660600,0.0,0.0,GOOG,0.00182809290395336,194.48861694335938,190.4087677001953,0.015004561738199928,0.008191683465810895,-0.0021966608722245873,1
2025-08-08,197.416259260937,202.85073766140215,197.33648523042044,201.5145568847656,24379900,0.0,0.0,GOOG,0.024381624537207935,196.90970764160153,191.4448097229004,0.016578697691732647,0.00182809290395336,0.008191683465810895,0
2025-08-11,200.98107907047685,201.58436733075487,199.23108665544845,201.05587768554688,16690200,0.0,0.0,GOOG,-0.002276159133660083,198.08236083984372,192.3831314086914,0.01652532118039462,0.024381624537207935,0.00182809290395336,1
2025-08-12,201.51955180494028,204.54591353591007,200.8265234587084,203.57867431640625,19854000,0.0,0.0,GOOG,0.012547738767453742,199.84532775878904,193.43313293457032,0.01632308560753972,-0.002276159133660083,0.024381624537207935,0
2025-08-13,204.39631813928864,204.845033727696,198.07437484974005,202.45187377929688,19573000,0.0,0.0,GOOG,-0.0055349635264746455,201.0638458251953,194.39339065551758,0.016586192817729068,0.012547738767453742,-0.002276159133660083,1
2025-08-14,201.98323250057985,204.8350896056104,201.74890102600187,203.2396545410156,17777100,0.0,0.0,GOOG,0.003891200150498486,202.36812744140624,195.3466697692871,0.01383007750494743,-0.0055349635264746455,0.012547738767453742,1
2025-08-15,204.13707666196316,206.7396454950334,201.50958510061872,204.3265380859375,21111400,0.0,0.0,GOOG,0.005347792719764488,202.93052368164064,196.29246978759767,0.011787824499342705,0.003891200150498486,-0.0055349635264746455,0
2025-08-18,204.48607543767912,205.5530207265787,202.83079859585283,203.70828247070312,13000200,0.0,0.0,GOOG,-0.0030258214181377863,203.46100463867188,196.947599029541,0.009004083031845815,0.005347792719764488,0.003891200150498486,0
2025-08-19,203.32438576853093,203.70828401573087,200.3578509004492,201.91342163085935,13476600,0.0,0.0,GOOG,-0.008810936983389084,203.1279541015625,197.46512145996093,0.009747827222745892,-0.0030258214181377863,0.005347792719764488,0
2025-08-20,201.10571211053596,201.5943223208668,196.8977424914003,199.61996459960935,13971700,0.0,0.0,GOOG,-0.011358616048035342,202.561572265625,197.89788589477538,0.010654935484741224,-0.008810936983389084,-0.0030258214181377863,1
2025-08-21,200.14845791183663,202.78093999390543,199.82936179748157,200.0487365722656,11768900,0.0,0.0,GOOG,0.0021479413320018015,201.923388671875,198.26782913208007,0.010655846114632366,-0.011358616048035342,-0.008810936983389084,1
2025-08-22,203.3792425890432,208.6342256189113,201.5544515805853,206.13137817382807,25723700,0.0,0.0,GOOG,0.03040579863579973,202.2843566894531,198.89802932739255,0.012144902752357472,0.0021479413320018015,-0.011358616048035342,1
2025-08-25,206.4105846357216,210.48893504761517,205.36357138073308,208.5644378662109,22788800,0.0,0.0,GOOG,0.011803441639686163,203.25558776855465,199.6827896118164,0.012365265756467955,0.03040579863579973,0.0021479413320018015,0
2025-08-26,207.77665132463008,207.86640660886843,205.8621204447473,207.35784912109372,23051000,0.0,0.0,GOOG,-0.005785208434676559,204.3444732666015,200.25714874267575,0.012273239127865907,0.011803441639686163,0.03040579863579973,1
2025-08-27,205.87210960879617,208.97325445872855,205.8023016311913,207.61712646484372,15249000,0.0,0.0,GOOG,0.0012503859624748426,205.9439056396484,200.79411468505856,0.012000561974222234,-0.005785208434676559,0.011803441639686163,1
2025-08-28,207.24818932023632,212.2937789587124,207.00888243799457,211.76528930664065,20915700,0.0,0.0,GOOG,0.019979868291353897,208.28721618652344,201.766837310791,0.013212202850819695,0.0012503859624748426,-0.005785208434676559,1
2025-08-29,210.668407439051,214.72681009619248,210.3692586537877,212.9219665527344,24682200,0.0,0.0,GOOG,0.005462071947111458,209.64533386230468,202.94248046874998,0.013213359677276874,0.019979868291353897,0.0012503859624748426,0
2025-09-02,208.39492528628656,211.76430169728624,206.3707067455743,211.38638305664065,28900100,0.0,0.0,GOOG,-0.007211954318078417,210.20972290039063,203.7521690368652,0.013530465241051911,0.005462071947111458,0.019979868291353897,1
2025-09-03,225.83510053542784,231.13995929372416,224.47897248720727,230.44195556640625,72250300,0.0,0.0,GOOG,0.09014569545219797,214.82654418945313,205.53607482910155,0.029753212691693464,-0.007211954318078417,0.005462071947111458,1
2025-09-04,229.49964084428723,232.10720020502256,226.11430372222992,231.9975128173828,32196000,0.0,0.0,GOOG,0.006750321342974042,219.70262145996094,207.31798629760743,0.02858794422212298,0.09014569545219797,-0.007211954318078417,1
2025-09-05,231.99751875750675,235.4576393653349,231.7183172573368,234.5003662109375,26127700,0.0,0.0,GOOG,0.010788276836074528,224.2496368408203,209.20709228515625,0.028268517141766553,0.006750321342974042,0.09014569545219797,0
2025-09-08,235.32873581763147,237.9336306885174,233.2727680706754,233.70193481445312,23128800,0.21,0.0,GOOG,-0.0034048194012890054,228.40563049316407,210.81646118164062,0.02842329435928127,0.010788276836074528,0.006750321342974042,1
2025-09-09,233.73187510033893,240.11934919599457,232.9234620757728,239.4706268310547,22854800,0.0,0.0,GOOG,0.024683972005544508,234.02247924804686,212.73719863891603,0.028655069931461205,-0.0034048194012890054,0.010788276836074528,0
2025-09-10,238.78197848839383,241.60644426204072,237.64420916870392,239.09136962890625,19990100,0.0,0.0,GOOG,-0.0015837316132136792,235.7523620605469,214.51283340454103,0.028357668480874548,0.024683972005544508,-0.0034048194012890054,1
2025-09-11,239.6702430409668,242.09549744985412,236.1172094677928,240.3089904785156,21308600,0.0,0.0,GOOG,0.005092700968249986,237.41465759277344,216.40568923950195,0.02818087513792039,-0.0015837316132136792,0.024683972005544508,1
2025-09-12,240.32895441337703,241.9487806264288,238.03345058625408,240.90782165527344,14536600,0.0,0.0,GOOG,0.002491921652891138,238.69614868164064,218.28909759521486,0.028384233361841166,0.005092700968249986,-0.0015837316132136792,1
2025-09-15,244.6604715999479,252.25558599515145,244.5007809271615,251.26751708984372,29935200,0.0,0.0,GOOG,0.04300273591529313,242.20926513671876,220.63614654541016,0.029682133488324845,0.002491921652891138,0.005092700968249986,0
2025-09-16,251.8363851023784,252.73461839948973,249.2264951739416,250.92816162109372,24493500,0.0,0.0,GOOG,-0.0013505743706165863,244.50077209472656,222.99714050292968,0.029203244679743074,0.04300273591529313,0.002491921652891138,0
2025-09-17,250.96810297309423,251.457134693102,246.0976443107254,249.3612518310547,20491300,0.0,0.0,GOOG,-0.006244455703641183,246.55474853515625,225.36953201293946,0.015143478229090207,-0.0013505743706165863,0.04300273591529313,1
2025-09-18,251.3672982264148,253.64283674671373,249.620721672654,251.8363800048828,21166400,0.0,0.0,GOOG,0.009925873228712634,248.8602264404297,227.98035278320313,0.015147128507166744,-0.006244455703641183,-0.0013505743706165863,1
2025-09-19,252.90429521414327,256.1978580599402,251.5749001290136,254.7407073974609,41616800,0.0,0.0,GOOG,0.011532596650737137,251.62680358886715,230.7149513244629,0.015162316035536631,0.009925873228712634,-0.006244455703641183,0
2025-09-22,254.28159202417987,255.80859778310395,250.31935701525043,252.38531494140625,20079000,0.0,0.0,GOOG,-0.009246235044717999,251.8503631591797,233.02764816284179,0.01576866410926472,0.011532596650737137,0.009925873228712634,0
2025-09-23,253.1588045749211,254.27162891941387,250.5988197336085,251.84637451171875,17521100,0.0,0.0,GOOG,-0.002135387432555702,252.03400573730468,235.19174499511718,0.014836918842840224,-0.009246235044717999,0.011532596650737137,0
2025-09-24,251.6567409307806,252.465169210253,246.73639225090287,247.3451995849609,16958500,0.0,0.0,GOOG,-0.017872700909372763,251.63079528808595,237.19111251831055,0.01646318651065835,-0.002135387432555702,-0.009246235044717999,0
2025-09-25,244.36103504174343,246.83119948479083,241.1772729521053,246.0876617431641,17379800,0.0,0.0,GOOG,-0.005084140884508481,250.48105163574218,239.11463928222656,0.016668408099064724,-0.017872700909372763,-0.002135387432555702,1
2025-09-26,247.30028436747256,249.6307080908706,246.1575199628612,246.6964569091797,16594600,0.0,0.0,GOOG,0.00247389552854127,248.87220153808593,240.8611976623535,0.0166684102804079,-0.005084140884508481,-0.017872700909372763,0
2025-09-29,247.7893233809348,251.1557262831209,242.72425403895525,243.88198852539065,23157200,0.0,0.0,GOOG,-0.011408629126867353,247.17153625488282,242.40919876098633,0.009173992721248152,0.00247389552854127,-0.005084140884508481,0
2025-09-30,242.58451569357385,243.19831809300865,239.10234257255223,243.0735626220703,22541200,0.0,0.0,GOOG,-0.0033148241418253788,245.41697387695314,243.99355773925782,0.009157169869561848,-0.011408629126867353,0.00247389552854127,1
2025-10-01,240.70819039614517,246.666512952486,238.7320679853251,245.0596618652344,23967700,0.0,0.0,GOOG,0.008170774401542236,244.95986633300782,244.7244430541992,0.009730393334643263,-0.0033148241418253788,-0.011408629126867353,1
2025-10-02,245.15947386631728,247.15056633705012,242.62942922539503,245.9479217529297,20657500,0.0,0.0,GOOG,0.0036246678908085084,244.93191833496093,245.42196350097657,0.009076205649727167,0.008170774401542236,-0.0033148241418253788,1
2025-10-03,244.75028083348028,246.6345880461835,241.9956853826143,245.9678955078125,19941400,0.0,0.0,GOOG,8.121131799154746e-05,244.7862060546875,245.9953399658203,0.007760427840020352,0.0036246678908085084,0.008170774401542236,1
2025-10-06,245.29918850362745,251.706627468794,245.2093682222273,251.0179748535156,18309000,0.0,0.0,GOOG,0.02053145730777972,246.2134033203125,246.86114196777345,0.010520455380469786,8.121131799154746e-05,0.0036246678908085084,0
2025-10-07,248.4430272638954,251.05791228547747,246.3271793540586,246.6465606689453,13811200,0.0,0.0,GOOG,-0.017414745645690455,246.9280029296875,247.21993865966797,0.011815294982249508,0.02053145730777972,8.121131799154746e-05,0
2025-10-08,245.71838582107756,246.7763098352955,244.61055656999372,244.97984313964844,14136500,0.0,0.0,GOOG,-0.006757513766972756,246.91203918457032,247.51436233520508,0.010620843800746491,-0.017414745645690455,0.02053145730777972,0
2025-10-09,244.5806218715314,245.07464870084345,239.21114111980023,241.7362060546875,19375700,0.0,0.0,GOOG,-0.01324042436875894,246.06969604492187,247.58572311401366,0.011270353618736639,-0.006757513766972756,-0.017414745645690455,0
2025-10-10,241.6862837352197,244.361033737086,236.2219879862294,237.02542114257807,22449100,0.0,0.0,GOOG,-0.01948729563102236,244.281201171875,247.3916030883789,0.01244011756079442,-0.01324042436875894,-0.006757513766972756,1
2025-10-13,240.558499211462,244.5107594146721,240.2790481619253,244.16143798828125,12465000,0.0,0.0,GOOG,0.030106546425712866,242.90989379882814,247.0362991333008,0.01606345492386372,-0.01948729563102236,-0.01324042436875894,1
2025-10-14,241.28209772688697,247.5398217507458,240.70621533424085,245.7084197998047,17705400,0.0,0.0,GOOG,0.006335897364749599,242.722265625,246.77531204223632,0.01611663771420665,0.030106546425712866,-0.01948729563102236,1
2025-10-15,247.5997119413829,252.2655546950468,246.30723177132143,251.21762084960935,16048100,0.0,0.0,GOOG,0.022421702334390448,243.96982116699218,246.86813049316407,0.01738235065932942,0.006335897364749599,0.030106546425712866,1
2025-10-16,251.97113043417468,257.0761148486886,250.17964359711988,251.3872833251953,18946000,0.0,0.0,GOOG,0.0006753605699001408,245.90003662109376,246.84567565917968,0.017388432746023436,0.022421702334390448,0.006335897364749599,1
2025-10-17,250.8583192068179,254.38141265847207,248.1037085285355,253.2935333251953,17653800,0.0,0.0,GOOG,0.007582921358571859,249.15365905761718,246.7733169555664,0.01744259992618266,0.0006753605699001408,0.022421702334390448,1
2025-10-20,254.730720175168,257.3755454382386,254.10196292360385,256.5172119140625,13726800,0.0,0.0,GOOG,0.01272704654772383,251.62481384277345,246.97991180419922,0.016735019651016845,0.007582921358571859,0.0006753605699001408,0
2025-10-21,254.75068259010632,254.88043315871172,244.1913772492023,250.84832763671875,27836400,0.0,0.0,GOOG,-0.022099430424352695,252.65279541015624,246.9300094604492,0.017400405508257097,0.01272704654772383,0.007582921358571859,1
2025-10-22,254.51113980291015,256.6768929861004,249.9610676958088,252.03599548339844,19650200,0.0,0.0,GOOG,0.004734605400278591,252.81647033691405,247.1645492553711,0.017148152951383826,-0.022099430424352695,0.01272704654772383,1
2025-10-23,253.20371774019745,255.3594960774361,252.27354929291647,253.2336578369141,13241300,0.0,0.0,GOOG,0.004751949622190166,253.1857452392578,247.5218490600586,0.016173889868156963,0.004734605400278591,-0.022099430424352695,1
2025-10-24,256.7966542421952,261.9964843027508,255.59901997238168,260.0003967285156,18406000,0.0,0.0,GOOG,0.026721325077408986,254.52711791992186,248.1870460510254,0.01503262152703307,0.004751949622190166,0.004734605400278591,1
2025-10-27,264.8408796912386,270.27024022649704,264.421718365036,269.4019470214844,22987700,0.0,0.0,GOOG,0.03615975364370527,257.10406494140625,249.4630439758301,0.016046901905279312,0.026721325077408986,0.004751949622190166,0
2025-10-28,269.6714643596973,270.84914880986616,266.6473926687049,267.9049072265625,20101200,0.0,0.0,GOOG,-0.005556900428794975,260.515380859375,250.7046112060547,0.016772999674197594,0.03615975364370527,0.026721325077408986,1
2025-10-29,268.084518803547,275.430136689206,267.9048782372746,274.6317138671875,26287900,0.0,0.0,GOOG,0.0251089340253714,265.03452453613284,252.18321380615234,0.017034756945604777,-0.005556900428794975,0.03615975364370527,1
2025-10-30,291.149338690232,291.3589193601236,279.9013960238178,281.3485412597656,48570000,0.0,0.0,GOOG,0.024457581020036256,270.6575012207031,253.95324478149413,0.01738739217367469,0.0251089340253714,-0.005556900428794975,0
2025-10-31,282.650977208601,285.72496912802427,276.98011604793214,281.2687072753906,29932800,0.0,0.0,GOOG,-0.00028375474782105226,274.9111633300781,255.71828536987306,0.017756279076974354,0.024457581020036256,0.0251089340253714,1
2025-11-03,281.86755274284974,285.38065607049083,279.82154461028614,283.564208984375,19691800,0.0,0.0,GOOG,0.008161241011204412,277.7436157226563,257.345597076416,0.01775626984622888,-0.00028375474782105226,0.024457581020036256,0
2025-11-04,276.5230035539034,281.2826867883924,276.3233826138772,277.5160522460937,18123700,0.0,0.0,GOOG,-0.021329055454295975,279.6658447265625,258.88907165527337,0.017601486444547575,0.008161241011204412,-0.00028375474782105226,1
2025-11-05,278.83347249108255,286.1391601752395,277.33640684061817,284.1929626464844,20063200,0.0,0.0,GOOG,0.024059546632891005,281.5780944824219,260.8497276306152,0.017980249490863343,-0.021329055454295975,0.008161241011204412,1
2025-11-06,285.1760461917381,288.2450432279728,281.0691054763307,284.7818298339844,23103800,0.0,0.0,GOOG,0.0020720681540327135,282.26475219726564,263.00200881958006,0.01812341041291673,0.024059546632891005,-0.021329055454295975,0
2025-11-07,283.65401936749936,283.9434605971931,275.20058717815346,279.1528625488281,21991100,0.0,0.0,GOOG,-0.019765893380338517,281.8415832519531,265.10838088989254,0.01980005453579771,0.0020720681540327135,0.024059546632891005,1
2025-11-10,284.70701038582297,290.8898692555018,282.98537855082736,290.0215759277344,19508200,0.0,0.0,GOOG,0.03893462986432805,283.133056640625,267.4013877868652,0.02026334270236724,-0.019765893380338517,0.0020720681540327135,1
2025-11-11,287.63622797404787,291.7681133620935,287.3168466563392,291.1692810058594,14156700,0.0,0.0,GOOG,0.003957309294847056,285.86370239257815,269.6744308471679,0.01979565079613042,0.03893462986432805,-0.019765893380338517,0
2025-11-12,291.5135987132187,291.7880546515022,283.8236850599058,286.8677062988281,16998800,0.0,0.0,GOOG,-0.0147734496309887,286.3986511230469,271.45693511962884,0.020101184365542736,0.003957309294847056,0.03893462986432805,0
2025-11-13,282.43140406714,282.95540141720784,277.4561704506044,278.573974609375,18060200,0.0,0.0,GOOG,-0.02891134661499195,285.157080078125,272.81626968383785,0.02127841850713917,-0.0147734496309887,0.003957309294847056,0
2025-11-14,271.3630969415388,278.6039092877604,270.8790603381107,276.43817138671875,18330500,0.0,0.0,GOOG,-0.0076669158547604255,284.6141418457031,273.97350158691404,0.021386797259532464,-0.02891134661499195,-0.0147734496309887,1
2025-11-17,285.839743672837,293.94385460993595,283.67400564199863,285.04132080078125,34286100,0.0,0.0,GOOG,0.031121423538962967,283.6180908203125,275.39970703125,0.023654595675106745,-0.0076669158547604255,-0.02891134661499195,0
2025-11-18,287.9206248389476,288.8687785458718,278.4641850602452,284.40252685546875,29702200,0.0,0.0,GOOG,-0.0022410573439595183,282.2647399902344,277.0774169921875,0.02241063374304666,0.031121423538962967,-0.0076669158547604255,1
2025-11-19,287.1222246159708,303.654822395168,287.1072697972532,292.4168395996094,43123600,0.0,0.0,GOOG,0.028179470951794405,283.37456665039065,279.09645919799806,0.022880317709410146,-0.0022410573439595183,0.031121423538962967,0
2025-11-20,304.14388799780994,306.2897067467055,288.6043676402575,289.41278076171875,34801400,0.0,0.0,GOOG,-0.010273207391215622,285.5423278808594,280.90541534423824,0.023271094121352247,0.028179470951794405,-0.0022410573439595183,1
2025-11-21,296.28925176883206,303.3653785062888,293.7841521372714,299.0638122558594,43670600,0.0,0.0,GOOG,0.033346942967548365,290.0674560546875,282.8585861206055,0.023841979870824908,-0.010273207391215622,0.028179470951794405,1
2025-11-24,310.4016170398079,319.1744002550105,308.7947506575406,317.8470153808594,55311800,0.0,0.0,GOOG,0.06280667320902844,296.62859497070315,285.28083953857424,0.0281771092634562,0.033346942967548365,-0.010273207391215622,1
2025-11-25,326.1606884500195,328.02705586506585,317.1942849998955,323.00689697265625,50899300,0.0,0.0,GOOG,0.016233852583495523,304.34946899414064,288.0359390258789,0.02817358329968877,0.06280667320902844,0.033346942967548365,0
2025-11-26,320.1524948095306,324.3542507562828,316.57951134155564,319.6534729003906,29839600,0.0,0.0,GOOG,-0.010381896187651729,309.7967956542969,290.2870269775391,0.027762196497559455,0.016233852583495523,0.06280667320902844,0
2025-11-28,322.7972661019505,326.24052904499,316.31997224508586,319.4937438964844,19695800,0.0,0.0,GOOG,-0.0004996942547094152,315.81298828125,292.194287109375,0.024455585210171653,-0.010381896187651729,0.016233852583495523,0
2025-12-01,316.85397476893087,319.00475802970755,313.3658164150799,314.5035705566406,28520600,0.0,0.0,GOOG,-0.015619001733757187,318.90093994140625,293.8560302734375,0.025353461824596496,-0.0004996942547094152,-0.010381896187651729,1
2025-12-02,316.2800778612201,317.97676452439663,313.6053277555434,315.4017944335937,24668200,0.0,0.0,GOOG,0.0028560053399817598,318.4118957519531,295.4479095458984,0.0247092358876371,-0.015619001733757187,-0.0004996942547094152,1
2025-12-03,315.4117804706808,321.4100334471199,313.66520382303423,319.9927978515625,32285100,0.0,0.0,GOOG,0.014556047235601222,317.8090759277344,297.5717468261719,0.02431919276152235,0.0028560053399817598,-0.015619001733757187,0
2025-12-04,322.41304312234007,322.4669231064659,314.9726102211733,317.76715087890625,20831600,0.0,0.0,GOOG,-0.006955303330572704,317.4318115234375,299.25045623779295,0.024279300904435506,0.014556047235601222,0.0028560053399817598,1
2025-12-05,319.3740224904766,323.19651692069215,319.3540725789078,321.4599304199219,15719900,0.0,0.0,GOOG,0.011621023541300124,317.825048828125,301.08436126708983,0.0233572368308652,-0.006955303330572704,0.014556047235601222,0
2025-12-08,320.61104175996445,320.8107929430465,311.5029486020491,314.0396423339844,22006900,0.21,0.0,GOOG,-0.02308308869551612,317.7322631835938,302.82870025634764,0.024108343090086654,0.011621023541300124,-0.006955303330572704,1
2025-12-09,312.69140162718145,318.293090499111,312.2120170689398,317.3353271484375,14151300,0.0,0.0,GOOG,0.010494486587613983,318.1189697265625,304.1943878173828,0.013588749958766818,-0.02308308869551612,0.011621023541300124,1
2025-12-10,316.2067963622882,321.44994495209085,314.98838728040494,320.5810852050781,22764500,0.0,0.0,GOOG,0.010228164906211035,318.23662719726565,305.66497802734375,0.012903159479436608,0.010494486587613983,-0.02308308869551612,0
2025-12-11,320.68095545193773,321.5697781115332,309.47559686198167,313.2906188964844,25912100,0.0,0.0,GOOG,-0.022741411284230906,317.34132080078126,306.9861236572266,0.014436714099520949,0.010228164906211035,0.010494486587613983,0
2025-12-12,314.384191403608,315.72743733563,306.5593944963072,310.11474609375,21264800,0.0,0.0,GOOG,-0.010137146186888324,315.07228393554686,308.5631622314453,0.014651867184821742,-0.022741411284230906,0.010228164906211035,0
2025-12-15,312.2170002056079,312.2919145159097,305.34097591001495,308.91632080078125,22028900,0.0,0.0,GOOG,-0.003864457617911765,314.04761962890626,310.18706970214845,0.013971870456348826,-0.010137146186888324,-0.022741411284230906,0
2025-12-16,305.6006464692463,311.4380195138882,303.4334650759046,307.3283996582031,21285200,0.0,0.0,GOOG,-0.0051402953992908396,312.0462341308594,311.30142364501955,0.013910674452288893,-0.003864457617911765,-0.010137146186888324,0
2025-12-17,308.60674262731374,308.79149875866017,297.0618312050489,297.6710205078125,29120400,0.0,0.0,GOOG,-0.03142364702100786,307.46422119140624,311.96484832763673,0.015186306060179053,-0.0051402953992908396,-0.003864457617911765,1
2025-12-18,302.6645051874067,304.8616463852272,300.2376836446455,303.3536071777344,21040500,0.0,0.0,GOOG,0.019090157517610118,305.47681884765626,312.51168670654295,0.017300258697484232,-0.03142364702100786,-0.0051402953992908396,1
2025-12-19,302.87421730733627,308.5867538440108,301.9454382853998,308.2072448730469,45234400,0.0,0.0,GOOG,0.01599993400595623,305.09531860351564,313.4514099121094,0.017801668524305286,0.019090157517610118,-0.03142364702100786,1
2025-12-22,310.8188320764369,311.29321825822973,306.1898713767453,310.9236755371094,14091400,0.0,0.0,GOOG,0.008813649611583374,305.4967895507813,314.0444030761719,0.01684591143514364,0.01599993400595623,0.019090157517610118,1
2025-12-23,310.7289841005398,315.8872219232364,310.34447676582494,315.2680358886719,13961400,0.0,0.0,GOOG,0.0139724334084812,307.084716796875,313.9154541015625,0.017139900597857995,0.008813649611583374,0.01599993400595623,0
2025-12-24,315.7374107235817,315.87724264961207,312.9111173503096,315.258056640625,6138200,0.0,0.0,GOOG,-3.165321856601899e-05,310.6021240234375,313.52801208496095,0.01672712171331909,0.0139724334084812,0.008813649611583374,0
2025-12-26,315.50771928299366,316.14686819703024,313.31057822091293,314.5489501953125,6730900,0.0,0.0,GOOG,-0.0022492888932600374,312.8411926269531,313.27278594970704,0.015009018916704607,-3.165321856601899e-05,0.0139724334084812,0
2025-12-29,312.41177786022433,314.5589660191107,311.4929650481145,313.979736328125,12317700,0.0,0.0,GOOG,-0.0018096193512457948,313.9956909179688,312.99708557128906,0.014577902185873102,-0.0022492888932600374,-3.165321856601899e-05,1
2025-12-30,313.000999413296,317.28540943965805,312.8412045581068,314.1394958496094,11052500,0.0,0.0,GOOG,0.0005088211212376237,314.63885498046875,312.9788818359375,0.014469763246413104,-0.0018096193512457948,-0.0022492888932600374,0
2025-12-31,312.9610408855354,314.97842425011913,311.7925848269269,313.3904724121094,10821500,0.0,0.0,GOOG,-0.0023843656954826153,314.2633422851562,312.8783157348633,0.01434920317569766,0.0005088211212376237,-0.0018096193512457948,1
2026-01-02,317.1755349326168,322.4925921245844,310.2445893355621,314.90850830078125,22043700,0.0,0.0,GOOG,0.004843912059571576,314.1934326171875,312.62410125732424,0.008225856885166048,-0.0023843656954826153,0.0005088211212376237,1
2026-01-05,317.2803943893332,318.8333576971289,314.8375721951358,316.9058837890625,19934000,0.0,0.0,GOOG,0.006342716807046234,314.6648193359375,312.581037902832,0.006775956774653989,0.004843912059571576,-0.0023843656954826153,0
2026-01-06,316.89590376555594,321.1403574586827,311.9323884629541,314.1394958496094,18989900,0.0,0.0,GOOG,-0.008729367553473644,314.6967712402344,312.2150161743164,0.006582153016289487,0.006342716807046234,0.004843912059571576,1
2026-01-07,314.1594883653292,326.0389542255147,314.08957240180337,322.0092163085937,24681800,0.0,0.0,GOOG,0.02505167469534575,316.2707153320312,312.6134948730469,0.009723147803471313,-0.008729367553473644,0.006342716807046234,1
2026-01-08,328.8352904632479,330.10862036359265,321.56976069270803,325.58453369140625,21789600,0.0,0.0,GOOG,0.011103152337684108,318.70952758789065,313.0259552001953,0.009419040423845493,0.02505167469534575,-0.008729367553473644,1
2026-01-09,327.06260864018543,331.0474223278597,325.8242366201649,328.7104797363281,17917700,0.0,0.0,GOOG,0.00960102744894109,321.469921875,313.4324249267578,0.00953631136753687,0.011103152337684108,0.02505167469534575,1
2026-01-12,326.0738959562766,334.00353617058494,325.0851977244808,332.2957763671875,23893800,0.0,0.0,GOOG,0.010907156454930345,324.547900390625,314.38268280029297,0.009450580715289938,0.00960102744894109,0.011103152337684108,1
2026-01-13,334.842443176996,340.7547307187532,333.9136641838289,335.9909362792969,24616700,0.0,0.0,GOOG,0.011120092925966718,328.9181884765625,315.67649230957034,0.009214320262480044,0.010907156454930345,0.00960102744894109,0
2026-01-14,334.5478107597875,336.5901553278728,330.7078579636465,335.87109375,17839300,0.0,0.0,GOOG,-0.0003566838160100616,331.69056396484376,317.02423095703125,0.009284160427430958,0.011120092925966718,0.010907156454930345,0
2026-01-15,337.6138206307241,337.68873494454425,330.857665009866,332.7252197265625,16424900,0.0,0.0,GOOG,-0.009366313689915473,333.118701171875,318.29407196044923,0.01025878446608769,-0.0003566838160100616,0.011120092925966718,0
2026-01-16,334.49790980660475,334.8025044691476,327.7417539311608,329.9089050292969,21868600,0.0,0.0,GOOG,-0.008464386016726055,333.35838623046874,319.9059661865234,0.011248366937642232,-0.009366313689915473,-0.0003566838160100616,0
2026-01-20,320.8207502405229,327.66181662107743,320.4712313964823,321.73956298828125,27169900,0.0,0.0,GOOG,-0.024762417493065736,331.2471435546875,320.8252639770508,0.01456256633548235,-0.008464386016726055,-0.009366313689915473,1
2026-01-21,320.67598013932434,332.290808151728,319.1230166907501,327.95147705078125,22791700,0.0,0.0,GOOG,0.019307274507382344,329.6392517089844,321.8124755859375,0.015041714780247463,-0.024762417493065736,-0.008464386016726055,1
2026-01-22,333.8287821334127,334.7725256981915,328.4508000741002,330.4082336425781,19902100,0.0,0.0,GOOG,0.007491219780103142,328.5466796875,322.7867034912109,0.013287418387146043,0.019307274507382344,-0.024762417493065736,0
2026-01-23,332.2208964370305,333.5941021134136,327.54201262517483,328.0014038085937,19110600,0.0,0.0,GOOG,-0.0072844123993230925,327.60191650390624,323.42337188720705,0.013261140178244417,0.007491219780103142,0.019307274507382344,1
2026-01-26,327.7717128570099,335.9110710528279,327.062617459424,333.1546630859375,18502500,0.0,0.0,GOOG,0.01571108909140828,328.2510681152344,324.31820220947264,0.013838892256426068,-0.0072844123993230925,0.007491219780103142,1
2026-01-27,335.19198786494,337.77360575319784,333.3144364997522,334.56280517578125,16080900,0.0,0.0,GOOG,0.004226691821751727,330.8157165527344,325.3188949584961,0.013487360665765016,0.01571108909140828,-0.0072844123993230925,1
2026-01-28,336.17071194822404,337.18940036194795,331.69657781901543,335.8411560058594,17538500,0.0,0.0,GOOG,0.0038209592049733843,332.39365234375,326.41196594238284,0.013055108119508206,0.004226691821751727,0.01571108909140828,1
2026-01-29,339.9058450626567,341.84331577646435,326.29362750773345,338.2180480957031,24548300,0.0,0.0,GOOG,0.007077429455377038,333.955615234375,327.6158935546875,0.013240839758195502,0.0038209592049733843,0.004226691821751727,0
2026-01-30,334.0235302432416,339.8459393190057,332.2059284569407,338.0882263183594,21740200,0.0,0.0,GOOG,-0.0003838404782793292,335.9729797363281,328.85078125,0.012772774458257141,0.007077429455377038,0.0038209592049733843,1
2026-02-02,336.1107810155394,344.71455893391885,335.5715076740309,344.44989013671875,22775200,0.0,0.0,GOOG,0.018816578996657896,338.2320251464844,330.3278503417969,0.013270485574217799,-0.0003838404782793292,0.007077429455377038,0
2026-02-03,348.0602055415327,349.6930511556747,338.14813929481124,340.2554016113281,25786500,0.0,0.0,GOOG,-0.012177354806894414,339.37054443359375,331.49532623291014,0.010506209926855178,0.018816578996657896,-0.0003838404782793292,0
2026-02-04,343.3063846149433,343.800733734723,328.94014812343124,332.90496826171875,36991100,0.0,0.0,GOOG,-0.021602694078625473,338.78330688476564,332.4335998535156,0.012396746724532096,-0.012177354806894414,0.018816578996657896,0
2026-02-05,312.79126924034074,332.2098940118301,306.5194661993319,330.8975830078125,51842000,0.0,0.0,GOOG,-0.0060299047634762015,337.3192138671875,332.8780181884766,0.012416466993849243,-0.021602694078625473,-0.012177354806894414,0
2026-02-06,326.9228291868256,330.2085444197576,319.732212669293,322.6783752441406,33877000,0.0,0.0,GOOG,-0.024839129040957086,334.23724365234375,332.73271026611326,0.01463730176727811,-0.0060299047634762015,-0.021602694078625473,1
2026-02-09,320.82077417447744,327.3122917175226,317.28541579501643,323.9766540527344,26103300,0.0,0.0,GOOG,0.00402344535053345,330.14259643554686,332.4960189819336,0.013531828805497142,-0.024839129040957086,-0.0060299047634762015,0
2026-02-10,320.49122633441056,321.2102879764664,314.2493823852293,318.2142028808594,25281900,0.0,0.0,GOOG,-0.01778662474530346,325.73435668945314,331.7919403076172,0.014058858465049548,0.00402344535053345,-0.024839129040957086,0
2026-02-11,318.5437226409867,320.6260234898432,309.7252599216724,310.9236755371094,24008100,0.0,0.0,GOOG,-0.022910754069891737,321.3380981445313,330.5385772705078,0.014739604322686718,-0.01778662474530346,0.00402344535053345,0
2026-02-12,311.94236944068,316.06698440393103,307.74783851722964,308.9662475585937,28194000,0.0,0.0,GOOG,-0.006295525662799117,316.9518310546875,329.1933349609375,0.013841142775152419,-0.022910754069891737,-0.01778662474530346,0
2026-02-13,307.5830680236357,308.48691626632296,303.5034074415816,305.6206359863281,20236000,0.0,0.0,GOOG,-0.01082840471637958,313.540283203125,327.8381057739258,0.013515800845838347,-0.006295525662799117,-0.022910754069891737,0
2026-02-17,300.24765706433305,304.49211049817023,296.51251731768605,302.4248046875,23750800,0.0,0.0,GOOG,-0.010456857039493506,309.22991333007815,326.4639007568359,0.00900848996187383,-0.01082840471637958,-0.006295525662799117,1
2026-02-18,302.0373377837931,305.51079587835017,301.58593178171805,303.5433654785156,15847700,0.0,0.0,GOOG,0.003698641029698191,306.2957458496094,325.55409088134763,0.010434230649922015,-0.010456857039493506,-0.01082840471637958,0
2026-02-19,302.1251671400422,305.63059595669705,300.27760597580755,303.163818359375,13448600,0.0,0.0,GOOG,-0.0012503884528732856,304.7437744140625,324.31470794677733,0.010183861231025935,0.003698641029698191,-0.010456857039493506,1
2026-02-20,304.4022187611668,316.3466327070812,304.0227402687717,314.4890441894531,33663100,0.0,0.0,GOOG,0.037356785817537874,305.84833374023435,323.5187484741211,0.017976852821411433,-0.0012503884528732856,0.003698641029698191,0
2026-02-23,318.7235232646917,319.0380841366731,309.5854400242665,311.2832336425781,17641200,0.0,0.0,GOOG,-0.010193711374389736,306.98085327148436,322.68283996582034,0.016727744009085038,0.037356785817537874,-0.0012503884528732856,0
2026-02-24,310.23461833809165,311.962341120562,305.690537963896,310.5142517089844,15040700,0.0,0.0,GOOG,-0.0024703609140629412,308.59874267578124,321.55081939697266,0.016529639700512255,-0.010193711374389736,0.037356785817537874,1
2026-02-25,311.71267438325657,313.25067319659894,308.9562664669876,312.6214904785156,20209100,0.0,0.0,GOOG,0.006786286806269359,310.41436767578125,320.45375366210936,0.01609188865470237,-0.0024703609140629412,-0.010193711374389736,0
2026-02-26,312.39679526824995,312.59154811608227,302.01537127964497,306.7491760253906,22380000,0.0,0.0,GOOG,-0.018784103562862864,311.1314392089844,318.99915466308596,0.015529355357648343,0.006786286806269359,-0.0024703609140629412,1
2026-02-27,303.54334418120766,311.6727051893538,303.1948006205073,311.0235595703125,33389200,0.0,0.0,GOOG,0.013934458114300163,310.43834228515624,317.6394302368164,0.01610514341202436,-0.018784103562862864,0.006786286806269359,0
2026-03-02,302.5696161295488,307.7378808552178,300.6671034421218,305.9601745605469,21854400,0.0,0.0,GOOG,-0.016279747478811002,309.37373046875,316.0330276489258,0.016625551499132925,0.013934458114300163,-0.018784103562862864,0
2026-03-03,298.03054247338764,303.54332729400136,296.31178027781107,303.163818359375,20361100,0.0,0.0,GOOG,-0.009139608464364013,307.9036437988281,313.9687240600586,0.016536414352206243,-0.016279747478811002,0.013934458114300163,0
2026-03-04,302.28999979339955,305.06137237929244,300.40744992717754,303.05401611328125,20015600,0.0,0.0,GOOG,-0.00036218783193842086,305.9901489257812,312.10865478515626,0.016495286548239667,-0.009139608464364013,-0.016279747478811002,0
2026-03-05,302.80432345436964,302.9740845296876,297.68101344342887,300.5173034667969,22643900,0.0,0.0,GOOG,-0.008370496715463971,304.7437744140625,310.48927154541013,0.016705651657579725,-0.00036218783193842086,-0.009139608464364013,0
2026-03-06,295.6856162816382,299.9380551922433,294.864698015099,297.91070556640625,17598000,0.0,0.0,GOOG,-0.00867370321216332,302.12120361328124,308.83992767333984,0.010056936164059586,-0.008370496715463971,-0.00036218783193842086,1
2026-03-09,293.95810054029374,306.3156537788302,293.7532067591801,305.8259582519531,19632700,0.21,0.0,GOOG,0.026569211974097673,302.0943603515625,307.99730682373047,0.014027322370300636,-0.00867370321216332,-0.008370496715463971,1
2026-03-10,305.6910336876566,308.9640578626859,305.1263710628932,306.7453918457031,14386400,0.0,0.0,GOOG,0.0030063948757173,302.8106750488281,307.13574371337893,0.014099721899603188,0.026569211974097673,-0.00867370321216332,1
2026-03-11,306.11574664278464,310.8818905063814,305.6560318751311,308.2344970703125,13376700,0.0,0.0,GOOG,0.0048545316871733135,303.8467712402344,306.6367584228516,0.013992013832296559,0.0030063948757173,0.026569211974097673,0
2026-03-12,306.02581398501115,308.4543755816348,300.6590487824004,303.0276184082031,15610200,0.0,0.0,GOOG,-0.016892588959377952,304.3488342285156,306.24195556640626,0.013740281450626939,0.0048545316871733135,0.0030063948757173,0
2026-03-13,306.4705694514694,307.075216570357,299.59970423366394,301.2786865234375,16857500,0.0,0.0,GOOG,-0.005771526351138312,305.0224304199219,305.8575775146484,0.012713595134075308,-0.016892588959377952,0.0048545316871733135,1
2026-03-16,303.41739386063404,305.3862101461126,301.62846198721604,304.2369079589844,14822000,0.0,0.0,GOOG,0.00981888718940871,304.7046203613281,305.78839111328125,0.012383273957372428,-0.005771526351138312,-0.016892588959377952,1
2026-03-17,304.4867681271186,309.86350667991195,304.1669532729026,309.2239074707031,14423600,0.0,0.0,GOOG,0.016391829463344054,305.2003234863281,306.1283462524414,0.013018858944752803,0.00981888718940871,-0.005771526351138312,0
2026-03-18,307.7197987713232,310.56308876859424,305.36123291378533,306.1157531738281,13848400,0.0,0.0,GOOG,-0.010051468278433395,304.7765747070313,306.25696563720703,0.013567900005749279,0.016391829463344054,0.00981888718940871,0
2026-03-19,303.0276083402022,306.495522328792,300.8189462117848,305.5461120605469,15399700,0.0,0.0,GOOG,-0.0018608683394277792,305.2802734375,306.37608032226564,0.013215247666837649,-0.010051468278433395,0.016391829463344054,0
2026-03-20,303.8871134611093,304.1869208156099,296.5715090190732,298.6102905273437,34763500,0.0,0.0,GOOG,-0.022699753848704818,304.74659423828126,305.58214263916017,0.015058929406003355,-0.0018608683394277792,-0.010051468278433395,1
2026-03-23,300.3492505237287,303.18753879791194,297.8507541028747,298.84014892578125,22204100,0.0,0.0,GOOG,0.0007697604728611473,303.6672424316406,304.9599884033203,0.011955527554917952,-0.022699753848704818,-0.0018608683394277792,0
2026-03-24,296.03182484480067,296.9213041605432,288.6812683049409,289.02606201171875,27411200,0.0,0.0,GOOG,-0.03284059036023268,299.62767333984374,303.88557891845704,0.015153045451909462,0.0007697604728611473,-0.022699753848704818,1
2026-03-25,291.97425966938914,294.48275961254154,287.1971361576211,289.4158020019531,22343000,0.0,0.0,GOOG,0.0013484596770327872,296.2876831054688,302.7252944946289,0.014917132808603344,-0.03284059036023268,0.0007697604728611473,0
2026-03-26,286.01787071952646,286.34268744484854,278.8821505013807,280.5711364746094,29281200,0.0,0.0,GOOG,-0.030560409853792492,291.2926879882813,301.41639251708983,0.016545172971727997,0.0013484596770327872,-0.03284059036023268,0
2026-03-27,277.2331315119547,278.92211737858287,273.3155065603785,273.5953369140625,25703300,0.0,0.0,GOOG,-0.02486285527512966,286.289697265625,299.5449813842773,0.017397247764114738,-0.030560409853792492,0.0013484596770327872,0
2026-03-30,275.2743430238678,276.0938571665062,271.37169284977546,272.9757385253906,22752300,0.0,0.0,GOOG,-0.0022646525911605986,281.1168151855469,297.89575958251953,0.016294520111594466,-0.02486285527512966,-0.030560409853792492,1
2026-03-31,277.37306812768094,286.8773271197116,276.59353851793674,286.6874389648437,31625100,0.0,0.0,GOOG,0.05023047291134142,280.64909057617183,297.07194061279296,0.024154944405078618,-0.0022646525911605986,-0.02486285527512966,1
2026-04-01,289.8056019553753,297.80576171350253,289.2958989360971,294.7226257324219,24403600,0.0,0.0,GOOG,0.028027690353617185,281.7104553222656,296.65537109375,0.02655192007271118,0.05023047291134142,-0.0022646525911605986,0
2026-04-02,288.8161565344196,295.7220036805807,287.3970277745505,294.2828674316406,13433400,0.0,0.0,GOOG,-0.0014921090625071853,284.4528015136719,296.34364929199216,0.02655466107976781,0.028027690353617185,0.05023047291134142,1
2026-04-06,294.52274605218776,298.2454810135183,293.6132897699338,297.48095703125,10121700,0.0,0.0,GOOG,0.010867399884746165,289.22992553710935,296.32216186523436,0.025963783284927,-0.0014921090625071853,0.028027690353617185,1
2026-04-07,299.9594938576911,303.9171035550764,295.2473028799287,303.7471923828125,17317700,0.0,0.0,GOOG,0.021064324298594395,295.38421630859375,296.21822357177734,0.0268165408695737,0.010867399884746165,-0.0014921090625071853,1
2026-04-08,317.63882755519,319.1979173516329,312.5169099892079,314.5506896972656,20887500,0.0,0.0,GOOG,0.035567398104004555,300.9568664550781,296.60848846435545,0.02565514501679526,0.021064324298594395,0.010867399884746165,1
2026-04-09,313.00163791186503,317.23907805281584,309.2838740431667,316.1797180175781,14606800,0.0,0.0,GOOG,0.005178905574425352,305.2482849121094,297.00574951171876,0.02556007028956204,0.035567398104004555,0.021064324298594395,0
2026-04-10,318.03358841229215,319.3078153785124,314.3508074416827,315.53009033203125,11997600,0.0,0.0,GOOG,-0.0020546152979703525,309.4977294921875,297.63087310791013,0.02197413385001738,0.005178905574425352,0.035567398104004555,1
2026-04-13,315.23030679320124,319.2378742739686,313.50133630699344,319.0180053710937,12212800,0.0,0.0,GOOG,0.01105414394992299,313.8051391601563,298.517839050293,0.01781666738978485,-0.0020546152979703525,0.005178905574425352,1
2026-04-14,321.87130162031684,330.4411565240312,320.95684339258287,330.38116455078125,18557500,0.0,0.0,GOOG,0.03561917819174343,319.13193359375,299.82505187988284,0.017618330188976166,0.01105414394992299,-0.0020546152979703525,1
2026-04-15,330.3611774124935,334.79850934948115,328.462326295132,334.2688293457031,15104100,0.0,0.0,GOOG,0.011767210761569613,323.0755615234375,301.0772979736328,0.013959991241545741,0.03561917819174343,0.01105414394992299,0
2026-04-16,335.64798864456304,337.1770671128283,331.4505027908985,332.56982421875,13949600,0.0,0.0,GOOG,-0.005082750701819072,326.35358276367185,302.4000015258789,0.014586823538241714,0.011767210761569613,0.03561917819174343,1
2026-04-17,334.22884980226,339.7805014284534,333.0895513147008,339.19586181640625,19683800,0.0,0.0,GOOG,0.019923748684119724,331.08673706054685,304.0824890136719,0.01390124893393343,-0.005082750701819072,0.011767210761569613,0
2026-04-20,338.3563758313641,338.9560210703948,334.4287467895101,335.1982727050781,12897300,0.0,0.0,GOOG,-0.011785489038459662,334.3227905273437,305.9118881225586,0.016195531177746525,0.019923748684119724,-0.005082750701819072,0
2026-04-21,335.3831540609058,336.9672227230362,329.43174911178386,330.271240234375,14623800,0.0,0.0,GOOG,-0.014698859964108912,334.3008056640625,307.48344268798826,0.017864860530728513,-0.011785489038459662,0.019923748684119724,1
2026-04-22,334.6835958687374,337.8266933540505,332.7597353449777,337.5268859863281,12954200,0.0,0.0,GOOG,0.02196874831367146,334.9524169921875,309.9084838867187,0.0159999291128528,-0.014698859964108912,-0.011785489038459662,1
2026-04-23,339.3707589505945,339.9553985352305,334.8584600686641,337.5468444824219,13442100,0.0,0.0,GOOG,5.9131574172033297e-05,335.94782104492185,312.3150360107422,0.016152581994804144,0.02196874831367146,-0.014698859964108912,1
2026-04-24,337.516865979281,343.4832763032801,333.84906002833503,342.1141052246094,18260900,0.0,0.0,GOOG,0.013530746374449842,336.5314697265625,315.3921844482422,0.015967307356697512,5.9131574172033297e-05,0.02196874831367146,1
2026-04-27,343.6731704622599,350.688937144481,340.6050096635064,348.31036376953125,17443000,0.0,0.0,GOOG,0.0181116722470529,339.1538879394531,319.1279357910156,0.016259035611957604,0.013530746374449842,5.9131574172033297e-05,0
2026-04-28,346.7113473864688,349.6895354514848,344.0729206585439,347.2909851074219,18502300,0.0,0.0,GOOG,-0.0029266389063975495,342.5578369140625,322.8436981201172,0.013580089725049998,0.0181116722470529,0.013530746374449842,0
2026-04-29,345.2722188264749,353.1874381893852,342.22403497775565,347.1011047363281,22232200,0.0,0.0,GOOG,-0.0005467471925164613,344.4726806640625,325.86438140869143,0.013464826436502597,-0.0029266389063975495,0.0181116722470529,1
2026-04-30,371.0316955643996,382.3998535192728,362.8715982596469,381.7102661132813,44570500,0.0,0.0,GOOG,0.09970916515302841,353.30536499023435,330.21376342773436,0.032730621653514834,-0.0005467471925164613,-0.0029266389063975495,1
2026-05-01,377.7526634694606,383.159413121138,375.0342982758103,382.989501953125,28047900,0.0,0.0,GOOG,0.003351326787380815,361.4804443359375,334.6490951538086,0.032835566425691604,0.09970916515302841,-0.0005467471925164613,0
2026-05-04,382.0900629369803,383.94892960999147,376.5433826561863,379.4116821289063,18275000,0.0,0.0,GOOG,-0.009341822180433001,367.7007080078125,338.7456314086914,0.03264180400566607,0.003351326787380815,0.09970916515302841,1
2026-05-05,381.6402985876544,388.7260302606746,380.1212238542502,384.0388488769531,15432500,0.0,0.0,GOOG,0.012195635943741845,375.05028076171874,342.7602142333984,0.031188830369206572,-0.009341822180433001,0.003351326787380815,1
2026-05-06,389.3556636937157,396.141588148514,386.86717115178936,394.90234375,23097300,0.0,0.0,GOOG,0.028287489416279232,384.61052856445315,346.77779693603514,0.03139526944230002,0.012195635943741845,-0.009341822180433001,1
2026-05-07,396.8211765082595,397.11601249324696,390.0752364541107,395.0622253417969,15153600,0.0,0.0,GOOG,0.00040486361837865914,387.2809204101562,350.72192230224607,0.03137565139963942,0.028287489416279232,0.012195635943741845,1
2026-05-08,394.032860955436,398.13040116879216,393.4332462162524,396.8111877441406,13762500,0.0,0.0,GOOG,0.004427055512155276,390.0452575683594,354.7859771728516,0.03159550851645228,0.00040486361837865914,0.028287489416279232,0
2026-05-11,390.4550091226855,394.09280386567815,385.99770027578,386.537353515625,16314900,0.0,0.0,GOOG,-0.02589098933153089,391.47039184570315,358.1619445800781,0.034133020938721906,0.004427055512155276,0.00040486361837865914,0
2026-05-12,384.7684247628253,386.2075610512266,379.49160187176113,383.5891418457031,17103900,0.0,0.0,GOOG,-0.007627236134120974,391.3804504394531,360.82234344482424,0.034377108497696096,-0.02589098933153089,0.004427055512155276,1
2026-05-13,381.67528465785847,399.6894366024174,381.3504679441929,398.7999877929688,18160100,0.0,0.0,GOOG,0.039654005517664404,392.1599792480469,364.0489013671875,0.03528083676036949,-0.007627236134120974,-0.02589098933153089,0
2026-05-14,393.55314996386056,398.8639490394177,392.4917770286838,396.9311218261719,13805400,0.0,0.0,GOOG,-0.0046862237311980914,392.53375854492185,367.26696624755857,0.018926305914991916,0.039654005517664404,-0.007627236134120974,0
2026-05-15,392.9784872337792,395.6418928419125,389.5255787505654,393.08343505859375,15801900,0.0,0.0,GOOG,-0.009693588020702304,391.7882080078125,369.96134490966796,0.01942490304236218,-0.0046862237311980914,0.039654005517664404,0
2026-05-18,391.8891422596936,404.2267181336527,390.66487298033206,392.87353515625,18592800,0.0,0.0,GOOG,-0.0005339830774412357,393.0554443359375,372.84510803222656,0.019009800300798248,-0.009693588020702304,-0.0046862237311980914,0
2026-05-19,393.063429089017,393.1264099838384,382.7696364443794,384.6684875488281,25559400,0.0,0.0,GOOG,-0.020884704295896728,393.2713134765625,375.5649703979492,0.02019925875580492,-0.0005339830774412357,-0.009693588020702304,0
2026-05-20,384.8084179824556,390.46501731409904,379.7714408586532,384.6684875488281,16488100,0.0,0.0,GOOG,0.0,390.44501342773435,377.9220504760742,0.017674358195834083,-0.020884704295896728,-0.0005339830774412357,0
2026-05-21,381.7802360746463,388.4462070831433,379.251759054316,383.2393493652344,16837600,0.0,0.0,GOOG,-0.0037152463221005183,387.7066589355469,380.20667572021483,0.017647558608831455,0.0,-0.020884704295896728,0
2026-05-22,383.0294961863553,384.6385132044718,378.0325034604433,379.1518249511719,13382800,0.0,0.0,GOOG,-0.010665722141613987,384.9203369140625,382.05856170654295,0.01759708501455368,-0.0037152463221005183,0.0,1
2026-05-26,380.7658320011144,385.1582079901029,378.911967276954,384.6085205078125,16150900,0.0,0.0,GOOG,0.014391848324462941,383.267333984375,383.873469543457,0.01672080813011218,-0.010665722141613987,-0.0037152463221005183,0
2026-05-27,382.5347809021544,389.4905859116445,381.7702264112071,384.5985107421875,16893100,0.0,0.0,GOOG,-2.6025855100142437e-05,383.2533386230469,385.7388458251953,0.016526189079423523,0.014391848324462941,-0.010665722141613987,1
2026-05-28,383.6291059052824,389.7654275322113,381.0206903760399,385.88775634765625,20795400,0.0,0.0,GOOG,0.0033521856415428264,383.4971923828125,387.67817840576174,0.009386346621167609,-2.6025855100142437e-05,0.014391848324462941,0
2026-05-29,380.9957121529665,381.4204443301482,374.07485900677307,376.2035827636719,48018600,0.0,0.0,GOOG,-0.025095830133723296,382.0900390625,387.40284423828126,0.011674336515460348,0.0033521856415428264,-2.6025855100142437e-05,0
2026-06-01,372.3509246227226,374.37470057389226,369.4876270555196,372.35589599609375,19091900,0.0,0.0,GOOG,-0.010227671781624759,380.73085327148436,386.8711639404297,0.01169793324079645,-0.025095830133723296,0.0033521856415428264,0
2026-06-02,362.94155828091095,369.5675751310949,354.78646296524,358.1744384765625,34648600,0.0,0.0,GOOG,-0.03808576061779356,375.44403686523435,385.8093017578125,0.01541899817847636,-0.010227671781624759,-0.025095830133723296,0
2026-06-03,358.1194663498822,362.2819697978245,354.16685855422884,355.466064453125,43031000,0.0,0.0,GOOG,-0.0075616061128123135,369.6175476074219,384.3806625366211,0.014852353635645545,-0.03808576061779356,-0.010227671781624759,1
2026-06-04,355.226213908984,369.63752354949486,354.58658421381983,369.0478820800781,37746200,0.0,0.0,GOOG,0.03820847891021151,366.24957275390625,383.087939453125,0.02079659388467515,-0.0075616061128123135,-0.03808576061779356,0
2026-06-05,363.1614352127588,368.9779418570736,361.41248782137086,365.5400085449219,23411500,0.0,0.0,GOOG,-0.009505198933495329,364.1168579101562,381.61182861328126,0.02087003186257515,0.03820847891021151,-0.0075616061128123135,0
2026-06-08,362.4849853515625,363.3800048828125,357.8900146484375,361.1700134277344,18739000,0.22,0.0,GOOG,-0.01195490237739727,361.8796813964844,379.82976989746095,0.020916133587012904,-0.009505198933495329,0.03820847891021151,1
2026-06-09,364.885009765625,369.6919860839844,354.7200012207031,362.2900085449219,19873600,0.0,0.0,GOOG,0.0031010191199374315,362.7027954101562,378.6174026489258,0.020061266444538227,-0.01195490237739727,-0.009505198933495329,0
2026-06-10,361.0499877929688,366.30999755859375,352.8099975585937,353.32000732421875,19878600,0.0,0.0,GOOG,-0.024759173615440444,362.273583984375,377.10394592285155,0.02078471886369546,0.0031010191199374315,-0.01195490237739727,1
2026-06-11,353.04998779296875,358.010009765625,343.6300048828125,356.5599975585937,28771800,0.0,0.0,GOOG,0.009170129534730398,359.7760070800781,374.9919464111328,0.021222470570491057,-0.024759173615440444,0.0031010191199374315,1
2026-06-12,361.1000061035156,364.7730102539063,353.3399963378906,358.1600036621094,17637100,0.0,0.0,GOOG,0.00448734046014998,358.3000061035156,373.0533905029297,0.020575677405839193,0.009170129534730398,-0.024759173615440444,1
2026-06-15,365.989990234375,370.6499938964844,364.6499938964844,367.1099853515625,17268600,0.0,0.0,GOOG,0.02498878042757835,359.4880004882813,371.7547180175781,0.022454824065833195,0.00448734046014998,0.009170129534730398,1
2026-06-16,367.4649963378906,373.6000061035156,365.3200073242188,371.1000061035156,16492800,0.0,0.0,GOOG,0.010868733924881191,361.25,370.6660415649414,0.01850687688227982,0.02498878042757835,0.00448734046014998,0
2026-06-17,367.0499877929688,370.1499938964844,360.2300109863281,362.1000061035156,16003500,0.0,0.0,GOOG,-0.024252222721574235,363.00599975585936,369.5376174926758,0.02030142657446473,0.010868733924881191,0.02498878042757835,1
2026-06-18,363.8900146484375,369.0,356.6080017089844,367.4599914550781,29339100,0.0,0.0,GOOG,0.01480250003097261,365.1859985351563,368.6771926879883,0.01669680527184362,-0.024252222721574235,0.010868733924881191,0
2026-06-22,357.135009765625,358.20001220703125,340.94000244140625,348.7799987792969,32211200,0.0,0.0,GOOG,-0.050835446334747125,363.30999755859375,366.95422515869143,0.02311057578524883,0.01480250003097261,-0.024252222721574235,0
2026-06-23,340.1050109863281,348.7200012207031,339.7149963378906,346.0799865722656,21820900,0.0,0.0,GOOG,-0.007741304594532594,359.1039978027344,365.3006332397461,0.022996433803515598,-0.050835446334747125,0.01480250003097261,0
2026-06-24,348.7200012207031,352.8299865722656,341.5,345.0400085449219,23898400,0.0,0.0,GOOG,-0.0030050221558437507,353.8919982910156,363.32220764160155,0.02286713719901649,-0.007741304594532594,-0.050835446334747125,0
2026-06-25,336.9200134277344,343.19000244140625,335.8999938964844,342.19000244140625,27687600,0.0,0.0,GOOG,-0.008259929379014541,349.9099975585938,361.2017822265625,0.021824664152300652,-0.0030050221558437507,-0.007741304594532594,0
2026-06-26,340.9800109863281,344.1199951171875,333.69000244140625,334.69000244140625,82484600,0.0,0.0,GOOG,-0.021917647933867523,343.3559997558594,358.64189453125,0.022114233826496143,-0.008259929379014541,-0.0030050221558437507,1
2026-06-29,339.95001220703125,351.9700012207031,338.8099975585937,351.2799987792969,25565700,0.0,0.0,GOOG,0.049568245889851426,343.8559997558594,357.3957153320313,0.028252360424460138,-0.021917647933867523,-0.008259929379014541,1
2026-06-30,350.9599914550781,355.3900146484375,348.1099853515625,353.3299865722656,21278400,0.0,0.0,GOOG,0.005835765771158297,345.3059997558594,356.44441986083984,0.026866411163721418,0.049568245889851426,-0.021917647933867523,1
2026-07-01,354.614990234375,359.5599975585937,353.2300109863281,357.8900146484375,19546800,0.0,0.0,GOOG,0.012905862082099873,347.8760009765625,356.4301986694336,0.02699482934953729,0.005835765771158297,0.049568245889851426,0
2026-07-02,356.1499938964844,360.989990234375,350.32000732421875,356.17999267578125,15532900,0.0,0.0,GOOG,-0.004778065614197247,350.6739990234375,356.4658950805664,0.02599863129820585,0.012905862082099873,0.005835765771158297,1
2026-07-06,358.19500732421875,365.6799926757813,354.19000244140625,364.8999938964844,22652700,0.0,0.0,GOOG,0.024482007412024,356.71599731445315,356.25850067138674,0.026833301070268125,-0.004778065614197247,0.012905862082099873,0
2026-07-07,367.2349853515625,370.8900146484375,362.4200134277344,363.6199951171875,16443900,0.0,0.0,GOOG,-0.0035078070723673083,359.1839965820312,356.1625,0.020329943553645972,0.024482007412024,-0.004778065614197247,0
2026-07-08,362.2099914550781,364.9800109863281,354.70001220703125,358.7099914550781,14710400,0.0,0.0,GOOG,-0.0135031178924222,360.25999755859374,356.0394989013672,0.0207874651881468,-0.0035078070723673083,0.024482007412024,0
2026-07-09,351.0849914550781,356.7300109863281,348.6600036621094,356.239990234375,17217400,0.0,0.0,GOOG,-0.006885788741717969,359.92999267578125,355.7369979858398,0.02096372692280203,-0.0135031178924222,-0.0035078070723673083,0
2026-07-10,354.9540100097656,355.67999267578125,350.70001220703125,355.0299987792969,11618500,0.0,0.0,GOOG,-0.003396562677542292,359.6999938964844,355.82249755859374,0.020718305161455713,-0.006885788741717969,-0.0135031178924222,0
2026-07-13,353.989990234375,355.75,349.82000732421875,350.6700134277344,10583500,0.0,0.0,GOOG,-0.012280611121745943,356.8539978027344,355.52799835205076,0.019577729443202064,-0.003396562677542292,-0.006885788741717969,1
2026-07-14,348.8399963378906,357.8800048828125,348.8399963378906,357.3299865722656,11252600,0.0,0.0,GOOG,0.01899213759235141,355.59599609375,355.4864974975586,0.013148758954255773,-0.012280611121745943,-0.003396562677542292,1
2026-07-15,356.010009765625,372.1400146484375,355.6700134277344,370.2099914550781,20258200,0.0,0.0,GOOG,0.036045127380339936,357.89599609375,355.64149780273436,0.017068529628610038,0.01899213759235141,-0.012280611121745943,0
2026-07-16,372.1700134277344,374.3500061035156,351.6700134277344,353.8099975585937,23603700,0.0,0.0,GOOG,-0.04429916608146012,357.4099975585937,354.7769973754883,0.022707392791353365,0.036045127380339936,0.01899213759235141,0
2026-07-17,345.7699890136719,348.1700134277344,341.125,346.1199951171875,22023900,0.0,0.0,GOOG,-0.021734836478533026,355.62799682617185,353.9779968261719,0.023641963298667263,-0.04429916608146012,0.036045127380339936,1
2026-07-20,350.1700134277344,359.489990234375,350.0050048828125,351.3699951171875,13203300,0.0,0.0,GOOG,0.015168149988626034,355.7679931640625,353.17349700927736,0.02261738273883233,-0.021734836478533026,-0.04429916608146012,0
2026-07-21,350.5599975585937,350.67999267578125,346.010009765625,346.19000244140625,17319289,0.0,0.0,GOOG,-0.01474227380756754,353.5399963378906,353.0439971923828,0.02289293203417062,0.015168149988626034,-0.021734836478533026,0
