Date,Open,High,Low,Close,Volume,Dividends,Stock Splits,Symbol
2024-07-22,225.06041535891617,225.82380677595344,221.174082433242,222.03662109375,48201800,0.0,0.0,AAPL
2024-07-23,222.44308791792702,224.9910238167192,220.76759935066607,223.0775909423828,39960300,0.0,0.0,AAPL
2024-07-24,222.0762625279836,222.86939506256107,215.2652677100796,216.66314697265625,61777600,0.0,0.0,AAPL
2024-07-25,217.04981289629316,218.95333716975932,212.77682977395946,215.6221923828125,51391200,0.0,0.0,AAPL
2024-07-26,216.82175454663218,217.60497832901444,214.1548544221733,216.08811950683594,41601300,0.0,0.0,AAPL
2024-07-29,215.09674706599597,217.41664743865044,213.8971319294418,216.36575317382812,36311800,0.0,0.0,AAPL
2024-07-30,217.3075789949067,218.43778796730905,214.2639371695869,216.92092895507812,41643800,0.0,0.0,AAPL
2024-07-31,219.53825698895486,221.89782218872546,218.7352157578384,220.17276000976562,50036300,0.0,0.0,AAPL
2024-08-01,222.44309097566543,222.55214689360594,215.15622233135366,216.48471069335938,62501000,0.0,0.0,AAPL
2024-08-02,217.2679231335739,223.66254232334134,215.84030263063204,217.97183227539062,105568600,0.0,0.0,AAPL
2024-08-05,197.3802115476467,211.6664621054212,194.3167520967801,207.47279357910156,119548600,0.0,0.0,AAPL
2024-08-06,203.53685401433648,208.18657796978488,199.3431861620261,205.4502716064453,69660500,0.0,0.0,AAPL
2024-08-07,205.12313014700663,211.80525225793107,204.61751548926864,208.01806640625,63516400,0.0,0.0,AAPL
2024-08-08,211.27980900719393,212.36044444161047,207.0365669160157,211.47808837890625,47161100,0.0,0.0,AAPL
2024-08-09,210.2784745623819,214.91827509282652,210.1495861717322,214.38291931152344,42201600,0.0,0.0,AAPL
2024-08-12,214.46232494953352,217.8767166928247,213.99582080224636,215.9114532470703,38028100,0.25,0.0,AAPL
2024-08-13,217.380462936734,220.2390393048837,217.380462936734,219.6236572265625,44155300,0.0,0.0,AAPL
2024-08-14,218.9288446755302,221.37053243582614,218.06530765715263,220.07028198242188,41960600,0.0,0.0,AAPL
2024-08-15,222.9288560878089,223.67327566716008,221.1025352094067,223.04795837402344,46414000,0.0,0.0,AAPL
2024-08-16,222.25390086504495,225.1422523777464,221.98590558416166,224.36805725097656,44340200,0.0,0.0,AAPL
2024-08-19,224.0405257400108,224.30852103873067,221.38045847347976,224.20925903320312,40687800,0.0,0.0,AAPL
2024-08-20,224.09017687092657,225.4797542015927,223.7725505409132,224.8246612548828,30299000,0.0,0.0,AAPL
2024-08-21,224.83457153469638,226.2836998547364,223.37550792716294,224.7154541015625,34765500,0.0,0.0,AAPL
2024-08-22,226.09511339685906,226.64102413052154,222.2340576918725,222.859375,43695300,0.0,0.0,AAPL
2024-08-23,223.98097823318813,226.52192810531062,222.66087229355688,225.15219116210938,38677300,0.0,0.0,AAPL
2024-08-26,225.07279660900764,225.58893181224732,222.22415556593285,225.4896697998047,30602200,0.0,0.0,AAPL
2024-08-27,224.31843379232603,227.14723425887112,223.21669220638537,226.3333282470703,35934600,0.0,0.0,AAPL
2024-08-28,226.22414704916858,228.14971479709,224.0008084384826,224.80479431152344,38052200,0.0,0.0,AAPL
2024-08-29,228.3879521456165,231.18696212304621,227.1770283167567,228.0802459716797,51906300,0.0,0.0,AAPL
2024-08-30,228.4772755570311,228.68570457235603,225.78743262658827,227.29612731933594,52990800,0.0,0.0,AAPL
2024-09-03,226.84944927892798,227.29609797078044,219.52435620963286,221.11245727539062,50190600,0.0,0.0,AAPL
2024-09-04,220.01075793789536,220.12986023982222,215.86185105944423,219.206787109375,43840200,0.0,0.0,AAPL
2024-09-05,219.9809679444758,223.80231295165626,219.87178579311316,220.7253875732422,36615400,0.0,0.0,AAPL
2024-09-06,222.28368749781316,223.56409767944487,218.13479623481732,219.17698669433594,48423000,0.0,0.0,AAPL
2024-09-09,219.17700018247805,219.6236489368284,215.09757995493325,219.26632690429688,67180000,0.0,0.0,AAPL
2024-09-10,217.29112653781655,219.83207646515766,215.1174187834135,218.47227478027344,51591000,0.0,0.0,AAPL
2024-09-11,219.81222755985956,221.43008920211523,216.26878297144034,221.0032958984375,44587100,0.0,0.0,AAPL
2024-09-12,220.8444620021775,221.88665238000266,218.18441013407553,221.11245727539062,37455600,0.0,0.0,AAPL
2024-09-13,221.91647913429802,222.37304807296337,220.25890640517216,220.84451293945312,36766600,0.0,0.0,AAPL
2024-09-16,214.92882889414335,215.60377723416104,212.32832783334672,214.71047973632812,59357400,0.0,0.0,AAPL
2024-09-17,214.14471619981742,215.28615358843467,212.904016801209,215.17697143554688,45519300,0.0,0.0,AAPL
2024-09-18,215.931307109631,221.05291740528648,215.92137182236397,219.04794311523438,59894900,0.0,0.0,AAPL
2024-09-19,223.31597824995185,228.11004268622213,222.95865620671253,227.16709899902344,66781300,0.0,0.0,AAPL
2024-09-20,228.2589097535001,231.3556905514529,225.92638886705737,226.5020751953125,318679900,0.0,0.0,AAPL
2024-09-23,225.64846451262724,227.742765583781,224.12984974700805,224.78494262695312,54146000,0.0,0.0,AAPL
2024-09-24,226.94871280288095,227.64351653597865,224.05044101841318,225.67823791503906,43556100,0.0,0.0,AAPL
2024-09-25,223.2564112941643,225.59885242729763,222.3531936181764,224.68569946289062,42308700,0.0,0.0,AAPL
2024-09-26,225.60876888531146,226.7998372114188,223.73283210674714,225.82713317871094,36636700,0.0,0.0,AAPL
2024-09-27,226.76013618443497,227.81224676693589,225.60876359989413,226.09510803222656,34026000,0.0,0.0,AAPL
2024-09-30,228.3283747151782,231.266357421875,227.9412771261621,231.266357421875,54541900,0.0,0.0,AAPL
2024-10-01,227.81227091446172,227.94129335648356,222.0752779583648,224.5269012451172,63285000,0.0,0.0,AAPL
2024-10-02,224.20928918092056,225.67827315966653,221.3606479532611,225.09266662597656,32880600,0.0,0.0,AAPL
2024-10-03,223.4648504260935,225.12242301224842,221.65839996957536,223.99090576171875,34044200,0.0,0.0,AAPL
2024-10-04,226.20427877531475,226.3035407723517,222.46234078203926,225.1124725341797,37245100,0.0,0.0,AAPL
2024-10-07,222.8296017820206,224.01074997862722,219.68319006872073,220.04051208496094,39505400,0.0,0.0,AAPL
2024-10-08,222.63108533790577,224.29857792676054,221.58889489724396,224.09014892578125,31855700,0.0,0.0,AAPL
2024-10-09,223.554178398676,228.04055170887608,223.1571606453159,227.8321075439453,33591100,0.0,0.0,AAPL
2024-10-10,226.0851807689644,227.7923841625437,225.47971892420364,227.33580017089844,28183500,0.0,0.0,AAPL
2024-10-11,227.5938974682738,227.70307961960657,225.6484741750507,225.85691833496094,31759200,0.0,0.0,AAPL
2024-10-14,226.99836439928595,230.00581860221664,226.89911753216435,229.5790252685547,39882100,0.0,0.0,AAPL
2024-10-15,231.87181141001133,235.72294688412148,230.64103225198252,232.1100311279297,64751400,0.0,0.0,AAPL
2024-10-16,229.87678174389526,230.3929017691756,228.12986736523644,230.05543518066406,34082200,0.0,0.0,AAPL
2024-10-17,231.69315867439417,232.11004699556463,228.8048220166126,230.4226837158203,32993800,0.0,0.0,AAPL
2024-10-18,234.4227083661851,234.4227083661851,232.2688559498539,233.25149536132812,46431500,0.0,0.0,AAPL
2024-10-21,232.7055796017645,235.08773156933626,232.7055796017645,234.72047424316406,36254500,0.0,0.0,AAPL
2024-10-22,232.14972869721714,234.46239402859047,230.8693336731526,234.10507202148438,38846600,0.0,0.0,AAPL
2024-10-23,232.33833466706656,233.39044533687328,226.0653512199268,229.04302978515625,52287000,0.0,0.0,AAPL
2024-10-24,228.26884002769643,229.10260155629064,226.710529416834,228.85446166992188,31109500,0.0,0.0,AAPL
2024-10-25,228.03061417648678,231.48471683213373,227.86188088691335,229.6881866455078,38802300,0.0,0.0,AAPL
2024-10-28,231.5839844241638,232.98348177622344,230.81970938626554,231.6633758544922,36087100,0.0,0.0,AAPL
2024-10-29,231.36563017470797,232.5864741436605,230.59143496071306,231.93138122558594,35417200,0.0,0.0,AAPL
2024-10-30,230.87925826342104,231.7328600109945,227.8420287171323,228.387939453125,47070900,0.0,0.0,AAPL
2024-10-31,227.63358238786932,228.11994197442104,223.693120129287,224.22911071777344,64370100,0.0,0.0,AAPL
2024-11-01,219.32586653780092,223.67328184782377,218.6310779402587,221.25143432617188,65276700,0.0,0.0,AAPL
2024-11-04,219.34573920720757,221.13233427123137,218.07526420177624,220.35813903808594,44944500,0.0,0.0,AAPL
2024-11-05,220.14969745378525,222.28369429475046,219.49460455688452,221.78741455078125,28111300,0.0,0.0,AAPL
2024-11-06,220.95366880237512,224.387931303672,219.54423614319148,221.06285095214844,54561100,0.0,0.0,AAPL
2024-11-07,222.95864433437472,226.18446269494834,222.89909318788202,225.7874298095703,42137700,0.0,0.0,AAPL
2024-11-08,225.72782337627459,227.20836966100222,224.97265364792685,225.5191650390625,38328800,0.25,0.0,AAPL
2024-11-11,223.5715733715174,224.26712634517858,220.0937933412938,222.80645751953125,42005600,0.0,0.0,AAPL
2024-11-12,223.1244332571579,224.15782408060912,221.94198562097503,222.80645751953125,40398300,0.0,0.0,AAPL
2024-11-13,222.5878574334345,225.21109667354565,221.3457931121334,223.69081115722656,48566200,0.0,0.0,AAPL
2024-11-14,223.59146688403666,227.41701609796436,223.57158960851197,226.77114868164062,44923900,0.0,0.0,AAPL
2024-11-15,224.96268496170848,225.4793879673537,222.84621765747355,223.5715789794922,47923700,0.0,0.0,AAPL
2024-11-18,223.82001439888424,228.28151537171908,223.74052045447314,226.5724334716797,44633700,0.0,0.0,AAPL
2024-11-19,225.53899960732684,228.69881907074455,225.22103903072198,226.83074951171875,36211800,0.0,0.0,AAPL
2024-11-20,226.61216873586113,228.4702922716314,224.45594670445817,227.54620361328125,35169600,0.0,0.0,AAPL
2024-11-21,227.42695953023323,228.69883223369175,224.2770861035494,227.06924438476562,42108300,0.0,0.0,AAPL
2024-11-22,226.6121530455377,229.25526960886552,226.6121530455377,228.41065979003906,38168300,0.0,0.0,AAPL
2024-11-25,229.99059491471002,231.76922452168117,228.2815130321861,231.39163208007812,90152800,0.0,0.0,AAPL
2024-11-26,231.84870566104107,234.07449047305911,231.84870566104107,233.56771850585938,45986200,0.0,0.0,AAPL
2024-11-27,232.9814664022851,234.1937224347506,232.32565277909848,233.43853759765625,33498400,0.0,0.0,AAPL
2024-11-29,233.31931239062584,236.3002669685808,232.48464874765904,235.8233184814453,28481400,0.0,0.0,AAPL
2024-12-02,235.76370602927642,239.26134854667043,235.65440375298792,238.0689697265625,48137100,0.0,0.0,AAPL
2024-12-03,238.28754591958514,241.2188145923816,237.38331948353385,241.10951232910156,38861000,0.0,0.0,AAPL
2024-12-04,241.32812877991805,242.5602620666903,239.71841824290905,241.4672393798828,44383900,0.0,0.0,AAPL
2024-12-05,242.4410361127995,242.98753231090083,240.59284370740727,241.49705505371094,40033900,0.0,0.0,AAPL
2024-12-06,241.36788746709487,243.0769692456264,240.5431549096241,241.29832458496094,36870600,0.0,0.0,AAPL
2024-12-09,240.29473874492055,245.67039687977774,240.21524480725012,245.18350219726562,44649200,0.0,0.0,AAPL
2024-12-10,245.3226337747269,246.63426111556626,243.78247081974237,246.19705200195312,36914800,0.0,0.0,AAPL
2024-12-11,246.38582450957213,249.2077910379196,244.69660488558225,244.92515563964844,45205800,0.0,0.0,AAPL
2024-12-12,245.32260415969785,247.1608653940442,244.1202792424049,246.3858184814453,32777500,0.0,0.0,AAPL
2024-12-13,246.24671899982582,247.70737273801882,244.67674782957272,246.55474853515625,33155300,0.0,0.0,AAPL
2024-12-16,246.4156487620838,249.7841268474892,246.07779571830554,249.44627380371094,51694800,0.0,0.0,AAPL
2024-12-17,248.49237939681157,252.2185726786221,248.19428090188288,251.87078857421875,51356400,0.0,0.0,AAPL
2024-12-18,250.55918941684527,252.66572594292316,246.16725119368886,246.47528076171875,56774100,0.0,0.0,AAPL
2024-12-19,245.92873792847348,250.400169527173,245.5213371883983,248.20419311523438,60882300,0.0,0.0,AAPL
2024-12-20,246.46531011815415,253.38113119374523,244.13023820234332,252.87437438964844,147495300,0.0,0.0,AAPL
2024-12-23,253.15258832932108,254.02699130961165,251.84096111600803,253.6494140625,40858800,0.0,0.0,AAPL
2024-12-24,253.86804957710976,256.5707679464462,253.6693071300515,256.56085205078125,23234700,0.0,0.0,AAPL
2024-12-26,256.5508929178466,258.44877099351584,255.99445048269988,257.3756103515625,27237100,0.0,0.0,AAPL
2024-12-27,256.19316170058187,257.05766400729357,251.45345479939442,253.96739196777344,42355300,0.0,0.0,AAPL
2024-12-30,250.6287158030117,251.890657464443,249.15811581542044,250.59890747070312,35557500,0.0,0.0,AAPL
2024-12-31,250.83739579916153,251.6720594492945,247.84649497663966,248.83021545410156,39480700,0.0,0.0,AAPL
2025-01-02,247.34966196417784,247.51859606258614,240.28481431614935,242.3019256591797,55740700,0.0,0.0,AAPL
2025-01-03,241.81503295898438,242.62981931594805,240.3543640210219,241.81503295898438,40244100,0.0,0.0,AAPL
2025-01-06,242.7589734384258,245.75980494056867,241.65601976736147,243.44459533691406,45045600,0.0,0.0,AAPL
2025-01-07,241.43743349025635,243.99112508347835,239.81779188041267,240.67233276367188,40856000,0.0,0.0,AAPL
2025-01-08,240.3841480569624,242.16279257722746,238.52602476613023,241.15919494628906,37628900,0.0,0.0,AAPL
2025-01-10,238.48628640867517,238.63534322792128,231.52079498772144,235.3463592529297,61710900,0.0,0.0,AAPL
2025-01-13,232.04743903723335,233.18020116738663,228.26162915914,232.9119110107422,49630700,0.0,0.0,AAPL
2025-01-14,233.2596800887061,234.62097773623856,230.9941559742804,231.79901123046875,39435300,0.0,0.0,AAPL
2025-01-15,233.1503884256181,237.4429702030776,232.94171493841435,236.35987854003906,39832000,0.0,0.0,AAPL
2025-01-16,235.84318609247865,236.49898454969573,226.58234697208553,226.81088256835938,71759100,0.0,0.0,AAPL
2025-01-17,230.64637201374376,230.81529094249188,227.0294813062853,228.51995849609375,68488300,0.0,0.0,AAPL
2025-01-21,222.57794445660952,222.99527628303537,217.9872792040061,221.22657775878906,98070400,0.0,0.0,AAPL
2025-01-22,218.39466636780546,222.6971793763667,218.39466636780546,222.40902709960938,64126500,0.0,0.0,AAPL
2025-01-23,223.3132424800993,225.58869773276695,220.88873040600683,222.24009704589844,60234800,0.0,0.0,AAPL
2025-01-24,223.35297985225768,224.19758968028435,220.00437919561992,221.3656768798828,54697900,0.0,0.0,AAPL
2025-01-27,222.59782027357136,230.67619691244207,222.55806572164707,228.40074157714844,94863400,0.0,0.0,AAPL
2025-01-28,229.38444497187513,238.66514594376807,229.3446904229109,236.7473907470703,75707600,0.0,0.0,AAPL
2025-01-29,232.6336842670617,238.33724933385383,232.52438199561368,237.84042358398438,45486100,0.0,0.0,AAPL
2025-01-30,237.1547951903121,239.26133146080375,235.7040725307193,236.08164978027344,55658300,0.0,0.0,AAPL
2025-01-31,245.62070152543137,245.62070152543137,231.9579942451269,234.50173950195312,100959800,0.0,0.0,AAPL
2025-02-03,228.52991033796462,230.35822543026035,224.2671369795404,226.56246948242188,73063300,0.0,0.0,AAPL
2025-02-04,225.80729852188347,231.64997406812495,225.21110156992967,231.3220672607422,45067300,0.0,0.0,AAPL
2025-02-05,227.07915170929476,231.19286787128658,226.8208078053139,230.994140625,39620300,0.0,0.0,AAPL
2025-02-06,229.8216550685821,232.31573010563136,228.96711414866223,231.73941040039062,29925300,0.0,0.0,AAPL
2025-02-07,231.12337098865854,232.51447718052603,225.81725985814606,226.18492126464844,39707200,0.0,0.0,AAPL
2025-02-10,228.36336710225459,229.3779949636392,226.005813710008,226.4534454345703,33115600,0.25,0.0,AAPL
2025-02-11,227.000572314181,233.99362125199642,226.93094812871882,231.3973388671875,53718400,0.0,0.0,AAPL
2025-02-12,229.98481838871234,235.71455375787428,229.4675472393098,235.62501525878906,45243300,0.0,0.0,AAPL
2025-02-13,235.66480095549997,241.06625350434595,234.33184765944378,240.26051330566406,53614100,0.0,0.0,AAPL
2025-02-14,239.981993568851,244.25939586817944,239.72336558929686,243.31439208984375,40896200,0.0,0.0,AAPL
2025-02-18,242.8667637165237,243.89134891584123,240.56890729516905,243.18508911132812,48822500,0.0,0.0,AAPL
2025-02-19,243.37405904734027,244.7169542759842,241.88194311867716,243.58294677734375,32204200,0.0,0.0,AAPL
2025-02-20,243.65259654249155,245.4829218502696,243.00600383864503,244.5379180908203,32316900,0.0,0.0,AAPL
2025-02-21,244.65729095432025,247.38289505871285,243.93113206298463,244.2593994140625,53197400,0.0,0.0,AAPL
2025-02-24,243.64264638435856,247.55199828948733,243.1353323966777,245.80125427246094,51326400,0.0,0.0,AAPL
2025-02-25,246.69650753214344,248.68599549611233,243.62275227067275,245.74154663085938,48013300,0.0,0.0,AAPL
2025-02-26,243.04581476744292,243.69239232640413,237.87314875998453,239.0966796875,44433600,0.0,0.0,AAPL
2025-02-27,238.1516754344793,241.18564780716906,235.81402085750776,236.05276489257812,41153600,0.0,0.0,AAPL
2025-02-28,235.70459571566596,240.8175794410065,228.9900734891547,240.5688934326172,56833400,0.0,0.0,AAPL
2025-03-03,240.51914741730602,242.74737946323825,234.8690087281554,236.77891540527344,47184000,0.0,0.0,AAPL
2025-03-04,236.46059966619734,238.80819608105105,233.44651142335266,234.68994140625,53798100,0.0,0.0,AAPL
2025-03-05,234.18262069274581,235.30668622205877,228.02515316620742,234.50094604492188,47227600,0.0,0.0,AAPL
2025-03-06,233.20777237015392,236.60979483297604,231.9345013377031,234.0930938720703,45170400,0.0,0.0,AAPL
2025-03-07,233.87426828677374,240.10136041796665,233.5261018066448,237.81346130371094,46273600,0.0,0.0,AAPL
2025-03-10,234.3019970725287,234.91874867921032,223.04150278970278,226.28436279296875,72071200,0.0,0.0,AAPL
2025-03-11,222.63366659789358,224.65299583409444,216.3070937419303,219.6792755126953,76137400,0.0,0.0,AAPL
2025-03-12,218.9829331071368,220.58447147788527,213.7804264853068,215.83953857421875,62547500,0.0,0.0,AAPL
2025-03-13,214.81497612462363,215.70029772842102,207.3245545879158,208.5779266357422,61368300,0.0,0.0,AAPL
2025-03-14,210.13967261110687,212.8254784087618,208.4784519318959,212.36790466308594,60107600,0.0,0.0,AAPL
2025-03-17,212.18885305172668,214.08881784956162,208.86641153353526,212.87522888183594,48073400,0.0,0.0,AAPL
2025-03-18,213.0343879953175,214.019174884069,210.3784232206469,211.57211303710938,42432400,0.0,0.0,AAPL
2025-03-19,213.0940452987452,217.61017604964766,212.62651443867486,214.1086883544922,54385400,0.0,0.0,AAPL
2025-03-20,212.86527847830126,216.3468825511506,211.10457731145533,212.97470092773438,48862900,0.0,0.0,AAPL
2025-03-21,210.44804823896536,217.68978368973626,210.16952111998106,217.12278747558594,94127800,0.0,0.0,AAPL
2025-03-24,219.8384246082871,220.3158974796034,217.4311459430569,219.56983947753906,44299500,0.0,0.0,AAPL
2025-03-25,219.6096416779903,222.92214108802088,218.92326587520165,222.573974609375,34493600,0.0,0.0,AAPL
2025-03-26,222.33523531503357,223.83730853242594,219.3112201065871,220.3656463623047,34466100,0.0,0.0,AAPL
2025-03-27,220.2263848697343,223.80746952519274,219.40074548587612,222.6734619140625,37094800,0.0,0.0,AAPL
2025-03-28,220.504904155295,222.6336557419088,216.5358700680628,216.7547149658203,39818600,0.0,0.0,AAPL
2025-03-31,215.86937928840504,224.4341253115235,215.09348022110552,220.9624786376953,65299300,0.0,0.0,AAPL
2025-04-01,218.6546522704822,222.5043062718273,217.7494316867353,222.0168914794922,36412700,0.0,0.0,AAPL
2025-04-02,220.15674221426906,224.0063965120705,219.85831598824518,222.71322631835938,35905900,0.0,0.0,AAPL
2025-04-03,204.4596791341039,206.39944211542388,200.19223396809613,202.12203979492188,103419000,0.0,0.0,AAPL
2025-04-04,192.87091122900438,198.82943318150367,186.3553350717911,187.38987731933594,125910900,0.0,0.0,AAPL
2025-04-07,176.26863687444822,193.12954493623218,173.70219548773406,180.50625610351562,160466300,0.0,0.0,AAPL
2025-04-08,185.71870692843436,189.33957458197378,168.32064359895526,171.51376342773438,120859500,0.0,0.0,AAPL
2025-04-09,171.04623198001363,199.55559936553783,170.98654976711688,197.8048553466797,184395900,0.0,0.0,AAPL
2025-04-10,188.0762635840202,193.7562435722064,182.0381599544528,189.41915893554688,121880000,0.0,0.0,AAPL
2025-04-11,185.12188160037283,198.49122944739574,185.0820833366806,197.10853576660156,87435900,0.0,0.0,AAPL
2025-04-14,210.32866545443895,211.82078139531484,200.10269875392328,201.45555114746094,101352900,0.0,0.0,AAPL
2025-04-15,200.7990180691496,202.44033954558066,198.74984792281177,201.07754516601562,51343900,0.0,0.0,AAPL
2025-04-16,197.31741584829123,199.64511311117855,191.35889396287376,193.24891662597656,59732400,0.0,0.0,AAPL
2025-04-17,196.16351652823,197.78495412822454,193.39812938355274,195.94467163085938,52164700,0.0,0.0,AAPL
2025-04-21,192.25416731460396,192.78138039340035,188.81234657174457,192.14474487304688,46742500,0.0,0.0,AAPL
2025-04-22,195.0892017003565,200.53045296496776,194.93999616163734,198.690185546875,52976400,0.0,0.0,AAPL
2025-04-23,204.91724784553512,206.90673568869565,201.7340703321958,203.5246124267578,52929200,0.0,0.0,AAPL
2025-04-24,203.81309077731203,207.73238443559362,201.87334307751462,207.27479553222656,47311000,0.0,0.0,AAPL
2025-04-25,205.28531450927932,208.6475540878433,205.1162098506388,208.18002319335938,38222300,0.0,0.0,AAPL
2025-04-28,208.89624364686077,210.38835967290976,206.3696005213303,209.03550720214844,38743100,0.0,0.0,AAPL
2025-04-29,207.59314001435672,211.12448445804597,207.27481462988695,210.0998992919922,36827600,0.0,0.0,AAPL
2025-04-30,208.19992461631293,212.4574277707069,205.5837430092506,211.3831024169922,52286500,0.0,0.0,AAPL
2025-05-01,207.98107159612528,213.43226431553572,207.8020097882055,212.19879150390625,57365700,0.0,0.0,AAPL
2025-05-02,205.0067917796952,205.9020705063368,201.09745506032002,204.27069091796875,101010600,0.0,0.0,AAPL
2025-05-05,202.03252954096354,203.0272736250085,197.1682315771274,197.8446502685547,69018500,0.0,0.0,AAPL
2025-05-06,197.1682179665783,199.59538061408486,195.98447015970467,197.4666290283203,51216500,0.0,0.0,AAPL
2025-05-07,198.12314097051194,198.39172607382676,192.2342588971375,195.21849060058594,68536700,0.0,0.0,AAPL
2025-05-08,196.68078271707188,198.99853803284546,193.65675249053749,196.45199584960938,50478900,0.0,0.0,AAPL
2025-05-09,197.95405738682032,199.48595647897335,196.50172445806652,197.4865264892578,36453900,0.0,0.0,AAPL
2025-05-12,210.13632786154514,210.43514541512562,205.9330024837247,209.95703125,63775800,0.26,0.0,AAPL
2025-05-13,209.59847136477597,212.55673652410627,208.17412935394688,212.08859252929688,51909300,0.0,0.0,AAPL
2025-05-14,211.59057778761635,213.09462076548897,209.74789716231066,211.49098205566406,49325800,0.0,0.0,AAPL
2025-05-15,210.11643191755599,212.11849916658366,208.71199985896817,210.6144561767578,45029500,0.0,0.0,AAPL
2025-05-16,211.52086084946143,211.73003772257164,208.94109887256835,210.42520141601562,54737900,0.0,0.0,AAPL
2025-05-19,207.08842931596485,208.65221742207615,203.45284348728632,207.95498657226562,46140500,0.0,0.0,AAPL
2025-05-20,206.84938410987283,207.64622592622177,204.2198167548668,206.04258728027344,42496600,0.0,0.0,AAPL
2025-05-21,204.3592586621154,206.22186440009241,199.91689108628387,201.2914276123047,59211800,0.0,0.0,AAPL
2025-05-22,199.91690559460176,201.94883789272,198.91088686006037,200.5643310546875,46742400,0.0,0.0,AAPL
2025-05-23,192.9046989896,196.91877297523902,192.6955373289648,194.49838256835938,78432900,0.0,0.0,AAPL
2025-05-27,197.51641281084125,199.94677348688452,196.64984031499387,199.4188690185547,56288500,0.0,0.0,AAPL
2025-05-28,199.79736291846774,201.9289060786693,199.11008702875665,199.62803649902344,45339700,0.0,0.0,AAPL
2025-05-29,202.77554227533128,203.0046291598645,197.72556941325453,199.15988159179688,51396800,0.0,0.0,AAPL
2025-05-30,198.5821728136608,201.1619498266407,196.00241099917397,200.05633544921875,70819900,0.0,0.0,AAPL
2025-06-02,199.488582384924,201.33127809714276,199.32921098525782,200.90296936035156,35423300,0.0,0.0,AAPL
2025-06-03,200.55437033168948,202.96480586317466,200.16591202699755,202.46678161621094,46381600,0.0,0.0,AAPL
2025-06-04,202.10818013514051,205.42502305946414,201.30138338029005,202.01853942871094,43604000,0.0,0.0,AAPL
2025-06-05,202.69585814733983,203.94091870107042,199.35908978394463,199.8372039794922,55126100,0.0,0.0,AAPL
2025-06-06,202.19783403313102,204.8871617909174,201.2515910514923,203.11419677734375,46607700,0.0,0.0,AAPL
2025-06-09,203.58234611432158,205.18598475848052,199.22961916524454,200.65396118164062,72862600,0.0,0.0,AAPL
2025-06-10,199.8073282051838,203.54250994980842,199.77744796710627,201.869140625,54672600,0.0,0.0,AAPL
2025-06-11,202.6958722895077,203.69192080198684,197.62598900862739,197.99452209472656,60989900,0.0,0.0,AAPL
2025-06-12,198.29333609984755,198.890956077424,196.58013147350607,198.41285705566406,43904600,0.0,0.0,AAPL
2025-06-13,198.94075911963023,199.57822954037988,194.92668495173118,195.67372131347656,51447300,0.0,0.0,AAPL
2025-06-16,196.52035592822918,197.90486262143017,195.78327462738756,197.63592529296875,43020700,0.0,0.0,AAPL
2025-06-17,196.4207613301707,197.6060614779548,194.43863454049264,194.86692810058594,38856200,0.0,0.0,AAPL
2025-06-18,195.16573699325735,196.7893008408277,194.2991796996429,195.80320739746094,45394700,0.0,0.0,AAPL
2025-06-20,197.45666110928434,200.90298042554332,196.08210930882012,200.20574951171875,96813500,0.0,0.0,AAPL
2025-06-23,200.83325703321927,201.50060768152076,198.17380945321412,200.70376586914062,55814300,0.0,0.0,AAPL
2025-06-24,201.78944331230142,202.63609053842802,199.40888822531906,199.5084991455078,54064000,0.0,0.0,AAPL
2025-06-25,200.65395335177794,202.8651820841085,199.82723133036671,200.76351928710938,39525700,0.0,0.0,AAPL
2025-06-26,200.63404307360597,201.8392684520338,198.67184150130464,200.20574951171875,50799100,0.0,0.0,AAPL
2025-06-27,201.09222774816857,202.41697405518968,199.20969672208463,200.28543090820312,73188600,0.0,0.0,AAPL
2025-06-30,201.211736268348,206.57048164253425,198.4726031076903,204.3592529296875,91912800,0.0,0.0,AAPL
2025-07-01,205.85332972802502,209.35942450018746,205.3254252695324,206.99879455566406,78788900,0.0,0.0,AAPL
2025-07-02,208.08449026524102,212.49697770796604,207.31752868499885,211.6005401611328,67941800,0.0,0.0,AAPL
2025-07-03,211.31165415399877,213.80177506176915,210.97300135818003,212.7061309814453,34955800,0.0,0.0,AAPL
2025-07-07,211.83958469799765,215.37555986284275,207.97492690746134,209.12037658691406,50229000,0.0,0.0,AAPL
2025-07-08,209.26978591644843,210.59451698338924,207.6262968509882,209.1801300048828,42848900,0.0,0.0,AAPL
2025-07-09,208.70202548866368,210.49491569520316,206.40115605631001,210.3056640625,48749400,0.0,0.0,AAPL
2025-07-10,209.67816220166208,212.63642743345136,209.2000631819418,211.57066345214844,44443600,0.0,0.0,AAPL
2025-07-11,209.73794232575938,211.29177557167307,209.03074119537857,210.3256072998047,39765800,0.0,0.0,AAPL
2025-07-14,209.10044482334126,210.07658325197187,206.71988962428105,207.79562377929688,38840100,0.0,0.0,AAPL
2025-07-15,208.39325734338402,211.05270487364396,208.09443976951917,208.28369140625,42296300,0.0,0.0,AAPL
2025-07-16,209.4689902412225,211.5606828488181,207.8155461810567,209.3295440673828,47490500,0.0,0.0,AAPL
2025-07-17,209.7379236663323,210.96305897069354,208.761785269157,209.19009399414062,48068100,0.0,0.0,AAPL
2025-07-18,210.0367321724359,210.95309492429405,208.87135730762196,210.3455047607422,48974600,0.0,0.0,AAPL
2025-07-21,211.26189276464606,214.92734394651046,210.79374875413163,211.640380859375,51377400,0.0,0.0,AAPL
2025-07-22,212.29776458434165,214.1006098348481,211.39135685335447,213.5527801513672,46404100,0.0,0.0,AAPL
2025-07-23,214.15041924441525,214.29982043425818,211.57065737650467,213.30377197265625,46989300,0.0,0.0,AAPL
2025-07-24,213.05477516619655,214.83771055173221,212.68624207244096,212.9153289794922,46022600,0.0,0.0,AAPL
2025-07-25,213.85158759699283,214.38946224202752,212.55672164240056,213.0348358154297,40268800,0.0,0.0,AAPL
2025-07-28,213.18425263148458,214.00101967144602,212.2180844005514,213.2041778564453,37858000,0.0,0.0,AAPL
2025-07-29,213.33365491441555,213.96117031669576,209.9869466315705,210.43516540527344,51411700,0.0,0.0,AAPL
2025-07-30,211.06266703997414,211.5507362671114,206.89919168476044,208.22393798828125,45512500,0.0,0.0,AAPL
2025-07-31,207.66614913739534,209.01080544085684,206.3414028602417,206.74978637695312,80698400,0.0,0.0,AAPL
2025-08-01,210.03673342752194,212.73603143542957,200.7037642416869,201.58029174804688,104434500,0.0,0.0,AAPL
2025-08-04,203.70186769022786,207.0585613783641,200.88304868853191,202.5464630126953,75109300,0.0,0.0,AAPL
2025-08-05,202.59624780213056,204.52858421879685,201.36115745633876,202.11814880371094,44155100,0.0,0.0,AAPL
2025-08-06,204.81744899810374,214.52892145014,204.77759854868273,212.40733337402344,108483100,0.0,0.0,AAPL
2025-08-07,218.01508808955717,219.97730473834642,215.7241736307253,219.16053771972656,90224800,0.0,0.0,AAPL
2025-08-08,219.95737356583322,230.08718413442585,218.3836152444713,228.44371032714844,113854000,0.0,0.0,AAPL
2025-08-11,227.27701087414155,228.91238364576833,224.12592192869855,226.53909301757812,61806100,0.26,0.0,AAPL
2025-08-12,227.36674823663387,230.14888579943394,226.429412881848,229.0021209716797,55626200,0.0,0.0,AAPL
2025-08-13,230.4181341091737,234.33703985510917,229.77992501054072,232.6717529296875,69878500,0.0,0.0,AAPL
2025-08-14,233.39967872378062,234.4566858681212,230.1987431425788,232.123291015625,51916300,0.0,0.0,AAPL
2025-08-15,233.33985018068216,233.6190590405621,228.69299310222902,230.9366455078125,56038700,0.0,0.0,AAPL
2025-08-18,231.04634466466607,232.46233685580373,229.46083388892833,230.23863220214844,37476200,0.0,0.0,AAPL
2025-08-19,230.62753117126795,232.2130419457167,228.70298322789472,229.90956115722656,39402600,0.0,0.0,AAPL
2025-08-20,229.33119207499826,229.81981519856654,225.13307755654054,225.3723907470703,42263900,0.0,0.0,AAPL
2025-08-21,225.6316789169631,225.88097364743615,223.14869792378403,224.26553344726562,30621200,0.0,0.0,AAPL
2025-08-22,225.53195134940427,228.44371192910324,224.77410085849388,227.11746215820312,42477800,0.0,0.0,AAPL
2025-08-25,225.84106025439092,228.6531118971015,225.59176554347297,226.51914978027344,30983100,0.0,0.0,AAPL
2025-08-26,226.22996704217394,228.84258604761433,224.05612439304167,228.6630859375,54575100,0.0,0.0,AAPL
2025-08-27,227.96506627689797,230.24859923631865,227.6160475796746,229.8397674560547,31259500,0.0,0.0,AAPL
2025-08-28,230.16884905542523,232.75153884501827,228.69301327644948,231.9039306640625,38074700,0.0,0.0,AAPL
2025-08-29,231.85405874294378,232.7216147258446,230.71727541448905,231.485107421875,39418400,0.0,0.0,AAPL
2025-09-02,228.6032698757151,230.19876225122124,226.32970313085187,229.0719451904297,44075600,0.0,0.0,AAPL
2025-09-03,236.5408165177042,238.17618932549604,233.69885053091846,237.79725646972656,66427800,0.0,0.0,AAPL
2025-09-04,237.77729643117493,239.2232027368954,236.0721290991865,239.10354614257812,47549400,0.0,0.0,AAPL
2025-09-05,239.32291694518142,240.63920029193574,237.81718240373485,239.0137939453125,54870400,0.0,0.0,AAPL
2025-09-08,238.62490021245955,239.47249309970456,235.67324414176576,237.2089080810547,48999500,0.0,0.0,AAPL
2025-09-09,236.33139119913957,238.1063683630383,232.70166073618753,233.68887329101562,66313900,0.0,0.0,AAPL
2025-09-10,231.53496736029473,231.76431424305812,225.31256565050364,226.1501922607422,83440800,0.0,0.0,AAPL
2025-09-11,226.23995033725743,229.7998710451417,226.010588238333,229.3810577392578,50208600,0.0,0.0,AAPL
2025-09-12,228.5733443098202,233.84841389514688,228.3739115767776,233.40966796875,55824200,0.0,0.0,AAPL
2025-09-15,236.33138325533858,237.5180285002954,234.3669397384463,236.0322265625,42699500,0.0,0.0,AAPL
2025-09-16,236.51088466190768,240.53949594661788,235.65332541334,237.4781494140625,63421100,0.0,0.0,AAPL
2025-09-17,238.2958480596019,239.42266510979977,237.05934071942244,238.3157958984375,46508000,0.0,0.0,AAPL
2025-09-18,239.2930082114909,240.51953392817583,235.98236714862816,237.2089080810547,44249600,0.0,0.0,AAPL
2025-09-19,240.5494606794321,245.60516498271895,239.53234916144805,244.8074188232422,163741300,0.0,0.0,AAPL
2025-09-22,247.5995237986898,255.9160073848096,247.42002368458668,255.35755920410156,105517400,0.0,0.0,AAPL
2025-09-23,255.15814081026073,256.6140134777918,252.86462630601793,253.71221923828125,60275200,0.0,0.0,AAPL
2025-09-24,254.49999981420794,255.01853710208397,250.33178410429736,251.59820556640625,42303700,0.0,0.0,AAPL
2025-09-25,252.49566170312627,256.4444966190252,250.99989343760635,256.14532470703125,55202100,0.0,0.0,AAPL
2025-09-26,253.38315498635407,256.87328100426123,253.06405044687503,254.73931884765625,46076300,0.0,0.0,AAPL
2025-09-29,253.84185736381545,254.28061851263055,252.29622703166862,253.71221923828125,40127700,0.0,0.0,AAPL
2025-09-30,254.1410137555297,255.1980209495745,252.39595068950493,253.9116668701172,37704300,0.0,0.0,AAPL
2025-10-01,254.32049261064776,258.0599285933123,254.21080232618834,254.72933959960938,48713900,0.0,0.0,AAPL
2025-10-02,255.85613542550084,257.45162766856953,253.43299812845933,256.40460205078125,42630200,0.0,0.0,AAPL
2025-10-03,253.9515436206674,258.5086431914624,253.23357360959045,257.2920837402344,49155600,0.0,0.0,AAPL
2025-10-06,257.2621558739689,258.33912604890287,254.3304629034206,255.96583557128906,44664100,0.0,0.0,AAPL
2025-10-07,256.0855101139428,256.6738420114173,254.70939836699205,255.75645446777344,31955800,0.0,0.0,AAPL
2025-10-08,255.79633660873378,257.7906945345413,255.38748958216482,257.3320007324219,36496900,0.0,0.0,AAPL
2025-10-09,257.08267167133846,257.27213808351553,252.42584836214985,253.32330322265625,38322000,0.0,0.0,AAPL
2025-10-10,254.2207817432353,255.6567217403356,243.3116425485481,244.57806396484375,61999100,0.0,0.0,AAPL
2025-10-13,248.67648318296307,248.98560621270488,244.86725241658198,246.96133422851562,38142900,0.0,0.0,AAPL
2025-10-14,245.90431694508948,248.14796941642882,244.00966795095763,247.07101440429688,35478000,0.0,0.0,AAPL
2025-10-15,248.78616738422895,251.10959602979932,246.77186176083558,248.63658142089844,33893600,0.0,0.0,AAPL
2025-10-16,247.54966879270205,248.33743345063007,244.43847540742667,246.75192260742188,39777000,0.0,0.0,AAPL
2025-10-17,247.3203043073955,252.66518358811555,246.57242016484557,251.5782470703125,49147000,0.0,0.0,AAPL
2025-10-20,255.168106265739,263.63416054313814,254.90884523128253,261.50018310546875,90483000,0.0,0.0,AAPL
2025-10-21,261.1411827196178,264.5415659974475,261.0913055219307,262.0286560058594,46695900,0.0,0.0,AAPL
2025-10-22,261.9090191460537,262.1084670888602,254.70938662410154,257.72088623046875,45015300,0.0,0.0,AAPL
2025-10-23,259.2066564378435,259.8847307097371,257.2821086816683,258.84765625,32754900,0.0,0.0,AAPL
2025-10-24,260.4531761824355,263.3848847726989,258.4488367256365,262.0785827636719,38253700,0.0,0.0,AAPL
2025-10-27,264.13276036080543,268.36078929414754,263.90339825112477,268.0516662597656,44888200,0.0,0.0,AAPL
2025-10-28,268.23113785786586,269.12862319727753,267.39351124836816,268.2411193847656,41534800,0.0,0.0,AAPL
2025-10-29,268.5203194424725,270.6443152614699,266.35642794866993,268.93914794921875,51086700,0.0,0.0,AAPL
2025-10-30,271.2226702585742,273.36662916750566,267.72259312931254,270.63433837890625,69886500,0.0,0.0,AAPL
2025-10-31,276.2085891024436,276.53767519933945,268.40069127196034,269.6072692871094,86167100,0.0,0.0,AAPL
2025-11-03,269.65711516237894,270.08589475979994,265.49886601188945,268.29095458984375,50194600,0.0,0.0,AAPL
2025-11-04,267.5730004152706,270.72408938596277,266.86501191822913,269.2781982421875,49274800,0.0,0.0,AAPL
2025-11-05,267.8522167164328,270.9335263776032,266.17696342424256,269.3779296875,43683100,0.0,0.0,AAPL
2025-11-06,267.1342708755924,272.6287059365568,267.1342708755924,269.0089416503906,51204000,0.0,0.0,AAPL
2025-11-07,269.03885049148494,271.5218466038475,266.0173996929098,267.7126159667969,48227400,0.0,0.0,AAPL
2025-11-10,268.46122924118225,273.22240319845355,266.96401085683,268.93035888671875,41312400,0.26,0.0,AAPL
2025-11-11,269.3096487524697,275.3983427074405,269.2996575494418,274.73956298828125,46208300,0.0,0.0,AAPL
2025-11-12,274.49002155435767,275.2186787593472,271.19615348009904,272.9628601074219,48398000,0.0,0.0,AAPL
2025-11-13,273.6016697208788,276.1868935731559,271.5854266195937,272.44384765625,49602800,0.0,0.0,AAPL
2025-11-14,270.54732197227213,275.44821996704485,269.10002929321837,271.9048156738281,47431300,0.0,0.0,AAPL
2025-11-17,268.3214829895084,269.98836893107386,265.237217022597,266.9639892578125,45018300,0.0,0.0,AAPL
2025-11-18,269.48932037088264,270.2079864201871,264.8279974843966,266.9440612792969,45677300,0.0,0.0,AAPL
2025-11-19,265.0375710636542,271.7051756343288,265.00762791735707,268.06195068359375,40424500,0.0,0.0,AAPL
2025-11-20,270.327749378444,274.91922505965954,265.42688147061517,265.7562561035156,45823600,0.0,0.0,AAPL
2025-11-21,265.4568071090486,272.8230952896135,265.17732758833057,270.98651123046875,59030800,0.0,0.0,AAPL
2025-11-24,270.397615191446,276.4863089537433,270.397615191446,275.4083251953125,65585800,0.0,0.0,AAPL
2025-11-25,274.75953066216096,279.8600705608694,274.73957871594786,276.4563903808594,46914200,0.0,0.0,AAPL
2025-11-26,276.44637611579356,279.01161742605893,276.1170014953278,277.0352783203125,33431400,0.0,0.0,AAPL
2025-11-28,276.7458380127342,278.4826014787427,275.4781737009374,278.3328857421875,20135600,0.0,0.0,AAPL
2025-12-01,277.4944549964911,282.89442609469603,275.62792768573877,282.57501220703125,46587700,0.0,0.0,AAPL
2025-12-02,282.47518456741903,286.86701880065203,282.10587559562896,285.6592712402344,53669500,0.0,0.0,AAPL
2025-12-03,285.6692634925469,288.0847586222564,282.77461708045536,283.623046875,43538700,0.0,0.0,AAPL
2025-12-04,283.5731318378766,284.20196835267484,278.07334059490756,280.179443359375,43989100,0.0,0.0,AAPL
2025-12-05,280.01974631085085,280.6186397013617,277.53434330937836,278.26300048828125,47265800,0.0,0.0,AAPL
2025-12-08,277.6142094762677,279.15136205700173,275.6378704438954,277.3746643066406,38211800,0.0,0.0,AAPL
2025-12-09,277.64414811825674,279.5106752769474,276.40645748061854,276.66595458984375,32193300,0.0,0.0,AAPL
2025-12-10,277.23491184461454,279.2312028389952,275.92734368017386,278.26300048828125,33038300,0.0,0.0,AAPL
2025-12-11,278.5824273392719,279.07150890817053,273.3022288840155,277.514404296875,33248000,0.0,0.0,AAPL
2025-12-12,277.38464634485007,278.70220580092337,276.30666253778065,277.7639465332031,39532900,0.0,0.0,AAPL
2025-12-15,279.63046152672615,279.63046152672615,272.33402020742307,273.6016540527344,50409100,0.0,0.0,AAPL
2025-12-16,272.3140798989353,274.9891026980292,271.2859911871425,274.1007385253906,37648600,0.0,0.0,AAPL
2025-12-17,274.50001118897205,275.6478724530811,271.13626563598973,271.33587646484375,50138700,0.0,0.0,AAPL
2025-12-18,273.1025913325419,273.12257373871984,266.4549687260805,271.68524169921875,51630700,0.0,0.0,AAPL
2025-12-19,271.6453053723066,274.09077415448866,269.399477884542,273.1625061035156,144632000,0.0,0.0,AAPL
2025-12-22,272.3539780142796,273.37210596231955,270.00836035897595,270.4674987792969,36571800,0.0,0.0,AAPL
2025-12-23,270.3377490962612,271.99467443806464,269.06012395403746,271.85491943359375,29642000,0.0,0.0,AAPL
2025-12-24,271.8349404799371,274.9192064044749,271.69521595033444,273.3022155761719,17910600,0.0,0.0,AAPL
2025-12-26,273.65157518449314,274.859322715931,272.35396775197984,272.8929748535156,21521800,0.0,0.0,AAPL
2025-12-29,272.1843267483383,273.8512128461511,271.8449608988494,273.2523498535156,23715200,0.0,0.0,AAPL
2025-12-30,272.304089543875,273.5717234473003,271.77507361210075,272.5735778808594,22139600,0.0,0.0,AAPL
2025-12-31,272.553621806917,273.17246717497864,271.24605357156486,271.3558349609375,27293600,0.0,0.0,AAPL
2026-01-02,271.75509761912826,277.32473598417806,268.5011336129586,270.5074157714844,37838100,0.0,0.0,AAPL
2026-01-05,270.1381104139889,271.0064921177503,265.6464557026853,266.7643737792969,45647200,0.0,0.0,AAPL
2026-01-06,266.504853430471,267.0538212812338,261.6338984265986,261.8734436035156,52352100,0.0,0.0,AAPL
2026-01-07,262.71190159101934,263.1909919246956,259.32817380451803,259.8471984863281,48309800,0.0,0.0,AAPL
2026-01-08,256.5433578451618,258.80916773471864,255.22581364132833,258.55963134765625,50419300,0.0,0.0,AAPL
2026-01-09,258.5995368285105,259.7274461787287,255.74485516422806,258.8890075683594,39997000,0.0,0.0,AAPL
2026-01-12,258.6794199598783,260.8154357257053,256.32378048041085,259.76739501953125,45263800,0.0,0.0,AAPL
2026-01-13,258.24022168851656,261.3244878277737,257.9108470550362,260.5658874511719,45730800,0.0,0.0,AAPL
2026-01-14,259.0087756526009,261.33447181199796,256.23393227813756,259.4779052734375,40019400,0.0,0.0,AAPL
2026-01-15,260.1666175851947,260.5559089501236,256.5732877053955,257.73114013671875,39388600,0.0,0.0,AAPL
2026-01-16,257.4217372195352,258.41988279267105,254.45724364888233,255.05613708496094,72142800,0.0,0.0,AAPL
2026-01-20,252.26132447540706,254.31750190322293,242.9685916985444,246.2425079345703,80267500,0.0,0.0,AAPL
2026-01-21,248.23880604127606,251.09350304772093,244.72532928784554,247.1907501220703,54641700,0.0,0.0,AAPL
2026-01-22,248.737864640942,250.53452965267718,247.68980878155546,247.8894500732422,39708300,0.0,0.0,AAPL
2026-01-23,246.86136630134166,248.94748685874615,244.22624741136653,247.58001708984375,41689000,0.0,0.0,AAPL
2026-01-26,251.01363570547153,256.08421686766076,249.336758511775,254.9363555908203,55969200,0.0,0.0,AAPL
2026-01-27,258.68937090303496,261.46421404872183,257.73112933459527,257.791015625,49648300,0.0,0.0,AAPL
2026-01-28,257.17220993748055,258.3799575946877,254.03803333601454,255.96446228027344,41288000,0.0,0.0,AAPL
2026-01-29,257.52154586161765,259.16847988830324,253.93820707645818,257.801025390625,67253000,0.0,0.0,AAPL
2026-01-30,254.69678984095313,261.41430490835,251.7123292610244,258.9988098144531,92443400,0.0,0.0,AAPL
2026-02-02,259.5478036352127,269.98839826257677,258.7293169184304,269.5093078613281,73913400,0.0,0.0,AAPL
2026-02-03,268.70080609664296,271.3758289780004,267.11372779647115,268.98028564453125,64394700,0.0,0.0,AAPL
2026-02-04,271.7850411492978,278.432693698261,271.7850411492978,275.97723388671875,90545700,0.0,0.0,AAPL
2026-02-05,277.6142303156022,278.98168486317746,272.72332314901723,275.3983459472656,52977400,0.0,0.0,AAPL
2026-02-06,276.6060720438839,280.3890519626743,276.4164219647768,277.6042175292969,50453400,0.0,0.0,AAPL
2026-02-09,277.6541982366954,277.9439398399519,271.4499228389202,274.3672180175781,44623400,0.26,0.0,AAPL
2026-02-10,274.6369782150198,275.11651686144285,272.68876099546605,273.4280700683594,34376900,0.0,0.0,AAPL
2026-02-11,274.44714753122867,279.92208361183503,274.1973776592452,275.24639892578125,51931300,0.0,0.0,AAPL
2026-02-12,275.3363333447182,275.46621856633783,259.94051360693726,261.4891052246094,81077200,0.0,0.0,AAPL
2026-02-13,261.7688319830923,261.9886306947134,255.21485759663088,255.5445556640625,56290700,0.0,0.0,AAPL
2026-02-17,257.8124646511843,266.0449008431299,255.30478047881587,263.6371154785156,58469100,0.0,0.0,AAPL
2026-02-18,263.35737977838915,266.57441720150126,262.20844437502524,264.106689453125,34203300,0.0,0.0,AAPL
2026-02-19,262.35827847824623,264.2365527856389,259.81060750150084,260.3401184082031,30845300,0.0,0.0,AAPL
2026-02-20,258.73163460792017,264.5063132392292,257.9223826043077,264.3364562988281,42070500,0.0,0.0,AAPL
2026-02-23,263.24744081710827,269.1819753311392,263.13755670993424,265.9349670410156,37308200,0.0,0.0,AAPL
2026-02-24,267.61343657617186,274.6369951599546,267.46358073991865,271.8895263671875,47014600,0.0,0.0,AAPL
2026-02-25,271.5298429675081,274.6869380517792,270.8005039088116,273.97760009765625,33714300,0.0,0.0,AAPL
2026-02-26,274.6969199809464,275.8558253670768,270.55071567552415,272.6987609863281,32345100,0.0,0.0,AAPL
2026-02-27,272.5588900215503,272.5588900215503,262.6480379442022,263.93682861328125,72366500,0.0,0.0,AAPL
2026-03-02,262.16844722421786,266.2846497598317,259.960490133898,264.476318359375,41827900,0.0,0.0,AAPL
2026-03-03,263.23749216234586,265.31556422164516,259.8905695547566,263.5072326660156,38568900,0.0,0.0,AAPL
2026-03-04,264.4063951364299,265.9050144519466,261.179387723623,262.2783508300781,39803100,0.0,0.0,AAPL
2026-03-05,260.54995479568396,261.3192350446657,257.01320478174756,260.0504150390625,49658600,0.0,0.0,AAPL
2026-03-06,258.39192833924307,258.53178361058343,254.13584003818684,257.2229919433594,41120000,0.0,0.0,AAPL
2026-03-09,255.45463216869055,260.9095975388004,253.44647267699952,259.6407775878906,38218500,0.0,0.0,AAPL
2026-03-10,257.4128391437035,262.2384104290217,256.71350175461305,260.58990478515625,30590800,0.0,0.0,AAPL
2026-03-11,260.8496568052655,261.888707997661,259.3110658747261,260.5699157714844,26218900,0.0,0.0,AAPL
2026-03-12,258.4219063383753,258.71164792954545,253.94601921584928,255.52456665039062,40794000,0.0,0.0,AAPL
2026-03-13,255.24483747003174,256.0940459350445,249.29033192864068,249.8897705078125,36930000,0.0,0.0,AAPL
2026-03-16,251.87794235419486,253.6563027081548,249.6499992581203,252.58729553222656,32074200,0.0,0.0,AAPL
2026-03-17,252.72716690012706,254.89516767044782,251.94787083452104,253.99598693847656,32361600,0.0,0.0,AAPL
2026-03-18,252.3974721128864,254.70534343896443,248.7708084606242,249.70994567871094,35757900,0.0,0.0,AAPL
2026-03-19,249.17043241392184,251.5982036354298,247.0723745163624,248.73085021972656,34864100,0.0,0.0,AAPL
2026-03-20,247.7517334570195,248.97061168291066,245.77356028907465,247.76173400878906,88331100,0.0,0.0,AAPL
2026-03-23,253.73622734962268,254.3656523266213,250.0496214753341,251.25851440429688,40546100,0.0,0.0,AAPL
2026-03-24,250.1195650925759,254.5954370944537,249.32029842391177,251.4083709716797,45152300,0.0,0.0,AAPL
2026-03-25,253.86611511385965,254.76528059453105,251.3684162845015,252.38746643066406,28476700,0.0,0.0,AAPL
2026-03-26,251.88793104116345,256.76344411909713,250.53918279672283,252.6572265625,41796700,0.0,0.0,AAPL
2026-03-27,253.666280215245,255.2548282141602,247.8416601166152,248.57098388671875,47900000,0.0,0.0,AAPL
2026-03-30,249.83982057534305,250.63907198816298,245.28400520065438,246.40298461914062,39446200,0.0,0.0,AAPL
2026-03-31,247.6818040942864,255.24482803058763,246.87255213324852,253.55638122558594,49598100,0.0,0.0,AAPL
2026-04-01,253.8461228128272,255.94418062939917,253.096813183035,255.3946990966797,40059400,0.0,0.0,AAPL
2026-04-02,253.96601496217014,255.89424639361263,250.4192795609811,255.68443298339844,31289400,0.0,0.0,AAPL
2026-04-06,256.27389167390277,261.9186847371787,256.2239194053331,258.6217041015625,29329900,0.0,0.0,AAPL
2026-04-07,255.92421782448065,255.96418954301222,245.47383916108728,253.26666259765625,62148000,0.0,0.0,AAPL
2026-04-08,258.2121146377317,259.51090582044134,256.29386854025813,258.66168212890625,41032800,0.0,0.0,AAPL
2026-04-09,258.7615948993736,260.879638597066,255.8342992320816,260.2502136230469,28121600,0.0,0.0,AAPL
2026-04-10,259.7406946341393,261.94865175168746,258.78155637925676,260.240234375,31291500,0.0,0.0,AAPL
2026-04-13,259.49093671136296,259.9405042051452,256.4237552437805,258.96142578125,36234700,0.0,0.0,AAPL
2026-04-14,259.01136264890187,261.68888841493145,256.9532612999924,258.59173583984375,48370700,0.0,0.0,AAPL
2026-04-15,257.92237663273806,266.3146386359468,257.57269269729437,266.18475341796875,49913500,0.0,0.0,AAPL
2026-04-16,266.55439590858066,266.91408037974617,261.0294875448873,263.15753173828125,43323100,0.0,0.0,AAPL
2026-04-17,266.7142527536172,272.0493335842862,266.47448343207725,269.98126220703125,61436200,0.0,0.0,AAPL
2026-04-20,270.08114756253855,274.0275237795767,270.04120633500696,272.79864501953125,36590200,0.0,0.0,AAPL
2026-04-21,271.250098918132,272.5488901425708,265.1557075406741,265.9250183105469,50209800,0.0,0.0,AAPL
2026-04-22,267.5734973129919,273.48803128351057,266.62435952726383,272.9185791015625,43249200,0.0,0.0,AAPL
2026-04-23,274.79681820267325,275.5161566987003,271.39995382845746,273.1783142089844,33399600,0.0,0.0,AAPL
2026-04-24,272.50893317942314,272.80864483253174,269.4017800912603,270.81048583984375,38157100,0.0,0.0,AAPL
2026-04-27,265.84505761361925,268.1129570778125,264.8260075108844,267.3636474609375,41466800,0.0,0.0,AAPL
2026-04-28,272.0893199684016,272.97851539952296,268.4127145556596,270.4608154296875,40018900,0.0,0.0,AAPL
2026-04-29,267.3037117460274,270.7905199823619,266.7942019267937,269.92132568359375,30047900,0.0,0.0,AAPL
2026-04-30,270.25102650288807,275.7459641951834,267.893213328058,271.1002502441406,91848200,0.0,0.0,AAPL
2026-05-01,278.6032901046287,286.95561044034525,278.1137509144006,279.88214111328125,79915400,0.0,0.0,AAPL
2026-05-04,279.4025768563376,280.3716851917065,274.60697695873915,276.5751647949219,46668400,0.0,0.0,AAPL
2026-05-05,276.6750995896243,284.30808218316156,276.2455026895375,283.9184265136719,49311700,0.0,0.0,AAPL
2026-05-06,281.66051049385584,287.76487170009636,280.8112868075762,287.245361328125,58336100,0.0,0.0,AAPL
2026-05-07,289.00371711581823,291.8611003514943,285.5169394038565,287.1754150390625,45224300,0.0,0.0,AAPL
2026-05-08,289.7430674686918,294.4886952888782,289.7330669166447,293.0500183105469,52692800,0.0,0.0,AAPL
2026-05-11,291.9800109863281,293.8800048828125,290.2300109863281,292.67999267578125,42247300,0.27,0.0,AAPL
2026-05-12,292.55999755859375,295.2699890136719,292.55999755859375,294.79998779296875,45748100,0.0,0.0,AAPL
2026-05-13,293.5,300.9200134277344,293.5,298.8699951171875,52684300,0.0,0.0,AAPL
2026-05-14,299.82000732421875,300.45001220703125,295.3800048828125,298.2099914550781,35324900,0.0,0.0,AAPL
2026-05-15,297.8999938964844,303.20001220703125,296.5199890136719,300.2300109863281,54862800,0.0,0.0,AAPL
2026-05-18,300.239990234375,300.6600036621094,294.9100036621094,297.8399963378906,34483000,0.0,0.0,AAPL
2026-05-19,296.9700012207031,300.510009765625,296.3500061035156,298.9700012207031,42243600,0.0,0.0,AAPL
2026-05-20,298.17999267578125,302.79998779296875,298.0799865722656,302.25,38229800,0.0,0.0,AAPL
2026-05-21,301.05999755859375,305.5400085449219,300.3999938964844,304.989990234375,42965100,0.0,0.0,AAPL
2026-05-22,306.1199951171875,311.3999938964844,305.8399963378906,308.82000732421875,43670200,0.0,0.0,AAPL
2026-05-26,309.55999755859375,311.82000732421875,307.6700134277344,308.3299865722656,48000500,0.0,0.0,AAPL
2026-05-27,308.3299865722656,313.260009765625,308.29998779296875,310.8500061035156,50430900,0.0,0.0,AAPL
2026-05-28,310.67999267578125,312.79998779296875,309.57000732421875,312.510009765625,48220400,0.0,0.0,AAPL
2026-05-29,311.7799987792969,315.0,309.5299987792969,312.05999755859375,70026800,0.0,0.0,AAPL
2026-06-01,309.6300048828125,310.94000244140625,305.0199890136719,306.30999755859375,48849900,0.0,0.0,AAPL
2026-06-02,307.4599914550781,315.45001220703125,306.69000244140625,315.20001220703125,44534700,0.0,0.0,AAPL
2026-06-03,314.17999267578125,316.94000244140625,308.8500061035156,310.260009765625,50836700,0.0,0.0,AAPL
2026-06-04,313.2300109863281,313.5400085449219,309.6499938964844,311.2300109863281,44869100,0.0,0.0,AAPL
2026-06-05,312.8599853515625,315.1700134277344,307.1499938964844,307.3399963378906,65310500,0.0,0.0,AAPL
2026-06-08,308.739990234375,317.3999938964844,301.1700134277344,301.5400085449219,77949100,0.0,0.0,AAPL
2026-06-09,300.2799987792969,300.75,287.7799987792969,290.54998779296875,70108800,0.0,0.0,AAPL
2026-06-10,290.739990234375,294.75,287.3800048828125,291.5799865722656,52793300,0.0,0.0,AAPL
2026-06-11,293.7200012207031,297.0,289.5899963378906,295.6300048828125,42572500,0.0,0.0,AAPL
2026-06-12,296.0299987792969,297.1400146484375,289.6199951171875,291.1300048828125,38742100,0.0,0.0,AAPL
2026-06-15,294.1199951171875,297.7799987792969,291.70001220703125,296.4200134277344,45732600,0.0,0.0,AAPL
2026-06-16,295.25,300.4800109863281,293.9700012207031,299.239990234375,39874400,0.0,0.0,AAPL
2026-06-17,300.8500061035156,302.07000732421875,294.3599853515625,295.95001220703125,42745100,0.0,0.0,AAPL
2026-06-18,298.1099853515625,300.57000732421875,295.6199951171875,298.010009765625,85962200,0.0,0.0,AAPL
2026-06-22,297.30999755859375,302.4200134277344,296.760009765625,297.010009765625,44879900,0.0,0.0,AAPL
2026-06-23,297.5400085449219,301.6400146484375,294.17999267578125,294.29998779296875,52010900,0.0,0.0,AAPL
2026-06-24,295.3599853515625,299.70001220703125,292.94000244140625,293.0799865722656,53081900,0.0,0.0,AAPL
2026-06-25,287.3999938964844,288.79998779296875,273.75,275.1499938964844,107013700,0.0,0.0,AAPL
2026-06-26,275.0,285.95001220703125,274.2099914550781,283.7799987792969,261775500,0.0,0.0,AAPL
2026-06-29,286.7300109863281,288.3699951171875,279.8500061035156,281.739990234375,66427000,0.0,0.0,AAPL
2026-06-30,281.1700134277344,289.94000244140625,280.70001220703125,289.3599853515625,65100200,0.0,0.0,AAPL
2026-07-01,293.44000244140625,296.5899963378906,289.20001220703125,294.3800048828125,50164200,0.0,0.0,AAPL
2026-07-02,294.1199951171875,309.4200134277344,293.67999267578125,308.6300048828125,75352800,0.0,0.0,AAPL
2026-07-06,307.3599853515625,314.20001220703125,307.0,312.6600036621094,53590000,0.0,0.0,AAPL
2026-07-07,315.2900085449219,315.4800109863281,310.1499938964844,310.6600036621094,42490000,0.0,0.0,AAPL
2026-07-08,311.9100036621094,314.82000732421875,307.04998779296875,313.3900146484375,41323500,0.0,0.0,AAPL
2026-07-09,310.510009765625,316.5299987792969,308.1600036621094,316.2200012207031,48124500,0.0,0.0,AAPL
2026-07-10,314.7200012207031,316.9100036621094,312.1700134277344,315.32000732421875,34132300,0.0,0.0,AAPL
2026-07-13,317.0199890136719,323.45001220703125,315.7799987792969,317.30999755859375,43257800,0.0,0.0,AAPL
2026-07-14,313.760009765625,316.19000244140625,311.9100036621094,314.8599853515625,36336800,0.0,0.0,AAPL
2026-07-15,317.6199951171875,328.7300109863281,317.32000732421875,327.5,60957600,0.0,0.0,AAPL
2026-07-16,328.010009765625,334.67999267578125,326.7900085449219,333.260009765625,62970600,0.0,0.0,AAPL
2026-07-17,331.9800109863281,334.989990234375,329.0,333.739990234375,63407100,0.0,0.0,AAPL
2026-07-20,333.510009765625,333.7099914550781,323.67999267578125,326.5899963378906,53468000,0.0,0.0,AAPL
2026-07-21,323.3450012207031,329.6000061035156,322.22039794921875,327.739990234375,40800631,0.0,0.0,AAPL
2024-07-22,434.95434740544323,437.72086686190295,432.1189038234256,436.0865478515625,15808800,0.0,0.0,MSFT
2024-07-23,437.0317583747776,441.45230735280467,436.2441483800791,437.9670715332031,13107100,0.0,0.0,MSFT
2024-07-24,433.6351347306288,434.6491968195245,420.9740958851319,422.2638244628906,26805800,0.0,0.0,MSFT
2024-07-25,422.1653487650477,423.14987619224735,411.05005574464656,411.92626953125,29943800,0.0,0.0,MSFT
2024-07-26,411.7293557750341,422.28349032231534,410.8137224917234,418.68994140625,23583800,0.0,0.0,MSFT
2024-07-29,424.9022832711689,425.4634710488169,418.12876061583677,420.1273498535156,15125800,0.0,0.0,MSFT
2024-07-30,421.10209315676275,422.4115014796213,410.90237288373,416.3763732910156,32687600,0.0,0.0,MSFT
2024-07-31,413.9937725831716,415.2539664560443,405.8320320070505,411.8770446777344,42891400,0.0,0.0,MSFT
2024-08-01,414.27933402476685,420.84611560670436,406.69846027697463,410.65625,30296400,0.0,0.0,MSFT
2024-08-02,406.10766494731143,408.57883813707474,398.08377329176966,402.1695556640625,29437900,0.0,0.0,MSFT
2024-08-05,383.1485558976655,394.83489176821496,379.6140759587015,389.0360107421875,40709200,0.0,0.0,MSFT
2024-08-06,393.81095153508136,399.39323499306323,392.3341604668248,393.4269714355469,24946500,0.0,0.0,MSFT
2024-08-07,402.3173055349637,403.7349973998657,391.32012086399686,392.2652587890625,20650900,0.0,0.0,MSFT
2024-08-08,396.2132187300544,399.58028569311574,393.7519001712231,396.4593505859375,20203000,0.0,0.0,MSFT
2024-08-09,397.77859311198716,401.73638233312255,396.03599047899144,399.73779296875,19276700,0.0,0.0,MSFT
2024-08-12,400.7616957993417,402.4354042920839,397.98532149531104,400.51556396484375,16762900,0.0,0.0,MSFT
2024-08-13,403.2525628062739,408.5296451452922,403.23288307516907,407.60418701171875,19414300,0.0,0.0,MSFT
2024-08-14,408.3820014539116,411.25683501944593,406.06838582856113,410.4101257324219,18267000,0.0,0.0,MSFT
2024-08-15,414.0495331175792,415.34158622213624,411.9388626649199,415.2626953125,20752100,0.75,0.0,MSFT
2024-08-16,414.83859034033384,415.5684441235936,411.5837759699612,412.7377624511719,22775600,0.0,0.0,MSFT
2024-08-19,413.22105614207504,415.9728470077707,410.75530126947416,415.755859375,15234000,0.0,0.0,MSFT
2024-08-20,415.92353667507666,420.0265262237166,415.86436096713305,418.9810485839844,16387600,0.0,0.0,MSFT
2024-08-21,418.27087232284174,420.5590998224222,415.9432144212139,418.330078125,16067300,0.0,0.0,MSFT
2024-08-22,418.54707521874735,420.94381179948715,408.9306313403218,409.8577575683594,19361900,0.0,0.0,MSFT
2024-08-23,411.26821033098173,413.51697764071497,406.4451792024677,411.080810546875,18493800,0.0,0.0,MSFT
2024-08-26,410.6665432369522,411.56408163461276,405.7054455704439,407.82598876953125,13152800,0.0,0.0,MSFT
2024-08-27,407.2045559563185,408.68400868994763,404.63032264758425,408.171142578125,13492900,0.0,0.0,MSFT
2024-08-28,409.1969570716752,409.3153084895278,401.7306441001557,404.9755859375,14882700,0.0,0.0,MSFT
2024-08-29,409.25610570352524,416.268697643249,404.9755591436319,407.4610290527344,17045200,0.0,0.0,MSFT
2024-08-30,409.90708149754283,411.7711764633265,406.4846126518204,411.4259948730469,24308300,0.0,0.0,MSFT
2024-09-03,412.1853985449122,414.1284143405953,401.4544298925835,403.8314208984375,20313600,0.0,0.0,MSFT
2024-09-04,400.3497951691964,405.60677088600426,398.8308818633999,403.298828125,15135800,0.0,0.0,MSFT
2024-09-05,402.0363656944642,407.44131080829675,400.56678553175374,402.79583740234375,14195500,0.0,0.0,MSFT
2024-09-06,403.4566777506577,405.0248942566708,395.30981392110493,396.197509765625,19609500,0.0,0.0,MSFT
2024-09-09,401.6615826272171,403.0522719406784,396.6413094868822,400.16241455078125,15295100,0.0,0.0,MSFT
2024-09-10,402.6084940695935,410.62710415809914,402.11534306269766,408.52630615234375,19594300,0.0,0.0,MSFT
2024-09-11,409.8084532189213,418.1821469994098,403.9695325309428,417.24517822265625,19266900,0.0,0.0,MSFT
2024-09-12,417.51145302107784,421.5158363092752,414.0002206806835,421.1509094238281,17395700,0.0,0.0,MSFT
2024-09-13,419.9969351521576,425.914746697553,419.6320082561189,424.6917419433594,15874600,0.0,0.0,MSFT
2024-09-16,424.7016342113202,427.5914917589124,422.3542307072933,425.4314880371094,13834700,0.0,0.0,MSFT
2024-09-17,434.1997005769437,435.79750485485505,426.3487157034463,429.18927001953125,18874200,0.0,0.0,MSFT
2024-09-18,429.04132931995406,430.05721907964937,424.5142071811442,424.9087219238281,18898000,0.0,0.0,MSFT
2024-09-19,435.18603209956774,435.4523227974912,430.9153276838819,432.6808166503906,21706600,0.0,0.0,MSFT
2024-09-20,431.2309485866615,433.22326773049826,428.2720426762547,429.3076477050781,55167100,0.0,0.0,MSFT
2024-09-23,428.3311884542686,430.48131937501944,424.4944897103184,427.5717468261719,15128900,0.0,0.0,MSFT
2024-09-24,427.0686909653906,427.41390262464773,420.26321438100086,423.2911682128906,17015800,0.0,0.0,MSFT
2024-09-25,423.94215074360574,427.1870925626301,422.69943076362244,426.19091796875,13396400,0.0,0.0,MSFT
2024-09-26,429.1300445336721,429.33715948282713,423.25169426116497,425.4018249511719,14492000,0.0,0.0,MSFT
2024-09-27,425.60900874647825,425.9345052473445,421.61449786891575,422.1569519042969,14896100,0.0,0.0,MSFT
2024-09-30,422.34436366886086,424.5241127227398,419.54326964937644,424.4057312011719,16807300,0.0,0.0,MSFT
2024-10-01,422.58108089859957,422.61066875300435,413.07311568923785,414.9273681640625,19092900,0.0,0.0,MSFT
2024-10-02,416.79143435299875,417.02816727140424,411.00184714518315,411.4161071777344,16582300,0.0,0.0,MSFT
2024-10-03,411.90926344701154,413.8029462214933,408.61501874387466,410.8341979980469,13686400,0.0,0.0,MSFT
2024-10-04,412.5109097932594,414.00023534021534,409.28571331626097,410.36077880859375,19169700,0.0,0.0,MSFT
2024-10-07,410.30158600641573,411.3963666559109,403.3974727803463,403.9300842285156,20919800,0.0,0.0,MSFT
2024-10-08,405.2714886364785,409.9662958214234,402.57890342121186,409.029296875,19229300,0.0,0.0,MSFT
2024-10-09,410.1635185105957,414.62162263212304,408.6248898614367,411.7416076660156,14974300,0.0,0.0,MSFT
2024-10-10,409.5421386142519,411.63309377445904,407.49061385739407,410.1437683105469,13848400,0.0,0.0,MSFT
2024-10-11,410.4397214022164,411.4161507329335,407.58929422530787,410.61724853515625,14144900,0.0,0.0,MSFT
2024-10-14,412.047300792356,418.2314324717677,411.80072533718436,413.3985595703125,16653100,0.0,0.0,MSFT
2024-10-15,416.3969398711013,416.69284850861214,409.57174739931537,413.0040588378906,18900200,0.0,0.0,MSFT
2024-10-16,409.4829836231505,410.65665522282575,404.85722518493617,410.4199523925781,15508900,0.0,0.0,MSFT
2024-10-17,416.57447660649984,416.7125733271007,409.89722324961605,411.0117492675781,14820000,0.0,0.0,MSFT
2024-10-18,411.4260201751563,413.90161766396704,410.5580696214905,412.4320373535156,17145300,0.0,0.0,MSFT
2024-10-21,410.4199513395574,413.22104518863654,408.08242059822123,413.04351806640625,14206100,0.0,0.0,MSFT
2024-10-22,412.75746835174544,424.68185459098345,412.31365056093216,421.6539306640625,25482200,0.0,0.0,MSFT
2024-10-23,424.95801224079617,425.1749998576998,416.7421308498749,418.7837829589844,19654400,0.0,0.0,MSFT
2024-10-24,419.5037748840412,420.144895200207,416.6139175340375,418.9120178222656,13581600,0.0,0.0,MSFT
2024-10-25,420.914242666979,426.5953216047658,420.72684288279277,422.2851867675781,16899100,0.0,0.0,MSFT
2024-10-28,425.7470788183642,426.02324214447043,420.46048501920137,420.74652099609375,14882400,0.0,0.0,MSFT
2024-10-29,422.1372373224,427.2364316805858,419.9673609785876,426.03314208984375,17644100,0.0,0.0,MSFT
2024-10-30,431.4478786962363,432.4933562372157,426.18103048992214,426.6051330566406,29749100,0.0,0.0,MSFT
2024-10-31,409.6703738017444,410.4594334413064,400.73448031809437,400.7838134765625,53971000,0.0,0.0,MSFT
2024-11-01,403.40736208449033,409.80845197934053,401.9180365381017,404.74871826171875,24230400,0.0,0.0,MSFT
2024-11-04,404.18650910637746,404.7980415718176,400.01447130701087,402.8648681640625,19672300,0.0,0.0,MSFT
2024-11-05,402.7761220934701,409.21667261639857,402.49008610038965,405.82379150390625,17626000,0.0,0.0,MSFT
2024-11-06,406.77066424480597,414.69066771455005,404.8966664565658,414.4243469238281,26681800,0.0,0.0,MSFT
2024-11-07,415.5092700597973,421.0029789570154,414.12845339700306,419.6024169921875,19901800,0.0,0.0,MSFT
2024-11-08,419.4939322441371,420.65776126477715,416.0024150826717,416.75201416015625,16891400,0.0,0.0,MSFT
2024-11-11,416.7323203125478,418.9909603752076,410.3016419524007,412.28411865234375,24503300,0.0,0.0,MSFT
2024-11-12,412.5207686609151,418.6259798148705,411.485163708279,417.23529052734375,19401200,0.0,0.0,MSFT
2024-11-13,415.8643474786666,423.4489813965326,412.4813090867046,419.3755798339844,21502200,0.0,0.0,MSFT
2024-11-14,419.17835521776294,422.30494584048273,414.2468451563775,421.04248046875,30246900,0.0,0.0,MSFT
2024-11-15,414.06929022111444,417.0084507566798,407.9739514183208,409.3153076171875,28247600,0.0,0.0,MSFT
2024-11-18,409.1870572477352,412.66870168958155,406.45501186857297,410.06488037109375,24727000,0.0,0.0,MSFT
2024-11-19,407.4511618868994,412.2150169012381,405.912533336808,412.06707763671875,18133500,0.0,0.0,MSFT
2024-11-20,411.1596854793811,411.57394553855335,404.9558378403451,409.798583984375,19191700,0.0,0.0,MSFT
2024-11-21,414.5818472703372,414.85856338751086,405.47983232208855,408.0295715332031,20780200,0.83,0.0,MSFT
2024-11-22,406.5471154925831,412.5064188915794,406.2407523286384,412.1111145019531,24814600,0.0,0.0,MSFT
2024-11-25,413.474991137145,416.1433187151558,409.9863774439722,413.88018798828125,27691100,0.0,0.0,MSFT
2024-11-26,414.67080652096905,424.0100286609721,413.93949178519347,422.9723205566406,23458900,0.0,0.0,MSFT
2024-11-27,420.12608556589345,422.22125646736464,417.07231569319254,418.03094482421875,18332400,0.0,0.0,MSFT
2024-11-29,415.16493646523105,419.8987878079345,412.90177557031507,418.49542236328125,16271900,0.0,0.0,MSFT
2024-12-02,416.62759418862754,427.92358362660957,416.37063273208213,425.9272766113281,20207200,0.0,0.0,MSFT
2024-12-03,424.80061260374794,427.3997836787713,422.72522667678595,426.1446838378906,18302000,0.0,0.0,MSFT
2024-12-04,427.95320145991604,434.5153692878957,427.5578970490266,432.291748046875,26009400,0.0,0.0,MSFT
2024-12-05,432.7859365018672,439.4469085884485,431.0564531129943,437.4308166503906,21697800,0.0,0.0,MSFT
2024-12-06,437.1145294101148,440.8699968788184,436.5907442566123,438.3696594238281,18821000,0.0,0.0,MSFT
2024-12-09,437.41103647885797,443.0738395996816,435.33565050126293,440.7909240722656,19144400,0.0,0.0,MSFT
2024-12-10,439.1800773312265,444.3487425824553,436.42277827381423,438.1324768066406,18469500,0.0,0.0,MSFT
2024-12-11,438.84398789693245,445.0701453909691,438.84398789693245,443.72607421875,19200200,0.0,0.0,MSFT
2024-12-12,443.8446618873549,450.81202644259827,443.8446618873549,444.2893981933594,20834800,0.0,0.0,MSFT
2024-12-13,443.1825414368637,446.13747735633456,440.3560560775405,442.0262451171875,20177800,0.0,0.0,MSFT
2024-12-16,442.02629379074256,446.87873364714176,440.0596337652838,446.295654296875,23598800,0.0,0.0,MSFT
2024-12-17,445.72242348242105,449.95224407864544,444.2993034538041,449.1319580078125,22733500,0.0,0.0,MSFT
2024-12-18,446.0287948744165,447.34318887069384,431.89642797238076,432.2621154785156,24444500,0.0,0.0,MSFT
2024-12-19,436.44249480171817,437.9842031344139,431.2046434354816,431.90631103515625,22963700,0.0,0.0,MSFT
2024-12-20,428.03227991601136,438.5376604876813,423.6048219518138,431.48138427734375,64263700,0.0,0.0,MSFT
2024-12-23,431.619738686297,432.5190736490341,427.755575118412,430.147216796875,19152500,0.0,0.0,MSFT
2024-12-24,429.55422661934296,434.44620567192754,429.0996280307953,434.1793518066406,7164500,0.0,0.0,MSFT
2024-12-26,433.9322924323696,435.7705018127553,431.5110338839644,432.9736633300781,8194200,0.0,0.0,MSFT
2024-12-27,429.5048352492743,430.117561657289,421.351556737901,425.4825439453125,18117700,0.0,0.0,MSFT
2024-12-30,421.0649558192297,422.5374777077036,416.9537232035626,419.849365234375,13158700,0.0,0.0,MSFT
2024-12-31,421.1044562623139,421.727075036825,415.72823181420273,416.5583801269531,13246500,0.0,0.0,MSFT
2025-01-02,420.54116958363784,421.0748471756245,409.98638702094667,413.6726379394531,16896500,0.0,0.0,MSFT
2025-01-03,416.1433125624827,419.0587393010629,414.62138898974536,418.38671875,16662900,0.0,0.0,MSFT
2025-01-06,422.98218924692804,429.2281017096726,420.4917442238413,422.8339538574219,20573600,0.0,0.0,MSFT
2025-01-07,423.9704579117962,425.6011074871905,415.8665816173968,417.4181823730469,18139100,0.0,0.0,MSFT
2025-01-08,418.4954097350683,421.9642686702226,416.5979364179098,419.58251953125,15054600,0.0,0.0,MSFT
2025-01-10,419.651700779007,419.73074959963856,410.15435142162687,414.0382995605469,20201100,0.0,0.0,MSFT
2025-01-13,410.3717691669062,413.5935589908242,407.456372689251,412.2989196777344,17604800,0.0,0.0,MSFT
2025-01-14,412.9116481684101,414.8190138642203,405.90477401390683,410.7967529296875,16935900,0.0,0.0,MSFT
2025-01-15,414.21622605843163,423.13046690209615,413.3662928073742,421.3120422363281,19637800,0.0,0.0,MSFT
2025-01-16,423.67398737859014,424.45470380326,419.4145196873236,419.6022644042969,15300000,0.0,0.0,MSFT
2025-01-17,429.0007970548674,429.386239236107,423.1502190446997,424.0001220703125,26197500,0.0,0.0,MSFT
2025-01-21,425.1563998310193,425.8481750206776,420.61032363697626,423.476318359375,26085700,0.0,0.0,MSFT
2025-01-22,432.430120920086,442.0262741390286,430.888412499157,440.9688415527344,27803800,0.0,0.0,MSFT
2025-01-23,436.81806704057095,441.5123788470024,436.3239289556834,441.47283935546875,18389300,0.0,0.0,MSFT
2025-01-24,439.94105276246916,441.4135747027248,436.225124464603,438.85394287109375,15549500,0.0,0.0,MSFT
2025-01-27,419.0389699284215,430.0977821935737,418.53493945291683,429.46527099609375,35647800,0.0,0.0,MSFT
2025-01-28,429.50483681704293,443.1232814648123,426.3225862891417,441.9571228027344,23491700,0.0,0.0,MSFT
2025-01-29,441.45306462654537,441.6408395030523,435.23679935643304,437.1441650390625,23581400,0.0,0.0,MSFT
2025-01-30,413.86040812362955,417.90245411076046,408.3161931892364,410.1247253417969,54586300,0.0,0.0,MSFT
2025-01-31,414.06796458574274,415.7579084081136,410.0456732964256,410.19390869140625,34161900,0.0,0.0,MSFT
2025-02-03,406.77449861931177,410.5398286087579,403.8689641166184,406.10247802734375,25679100,0.0,0.0,MSFT
2025-02-04,407.8516865143663,409.0672770356713,404.9362598096777,407.5354309082031,20532100,0.0,0.0,MSFT
2025-02-05,407.5156591589932,408.97828849654115,405.5885086845079,408.44464111328125,16316700,0.0,0.0,MSFT
2025-02-06,409.14633744300244,413.2971094519946,409.14633744300244,410.94500732421875,16309800,0.0,0.0,MSFT
2025-02-07,411.5972455590395,413.74178783038474,403.3154869234488,404.9461364746094,22886800,0.0,0.0,MSFT
2025-02-10,408.85969825647294,410.58918143726896,406.10242964328353,407.3871765136719,20817900,0.0,0.0,MSFT
2025-02-11,404.83747842325164,407.65404147500567,404.50143797348676,406.6163635253906,18140600,0.0,0.0,MSFT
2025-02-12,402.435914112503,405.93442005448907,399.6292135248499,404.2444763183594,19121700,0.0,0.0,MSFT
2025-02-13,402.2283921851393,406.1814967766394,401.5958809737979,405.7268981933594,23891700,0.0,0.0,MSFT
2025-02-14,403.0091510093491,404.1160155029715,401.1215398904841,403.6416320800781,22758500,0.0,0.0,MSFT
2025-02-18,403.2166455935164,405.78616946504144,401.7342314553049,404.8374328613281,21423100,0.0,0.0,MSFT
2025-02-19,403.098050601273,410.6188170610077,402.8707362463259,409.9072570800781,24114200,0.0,0.0,MSFT
2025-02-20,411.24414537664296,415.2249706128277,408.520936591177,412.0759582519531,23508700,0.83,0.0,MSFT
2025-02-21,413.27418223243296,413.97725680128366,403.91626425407014,404.2331237792969,27524800,0.0,0.0,MSFT
2025-02-24,404.5302202614153,405.38182745676596,395.429748735741,400.06414794921875,26443700,0.0,0.0,MSFT
2025-02-25,397.1923965138258,398.00441513588805,392.8352683816966,394.0235595703125,29387400,0.0,0.0,MSFT
2025-02-26,394.13250979931917,399.66804717869115,390.40913086553707,395.83575439453125,19619000,0.0,0.0,MSFT
2025-02-27,397.3607146060961,401.78716793671936,388.3493932994261,388.70587158203125,21127400,0.0,0.0,MSFT
2025-02-28,388.83463352266693,393.7562160246685,382.8039671137811,393.1224365234375,32845700,0.0,0.0,MSFT
2025-03-03,394.93464171120144,394.93464171120144,382.39797374435835,384.70526123046875,23007700,0.0,0.0,MSFT
2025-03-04,379.66483152587324,388.755390806373,377.2882188683939,384.8240661621094,29342900,0.0,0.0,MSFT
2025-03-05,385.54695570418704,397.7568509049982,385.02212029604283,397.1131591796875,23433100,0.0,0.0,MSFT
2025-03-06,390.43881857931865,398.2321421191711,388.8544001591339,393.0234069824219,23304600,0.0,0.0,MSFT
2025-03-07,388.49795642753014,390.95377648794664,381.7840095954452,389.4783020019531,22034100,0.0,0.0,MSFT
2025-03-10,382.08104715568106,382.6355890788174,373.5450301742595,376.4563903808594,32840100,0.0,0.0,MSFT
2025-03-11,375.30770541349494,382.23950999896846,373.2380702422645,376.74359130859375,30380200,0.0,0.0,MSFT
2025-03-12,379.21921226907705,381.4670864515663,375.2581813231993,379.53607177734375,24253600,0.0,0.0,MSFT
2025-03-13,379.4272025345451,381.5661631231906,373.7728386562969,375.0799560546875,20473000,0.0,0.0,MSFT
2025-03-14,376.08007458561946,386.42827981726157,375.8127158813028,384.7745361328125,19952800,0.0,0.0,MSFT
2025-03-17,382.9326924641042,388.88412112316473,381.813696346666,384.9132080078125,22474300,0.0,0.0,MSFT
2025-03-18,383.29909421372145,383.59615946585757,377.38725393405446,379.7836608886719,19486900,0.0,0.0,MSFT
2025-03-19,381.77411012943475,385.8836741890137,380.2590168181109,384.04180908203125,19185500,0.0,0.0,MSFT
2025-03-20,381.98206039861145,387.97313863322194,379.5460345045817,383.07135009765625,18470500,0.0,0.0,MSFT
2025-03-21,379.4865617188815,387.92354654843615,379.0706401827953,387.4482421875,39675900,0.0,0.0,MSFT
2025-03-24,391.54795482220453,391.54795482220453,386.01241696850974,389.25054931640625,21004500,0.0,0.0,MSFT
2025-03-25,390.082331804945,392.49853282327706,388.8148031404558,391.31024169921875,15775000,0.0,0.0,MSFT
2025-03-26,391.1518020411883,391.4587795188397,384.784452111458,386.1708068847656,16108400,0.0,0.0,MSFT
2025-03-27,386.3292739557081,388.41870337339975,383.62585932715103,386.7748718261719,13766800,0.0,0.0,MSFT
2025-03-28,384.2992097422753,385.3389984995421,373.2578420054409,375.109619140625,21632000,0.0,0.0,MSFT
2025-03-31,368.9106086577597,373.396474789069,363.6622247634287,371.73284912109375,35184700,0.0,0.0,MSFT
2025-04-01,371.0000917512926,379.12021808448793,369.59394254927554,378.4666442871094,19689500,0.0,0.0,MSFT
2025-04-02,374.2877261088344,381.32844426453147,372.95087209109226,378.4171142578125,16092600,0.0,0.0,MSFT
2025-04-03,371.13872318254886,373.80251903809335,365.7517184220645,369.4750671386719,30198000,0.0,0.0,MSFT
2025-04-04,360.5825648601157,370.94065262193254,355.97787229621173,356.3343505859375,49209900,0.0,0.0,MSFT
2025-04-07,347.4616469003483,367.3856281525139,341.43098078163547,354.3736267089844,50425000,0.0,0.0,MSFT
2025-04-08,364.6723484414274,370.00982228854286,346.8377957272636,351.1058044433594,35868900,0.0,0.0,MSFT
2025-04-09,350.0957251156184,389.39905670107095,349.66000929830324,386.68572998046875,50199700,0.0,0.0,MSFT
2025-04-10,378.3379012524662,380.15997201946135,364.21681503291546,377.63482666015625,38024400,0.0,0.0,MSFT
2025-04-11,376.93173851590154,386.25003769690613,375.1987873888056,384.6656494140625,23839200,0.0,0.0,MSFT
2025-04-14,389.38915847164185,390.8052198187617,380.46692636349223,384.0318603515625,19251200,0.0,0.0,MSFT
2025-04-15,384.7250528209778,388.07212889209285,380.41742551182244,381.9721374511719,17199900,0.0,0.0,MSFT
2025-04-16,376.9614172312142,377.8922316795949,364.41483869971677,367.9896545410156,21967800,0.0,0.0,MSFT
2025-04-17,370.1087998795162,370.673253997748,363.3156468476557,364.19696044921875,21120200,0.0,0.0,MSFT
2025-04-21,359.2853342749941,360.9291658129438,352.20499720618693,355.6213684082031,20807300,0.0,0.0,MSFT
2025-04-22,359.83987920585236,364.18709517298703,356.3541524572501,363.2463684082031,19485000,0.0,0.0,MSFT
2025-04-23,372.396358924379,376.6841922722663,369.38596664501534,370.7426452636719,20545500,0.0,0.0,MSFT
2025-04-24,372.0398293104223,384.6656149627633,371.53478821384334,383.52679443359375,22232300,0.0,0.0,MSFT
2025-04-25,383.2297451406492,388.33947870228997,380.8531326101871,388.0325012207031,18973200,0.0,0.0,MSFT
2025-04-28,388.1414067328739,388.9138065441973,382.87325863987553,387.3492126464844,16579400,0.0,0.0,MSFT
2025-04-29,387.48784509297593,391.2508426713115,386.5768248872523,390.201171875,14974000,0.0,0.0,MSFT
2025-04-30,386.49757125114587,392.79562598704683,380.69467558939255,391.4092712402344,36461100,0.0,0.0,MSFT
2025-05-01,426.9100091091665,432.7327295827746,420.76051687113977,421.2556457519531,58938100,0.0,0.0,MSFT
2025-05-02,427.533877248033,435.1588741169636,425.80092616148227,431.0393981933594,30757400,0.0,0.0,MSFT
2025-05-05,428.652877068793,435.2182909345157,427.9002714913439,431.9207458496094,20136100,0.0,0.0,MSFT
2025-05-06,427.9894209087166,433.46554517602334,426.9694566129341,429.0885925292969,15104200,0.0,0.0,MSFT
2025-05-07,429.61342097536215,433.8517229596541,426.9100064238295,429.1282043457031,23295300,0.0,0.0,MSFT
2025-05-08,433.6635322101029,439.3476317599919,431.4156581886589,433.9012145996094,23491300,0.0,0.0,MSFT
2025-05-09,435.7134270593174,436.4462081525218,431.63356980482325,434.455810546875,15324200,0.0,0.0,MSFT
2025-05-12,441.5955462250109,444.9921230759706,435.4955548202822,444.8832092285156,22821900,0.0,0.0,MSFT
2025-05-13,443.4176075446257,446.27946690563454,441.0211705280613,444.7643737792969,23618800,0.0,0.0,MSFT
2025-05-14,443.7741186799948,449.4779827199474,443.7741186799948,448.52734375,19902800,0.0,0.0,MSFT
2025-05-15,447.1979616790238,452.57502540604634,446.860659567107,449.5392761230469,21992300,0.83,0.0,MSFT
2025-05-16,448.4678177382938,450.7595102326154,445.17414935289,450.67022705078125,23849800,0.0,0.0,MSFT
2025-05-19,447.3070896149787,455.9480603525366,447.2277066057748,455.2337646484375,21336500,0.0,0.0,MSFT
2025-05-20,451.9797952414424,454.7080036018212,450.719869916101,454.53936767578125,15441800,0.0,0.0,MSFT
2025-05-21,450.967885651573,454.1524403651085,448.22974686474834,448.9837341308594,19216900,0.0,0.0,MSFT
2025-05-22,451.3448676580097,456.6028569421555,450.30316997101943,451.25555419921875,18025600,0.0,0.0,MSFT
2025-05-23,446.4142434023006,450.0948358464348,445.3527151156796,446.6126403808594,16883500,0.0,0.0,MSFT
2025-05-27,452.86273735527834,457.29731705224054,452.5055743512772,457.03936767578125,20974300,0.0,0.0,MSFT
2025-05-28,457.56517641086623,458.8548627693229,453.3091629867606,453.7357482910156,17086300,0.0,0.0,MSFT
2025-05-29,457.89257129241645,458.0612374989779,451.702028016876,455.0453186035156,13974800,0.0,0.0,MSFT
2025-05-30,456.07706236471586,458.0215223462663,451.9301930198663,456.71197509765625,34770500,0.0,0.0,MSFT
2025-06-02,453.51752207653715,458.44810948050275,453.2695031394806,458.3092346191406,16626500,0.0,0.0,MSFT
2025-06-03,457.8131864599202,460.4620419695056,457.20800452370844,459.3013000488281,15743800,0.0,0.0,MSFT
2025-06-04,460.3231275179124,461.9997378828715,459.35088242690273,460.19415283203125,14162700,0.0,0.0,MSFT
2025-06-05,461.2755213187348,465.92835889810493,460.35289815926444,463.9739685058594,20131700,0.0,0.0,MSFT
2025-06-06,466.3648774509946,469.58912358157227,465.0652606634985,466.652587890625,15285600,0.0,0.0,MSFT
2025-06-09,465.9779957450024,469.67841894667356,464.90653697170796,469.0038146972656,16469900,0.0,0.0,MSFT
2025-06-10,467.45617352695865,469.0534009468453,463.25968221899245,467.1883239746094,15375900,0.0,0.0,MSFT
2025-06-11,466.29541399515057,471.7022387212418,465.93828127215454,468.87481689453125,16399200,0.0,0.0,MSFT
2025-06-12,471.2557893550323,476.6130223697302,469.7676758011157,475.0752868652344,18950600,0.0,0.0,MSFT
2025-06-13,472.63478039747713,475.38281914376,469.0137102048777,471.1962585449219,16814500,0.0,0.0,MSFT
2025-06-16,471.44431988386987,476.88090602233666,471.2359924486289,475.34320068359375,15626100,0.0,0.0,MSFT
2025-06-17,471.63282797025073,474.94635750006523,470.3232806516652,474.2519226074219,15414100,0.0,0.0,MSFT
2025-06-18,474.21220825159133,477.1884355000323,470.70025162122124,476.4344482421875,17526500,0.0,0.0,MSFT
2025-06-20,478.4086860483398,479.62891980922967,473.09114443804276,473.616943359375,37576200,0.0,0.0,MSFT
2025-06-23,474.42052531416374,483.884936234588,468.76571183115124,482.1488037109375,24864000,0.0,0.0,MSFT
2025-06-24,485.075445589935,487.952459183197,482.9424585265478,486.2262268066406,22305600,0.0,0.0,MSFT
2025-06-25,488.14098256866794,490.64100267238626,485.5119877675007,488.369140625,17495100,0.0,0.0,MSFT
2025-06-26,489.0735074056833,494.09340820956044,488.9048412091741,493.5080871582031,21578900,0.0,0.0,MSFT
2025-06-27,493.60726767719865,495.3434002058453,489.12309627390664,492.0100402832031,34539200,0.0,0.0,MSFT
2025-06-30,493.1013206195562,496.79184348109624,491.404849352638,493.4683837890625,28369000,0.0,0.0,MSFT
2025-07-01,492.5358056229024,494.1032718491211,487.0893199212463,488.15081787109375,19945400,0.0,0.0,MSFT
2025-07-02,486.107196925814,489.5893925672679,484.82744098086494,487.198486328125,16319600,0.0,0.0,MSFT
2025-07-03,489.89694493303733,496.16687121115365,489.52988173373706,494.8870849609375,13984800,0.0,0.0,MSFT
2025-07-07,493.4386378219278,494.7977767455099,491.3056810299541,493.77593994140625,13981600,0.0,0.0,MSFT
2025-07-08,493.2997134401056,494.25212791462184,490.1945116420166,492.68463134765625,11846600,0.0,0.0,MSFT
2025-07-09,496.33549554664154,502.76415743455226,495.77993553758444,499.52008056640625,18659500,0.0,0.0,MSFT
2025-07-10,499.06366987607214,500.4426696344743,493.8056807647675,497.5061340332031,16492100,0.0,0.0,MSFT
2025-07-11,494.5200000462786,501.0280145407016,493.85529597280816,499.3315734863281,16459500,0.0,0.0,MSFT
2025-07-14,497.5458219138798,499.9764196247383,497.0597144820079,499.033935546875,12058800,0.0,0.0,MSFT
2025-07-15,499.03393728805895,504.2720960834484,498.80577924001653,501.811767578125,14927200,0.0,0.0,MSFT
2025-07-16,501.17685701853543,502.7046622632316,497.91294935926595,501.6133728027344,15154400,0.0,0.0,MSFT
2025-07-17,501.67285674255714,509.3019216630888,501.61333461976557,507.6451721191406,17503100,0.0,0.0,MSFT
2025-07-18,510.4030974050004,510.5618634291492,503.40897568442307,506.0082092285156,21209700,0.0,0.0,MSFT
2025-07-21,502.69469811942383,508.03210080948105,501.54388660874696,506.0181579589844,14066800,0.0,0.0,MSFT
2025-07-22,506.92092641726225,507.1491147296819,501.2660827636719,501.2660827636719,13868600,0.0,0.0,MSFT
2025-07-23,502.7343595827018,502.77405108780124,496.7323137246232,501.861328125,16396600,0.0,0.0,MSFT
2025-07-24,504.73836945889843,509.59953458867506,503.28001689239056,506.8316650390625,16107000,0.0,0.0,MSFT
2025-07-25,508.409026924469,514.1829150146133,506.3157616392057,509.6392517089844,19125700,0.0,0.0,MSFT
2025-07-28,510.0062782539609,510.91897091749235,506.07763679555273,508.43878173828125,14308000,0.0,0.0,MSFT
2025-07-29,511.4448055642593,513.5182098314434,507.50623361872493,508.50823974609375,16469200,0.0,0.0,MSFT
2025-07-30,511.08764202727673,511.86149016920456,505.4030674134904,509.1729431152344,26380400,0.0,0.0,MSFT
2025-07-31,550.8301860551579,551.0484742016899,527.6851029610986,529.2723999023438,51617300,0.0,0.0,MSFT
2025-08-01,530.7605061500977,531.5541546097426,516.7325410439772,519.956787109375,28977600,0.0,0.0,MSFT
2025-08-04,524.0837934579807,533.9846885103634,523.944888342453,531.3953857421875,25349000,0.0,0.0,MSFT
2025-08-05,532.9232605080902,533.0423047576313,523.0620248277625,523.5679931640625,19171600,0.0,0.0,MSFT
2025-08-06,526.6930670104376,527.486715540996,519.8775111011839,520.7802734375,21355700,0.0,0.0,MSFT
2025-08-07,522.6254396329194,523.9052559727172,513.4487398823029,516.7127075195312,16079100,0.0,0.0,MSFT
2025-08-08,518.4588193359411,520.5024931820143,515.2940949258492,517.9032592773438,15531000,0.0,0.0,MSFT
2025-08-11,518.1611446296885,523.4092640243366,515.6015722772428,517.6353759765625,20194400,0.0,0.0,MSFT
2025-08-12,519.5996565820958,526.7723446368122,518.5579891899393,525.046142578125,18667000,0.0,0.0,MSFT
2025-08-13,527.8933740196283,528.478725311786,515.2543395813665,516.4547729492188,19619200,0.0,0.0,MSFT
2025-08-14,518.4190436500928,521.7821945996749,516.0182375574066,518.3396606445312,20269100,0.0,0.0,MSFT
2025-08-15,518.6274679925785,521.9310366989816,514.9667059909838,516.0480346679688,25213300,0.0,0.0,MSFT
2025-08-18,517.4568516493948,518.6770855269226,509.94683045407294,513.0023803710938,23760600,0.0,0.0,MSFT
2025-08-19,510.9189744125155,511.0776798784135,504.5200741760794,505.73040771484375,21481000,0.0,0.0,MSFT
2025-08-20,505.8296325155463,506.9506829011106,500.44266872858867,501.7125244140625,27723000,0.0,0.0,MSFT
2025-08-21,500.5200628741361,504.435269171935,499.5561662916726,501.06658935546875,18443300,0.83,0.0,MSFT
2025-08-22,501.0765850227361,507.5158151187978,499.2481684011306,504.037841796875,24324200,0.0,0.0,MSFT
2025-08-25,503.44159720621536,504.9917771303553,500.9473838488724,501.0865173339844,21638600,0.0,0.0,MSFT
2025-08-26,501.1858695359189,501.801993130018,495.3727099158942,498.8804931640625,30835700,0.0,0.0,MSFT
2025-08-27,498.8407132226862,504.09742962807053,496.7539232974875,503.5508728027344,17277900,0.0,0.0,MSFT
2025-08-28,503.89867767213724,507.87350408410515,502.3186878124423,506.4326477050781,18015600,0.0,0.0,MSFT
2025-08-29,505.4588240002719,506.39291066950057,501.3150539612025,503.501220703125,20961600,0.0,0.0,MSFT
2025-09-02,497.32034095368414,502.81553721257154,493.68337117589067,501.9410705566406,18128000,0.0,0.0,MSFT
2025-09-03,500.6194673133705,504.5942937991858,499.1587173668126,502.1696472167969,16345100,0.0,0.0,MSFT
2025-09-04,501.1262461318779,504.95202275876863,499.983489561643,504.7731628417969,15509500,0.0,0.0,MSFT
2025-09-05,505.86625611105876,508.7479993566889,489.27134277765646,491.8847961425781,31994800,0.0,0.0,MSFT
2025-09-08,494.97517595073856,498.04575600626316,491.91457299081776,495.06463623046875,16771000,0.0,0.0,MSFT
2025-09-09,498.27432917901325,499.08917592804124,494.5678227014102,495.2733459472656,14410500,0.0,0.0,MSFT
2025-09-10,499.81456783685906,500.06299449245154,493.5939546766565,497.2209777832031,21611800,0.0,0.0,MSFT
2025-09-11,499.08915061774627,500.00337405269875,494.7466575341409,497.8569641113281,18881600,0.0,0.0,MSFT
2025-09-12,503.4614629424367,509.32432605160386,500.67909648146514,506.6910095214844,23624900,0.0,0.0,MSFT
2025-09-15,505.58800862213144,512.2259313574772,503.80926524972944,512.1166381835938,17143800,0.0,0.0,MSFT
2025-09-16,513.6270820344445,513.9748550906477,505.3991924428879,505.83642578125,19711900,0.0,0.0,MSFT
2025-09-17,507.4064717390096,508.07226852063866,502.74598524416496,506.81024169921875,15816600,0.0,0.0,MSFT
2025-09-18,508.270998935228,509.84107240669834,504.4651158521554,505.2501525878906,18913700,0.0,0.0,MSFT
2025-09-19,507.34679796260957,516.0317832353262,507.09837133283605,514.67041015625,52474100,0.0,0.0,MSFT
2025-09-22,512.3451813197225,514.4816139887456,509.31432785382,511.21234130859375,20009300,0.0,0.0,MSFT
2025-09-23,510.5664850795932,511.35155218118825,504.1173383670773,506.0252685546875,19799600,0.0,0.0,MSFT
2025-09-24,507.16798604562155,509.2547456727144,503.72976965544393,506.9394226074219,13533700,0.0,0.0,MSFT
2025-09-25,505.10107733704126,506.8003375404676,501.8616142840625,503.8390808105469,15786500,0.0,0.0,MSFT
2025-09-26,506.849997214163,510.70558375978015,503.4316440082871,508.2411804199219,16213100,0.0,0.0,MSFT
2025-09-29,508.28092297827857,513.5972289973041,505.67741655332713,511.36138916015625,17617800,0.0,0.0,MSFT
2025-09-30,510.0099885223437,514.8990082310244,506.45253207823936,514.6903686523438,19728200,0.0,0.0,MSFT
2025-10-01,511.5601971915601,517.2342842847302,508.4697839098333,516.4393310546875,22632300,0.0,0.0,MSFT
2025-10-02,514.3823296081488,518.3173691617891,507.4661094259624,512.4942626953125,21222900,0.0,0.0,MSFT
2025-10-03,513.8456285403139,517.2143082734997,511.75886906280147,514.0940551757812,15112300,0.0,0.0,MSFT
2025-10-06,515.3461902238155,527.6880704621805,514.9387971845453,525.2435302734375,21388600,0.0,0.0,MSFT
2025-10-07,524.9652461341774,526.4657528279373,518.1583800775612,520.682373046875,14615200,0.0,0.0,MSFT
2025-10-08,519.9868090400763,523.6336952116123,519.7980023635643,521.546875,13363400,0.0,0.0,MSFT
2025-10-09,519.0527457511332,521.0302122328587,514.1438325922749,519.1123657226562,18343600,0.0,0.0,MSFT
2025-10-10,516.3697201998212,520.2849266906686,506.42270727517143,507.74432373046875,24133800,0.0,0.0,MSFT
2025-10-13,513.1600134586593,513.1600134586593,508.45980051307464,510.81488037109375,14284200,0.0,0.0,MSFT
2025-10-14,507.0189143190136,512.0371506947121,502.815524609146,510.337890625,14684300,0.0,0.0,MSFT
2025-10-15,511.71916116293283,513.935107423202,506.7903547024341,510.1987609863281,14694700,0.0,0.0,MSFT
2025-10-16,509.3541552294708,513.597241245564,504.93214864922606,508.3902282714844,15559600,0.0,0.0,MSFT
2025-10-17,505.8364635131052,512.2359067167633,504.1173400169688,510.347900390625,19867800,0.0,0.0,MSFT
2025-10-20,511.37132460679527,515.4356111738924,510.19875812962454,513.53759765625,14665600,0.0,0.0,MSFT
2025-10-21,514.2431942660954,515.4257076122852,509.81124074780416,514.4021606445312,15586200,0.0,0.0,MSFT
2025-10-22,517.8702452376143,521.9245247034462,514.4518919333965,517.2640380859375,18962700,0.0,0.0,MSFT
2025-10-23,519.1720024577996,520.6526156742948,515.3461954332505,517.283935546875,14023500,0.0,0.0,MSFT
2025-10-24,519.499850577073,522.0437370421222,517.4329845218087,520.314697265625,15532400,0.0,0.0,MSFT
2025-10-27,528.4333612309177,531.2157277722118,525.6807743511338,528.1749877929688,18734700,0.0,0.0,MSFT
2025-10-28,546.5386557673307,550.2352153811122,537.366762825241,538.6585693359375,29986700,0.0,0.0,MSFT
2025-10-29,541.510525937623,542.8321728172806,533.3521721804118,538.141845703125,36023000,0.0,0.0,MSFT
2025-10-30,527.1414377363435,531.6031704966998,518.8340654321457,522.451171875,41023100,0.0,0.0,MSFT
2025-10-31,525.5515477587454,525.9887810857076,511.85824179468614,514.5512084960938,34006400,0.0,0.0,MSFT
2025-11-03,516.5385956979154,521.6562086548496,511.3514766558802,513.776123046875,22374700,0.0,0.0,MSFT
2025-11-04,508.53933673798264,512.3054631947169,504.64399323613884,511.0931701660156,20958700,0.0,0.0,MSFT
2025-11-05,510.0695738143288,511.58997398954807,503.39186440425516,503.9682312011719,23024300,0.0,0.0,MSFT
2025-11-06,502.47768369906356,502.51744045426454,492.6896676102462,493.9715576171875,27406500,0.0,0.0,MSFT
2025-11-07,493.8225155697467,496.2372153715257,490.1457889557352,493.6933288574219,24019800,0.0,0.0,MSFT
2025-11-10,496.8930386116327,503.6601778844964,495.66082185127294,502.8155212402344,26101500,0.0,0.0,MSFT
2025-11-11,501.6230817360039,506.39289163210333,499.18851875070465,505.4786682128906,17980000,0.0,0.0,MSFT
2025-11-12,506.1543908722183,508.4498810705414,495.9788447581273,507.9232177734375,26574900,0.0,0.0,MSFT
2025-11-13,507.098398329558,510.26832472026865,498.1351759673349,500.1225891113281,25273100,0.0,0.0,MSFT
2025-11-14,495.0944623167857,508.38031503091224,494.30942559248354,506.96923828125,28505700,0.0,0.0,MSFT
2025-11-17,505.2501227292945,508.8970088955905,501.7323929449627,504.296142578125,19092800,0.0,0.0,MSFT
2025-11-18,492.2524466910109,499.8145698875434,483.71651040889276,490.6824035644531,33815100,0.0,0.0,MSFT
2025-11-19,487.0156083775533,492.0735713081103,479.79134202204426,484.0543518066406,23245300,0.0,0.0,MSFT
2025-11-20,490.5255566668064,491.3817596467919,473.39186588492817,476.3088684082031,26802500,0.91,0.0,MSFT
2025-11-21,476.3785437287191,476.796695003642,466.19388806310616,470.0268249511719,31769200,0.0,0.0,MSFT
2025-11-24,472.8940955697233,474.7856658755464,465.9450303435204,471.8985290527344,34421000,0.0,0.0,MSFT
2025-11-25,471.9681767111092,477.0256407210385,462.82888433135173,474.8752136230469,28019800,0.0,0.0,MSFT
2025-11-26,484.1539100429923,486.14504291080743,479.06658014921754,483.3475036621094,25709100,0.0,0.0,MSFT
2025-11-28,485.4382224868377,490.44592067381114,484.49242217644115,489.82867431640625,14386700,0.0,0.0,MSFT
2025-12-01,486.27447583839387,487.68816317334665,482.5012705124726,484.5820007324219,23964000,0.0,0.0,MSFT
2025-12-02,484.56211884124775,491.312058367048,484.16389832530854,487.82757568359375,19562700,0.0,0.0,MSFT
2025-12-03,474.2082166599713,482.09308589504883,473.0931871020635,475.6119689941406,34615100,0.0,0.0,MSFT
2025-12-04,477.6329620200481,479.186043226252,474.3774403367437,478.7081604003906,22318200,0.0,0.0,MSFT
2025-12-05,480.3807061976695,481.2568095233099,476.7568601661199,481.01788330078125,22608700,0.0,0.0,MSFT
2025-12-08,482.74025101921535,490.11737199051475,482.2325023858298,488.8430480957031,21965900,0.0,0.0,MSFT
2025-12-09,486.93155551686203,489.93815525049575,486.33420957194573,489.8385925292969,14696100,0.0,0.0,MSFT
2025-12-10,481.88401246545567,482.10303829287767,472.973680864489,476.4382629394531,35756200,0.0,0.0,MSFT
2025-12-11,474.51683677020293,483.8751552220924,473.750231167373,481.3265075683594,24669200,0.0,0.0,MSFT
2025-12-12,477.69270598810584,480.31105063829824,474.22812377070755,476.4084167480469,21248100,0.0,0.0,MSFT
2025-12-15,477.97146396596463,478.588710310573,470.42505317808707,472.7148742675781,23727700,0.0,0.0,MSFT
2025-12-16,469.8177748762136,475.7712732838117,468.79234263095657,474.2779235839844,20705600,0.0,0.0,MSFT
2025-12-17,474.79560024235434,477.8718969329872,472.8940646732686,474.00909423828125,24527200,0.0,0.0,MSFT
2025-12-18,476.06992080908344,487.4293375934554,475.7712630284666,481.8342590332031,28573500,0.0,0.0,MSFT
2025-12-19,485.1992432324443,485.68709144559693,480.35083955461556,483.7656555175781,70836100,0.0,0.0,MSFT
2025-12-22,483.9647726311972,486.5632169440421,480.5499868948874,482.7701110839844,16963000,0.0,0.0,MSFT
2025-12-23,482.829854335465,485.66719456773416,482.5908977144131,484.6915588378906,14683600,0.0,0.0,MSFT
2025-12-24,483.5267014178325,486.99128356758627,482.680463867149,485.8563232421875,5855900,0.0,0.0,MSFT
2025-12-26,484.5521629916047,485.95591540329985,483.8054881161676,485.5477294921875,8842200,0.0,0.0,MSFT
2025-12-29,482.71034015280554,486.1848877649252,482.0333622504328,484.9404296875,10893400,0.0,0.0,MSFT
2025-12-30,483.77560983811236,487.5089841188462,483.3475235456682,485.3187561035156,13944500,0.0,0.0,MSFT
2025-12-31,485.6771523949816,485.97584057107747,481.15727202744546,481.4758605957031,15601600,0.0,0.0,MSFT
2026-01-02,482.24244872265706,482.5112407273309,468.07552715971417,470.84320068359375,25571600,0.0,0.0,MSFT
2026-01-05,471.95822796941724,473.95932625248497,467.41844739653146,470.75360107421875,25250300,0.0,0.0,MSFT
2026-01-06,471.69937935780575,476.617480129593,467.6673473241013,476.3885192871094,23037700,0.0,0.0,MSFT
2026-01-07,477.63296458601815,487.5288974221053,475.83099176167434,481.3265075683594,25564200,0.0,0.0,MSFT
2026-01-08,479.10639276886474,480.5201105081445,473.7502403609407,475.9902648925781,18162600,0.0,0.0,MSFT
2026-01-09,471.9582322108041,477.6927047258898,470.106493184136,477.15509033203125,18491000,0.0,0.0,MSFT
2026-01-12,474.5566738594685,478.85749783991434,473.57104241242143,475.06439208984375,23519900,0.0,0.0,MSFT
2026-01-13,472.57548334410274,473.6706125344443,463.88420753037366,468.5832824707031,28545800,0.0,0.0,MSFT
2026-01-14,464.3919508718589,466.12425727832346,455.14315976714454,457.3433532714844,28184300,0.0,0.0,MSFT
2026-01-15,462.06232415810086,462.191752665677,453.8787662235596,454.6354064941406,23225800,0.0,0.0,MSFT
2026-01-16,455.8001987238622,461.13645097900303,454.4562082505655,457.8211975097656,34246700,0.0,0.0,MSFT
2026-01-20,449.2194951600843,454.77474258752966,447.28809381488645,452.5048522949219,26130000,0.0,0.0,MSFT
2026-01-21,450.5933708341933,450.6829681667298,436.73507280530305,442.1409912109375,37980500,0.0,0.0,MSFT
2026-01-22,445.6354487179439,450.8323067932568,442.7284117030413,449.1398620605469,25349400,0.0,0.0,MSFT
2026-01-23,449.8665935761158,469.01134678020316,448.5325382185013,463.8841857910156,38000200,0.0,0.0,MSFT
2026-01-26,463.2470104625561,472.14737672642065,459.9516880286902,468.1949768066406,29291200,0.0,0.0,MSFT
2026-01-27,471.59986874099184,480.72919663912324,471.06225431764057,478.4493408203125,29213900,0.0,0.0,MSFT
2026-01-28,481.0676409982362,481.59528998521284,475.8807484603396,479.4946594238281,36875400,0.0,0.0,MSFT
2026-01-29,438.0392806211351,440.5381621786467,419.1533835040837,431.57806396484375,128855300,0.0,0.0,MSFT
2026-01-30,437.2229285851671,437.65101486434605,424.55932220203715,428.3822937011719,58566800,0.0,0.0,MSFT
2026-02-02,428.33251789753194,428.8303011436502,420.37795134689077,421.49298095703125,42219900,0.0,0.0,MSFT
2026-02-03,420.1390072256922,420.178808008447,406.7486263222299,409.3868713378906,61424100,0.0,0.0,MSFT
2026-02-04,409.17783910585314,417.93881231579195,407.4256323109538,412.35369873046875,45012400,0.0,0.0,MSFT
2026-02-05,405.6335909812077,406.4897635323938,390.5806313349955,391.9246520996094,66289200,0.0,0.0,MSFT
2026-02-06,397.4002746193236,400.0086538663787,391.17798428483076,399.3615417480469,53515300,0.0,0.0,MSFT
2026-02-09,403.0550898097971,413.05058563481117,399.0927243377603,411.76629638671875,45480500,0.0,0.0,MSFT
2026-02-10,417.75959730190846,421.80159473973595,410.8702943432265,411.437744140625,44857900,0.0,0.0,MSFT
2026-02-11,414.33481566901673,414.61357304478975,399.2320904458023,402.5771789550781,42491000,0.0,0.0,MSFT
2026-02-12,403.20440420967,404.3990960787573,396.24540458526855,400.05841064453125,40802400,0.0,0.0,MSFT
2026-02-13,402.65686886295305,403.7420326637702,396.2852191820681,399.5407409667969,34091600,0.0,0.0,MSFT
2026-02-17,397.45004705087115,398.7442713079252,392.78083787972264,395.1004943847656,32078800,0.0,0.0,MSFT
2026-02-18,396.3648548030424,400.77520665339193,394.56288205367116,397.8283386230469,23223400,0.0,0.0,MSFT
2026-02-19,399.82403795970674,403.55594539020564,395.8127368785549,397.5988464355469,28234000,0.91,0.0,MSFT
2026-02-20,395.2539159508346,399.2552593187824,394.3059873534157,396.37152099609375,34015200,0.0,0.0,MSFT
2026-02-23,394.14630950985264,394.50551684604494,382.27203437696886,383.6390686035156,43238300,0.0,0.0,MSFT
2026-02-24,383.30981969967445,388.5185091169527,380.88504821898124,388.1593017578125,33884700,0.0,0.0,MSFT
2026-02-25,389.68597856263057,400.60233728073825,389.31678308531696,399.7342224121094,43625500,0.0,0.0,MSFT
2026-02-26,403.8353349281015,406.6093255926281,397.8782360341113,400.851806640625,34405900,0.0,0.0,MSFT
2026-02-27,390.03523926255787,395.9624042352165,389.0374004516944,391.8912048339844,51367200,0.0,0.0,MSFT
2026-03-02,392.01092411942045,400.32293811697235,389.78576315389057,397.6886291503906,35474900,0.0,0.0,MSFT
2026-03-03,392.2903484387299,405.82103971635513,391.82136299902305,403.0570068359375,38199200,0.0,0.0,MSFT
2026-03-04,400.4027502952161,410.14166638677375,399.44483360720756,404.32427978515625,35808000,0.0,0.0,MSFT
2026-03-05,403.54596943015656,410.72040218284053,403.525993165685,409.79241943359375,39001300,0.0,0.0,MSFT
2026-03-06,408.31564337314285,412.1572983375802,407.6271321747383,408.0761413574219,31123900,0.0,0.0,MSFT
2026-03-09,404.044890641513,409.3234358422322,402.62794618065146,408.5251770019531,30131900,0.0,0.0,MSFT
2026-03-10,409.1438479339772,409.31349393117443,402.05918625996463,404.8830871582031,31706400,0.0,0.0,MSFT
2026-03-11,404.6934855668013,408.1260534422115,400.7220762180728,404.0049743652344,25512100,0.0,0.0,MSFT
2026-03-12,403.7555185610488,405.2422886286942,400.84181586601125,400.9914855957031,27263900,0.0,0.0,MSFT
2026-03-13,400.13336309353434,403.9251383935716,393.3979511212616,394.69512939453125,26848000,0.0,0.0,MSFT
2026-03-16,397.209690545171,399.7641553863696,393.9367805641587,399.08563232421875,27733700,0.0,0.0,MSFT
2026-03-17,399.4049101655112,403.5259891234105,396.8903674487218,398.5467834472656,26228300,0.0,0.0,MSFT
2026-03-18,396.271723303423,397.13983817793417,390.1549666521916,390.9432678222656,25908500,0.0,0.0,MSFT
2026-03-19,389.2569126674818,391.6417315076428,386.2234742615233,388.1792297363281,25138800,0.0,0.0,MSFT
2026-03-20,385.95408868282834,386.16362631018524,379.29849030352204,381.0447082519531,50853200,0.0,0.0,MSFT
2026-03-23,383.07032058481127,386.3731646745857,380.85511716508233,382.1722717285156,29680100,0.0,0.0,MSFT
2026-03-24,381.53362193174286,381.6434000325674,371.04635704379217,371.9344177246094,42733600,0.0,0.0,MSFT
2026-03-25,376.10542586510894,376.2451074667104,368.831172255135,370.2381286621094,31181200,0.0,0.0,MSFT
2026-03-26,370.01860155518807,373.9101668945663,364.4007640805619,365.1790771484375,36836600,0.0,0.0,MSFT
2026-03-27,361.11784971721505,361.6666793192034,355.73951450811694,355.9989318847656,37883400,0.0,0.0,MSFT
2026-03-30,361.1178525849577,364.5703662773937,355.51000344849933,358.1842041015625,44797000,0.0,0.0,MSFT
2026-03-31,363.7621155862403,372.09407550142714,362.28533367877645,369.3699951171875,45244400,0.0,0.0,MSFT
2026-04-01,372.682807332766,373.1817267376728,367.4042619540212,368.57171630859375,29417200,0.0,0.0,MSFT
2026-04-02,366.41637016886637,372.83249667260446,363.3629859357669,372.6528625488281,24099100,0.0,0.0,MSFT
2026-04-06,372.682794233078,372.92229624611906,368.70142726638517,372.0741271972656,16146600,0.0,0.0,MSFT
2026-04-07,369.5396147715723,371.64507045865594,365.7677853538718,371.48541259765625,21443300,0.0,0.0,MSFT
2026-04-08,384.148004001906,384.167949815935,370.6073237610428,373.52099609375,33064800,0.0,0.0,MSFT
2026-04-09,371.6949574789129,372.6927962909368,366.2567237727329,372.26373291015625,30435300,0.0,0.0,MSFT
2026-04-10,372.17393720824543,374.8281921461914,369.23030048358606,370.0684814453125,28111100,0.0,0.0,MSFT
2026-04-13,372.8025510733858,383.70895264062807,370.2181521550117,383.539306640625,35745800,0.0,0.0,MSFT
2026-04-14,387.0816509997633,393.83700889302276,385.684652281273,392.2604064941406,37504500,0.0,0.0,MSFT
2026-04-15,397.1398382929036,413.47445440771634,395.8725939925935,410.3312683105469,45063400,0.0,0.0,MSFT
2026-04-16,418.95258572248235,419.9105328997013,411.2492993874727,419.35174560546875,41642400,0.0,0.0,MSFT
2026-04-17,423.9018933176335,430.64726300981,419.78081413338697,421.87628173828125,48568200,0.0,0.0,MSFT
2026-04-20,420.2398034863272,422.4150847565369,415.40027922801784,417.1664733886719,27582200,0.0,0.0,MSFT
2026-04-21,419.33177508554746,426.25677891783357,416.2983670043314,423.2433166503906,32048500,0.0,0.0,MSFT
2026-04-22,425.2689090952171,432.7626880248645,422.7543663498755,431.984375,29378200,0.0,0.0,MSFT
2026-04-23,418.9825380949446,422.7443793162959,410.5208543154444,414.8514709472656,38308000,0.0,0.0,MSFT
2026-04-24,416.0688403922519,424.0316048781353,414.9013556123021,423.7023010253906,27457400,0.0,0.0,MSFT
2026-04-27,421.46715688013995,426.1869149113369,416.1686352924954,423.9018859863281,30867300,0.0,0.0,MSFT
2026-04-28,423.6524179624475,428.99086152362304,420.9881750222059,428.3222961425781,30438100,0.0,0.0,MSFT
2026-04-29,423.6623688360089,425.8975483734993,419.38166246548025,423.5426330566406,38288300,0.0,0.0,MSFT
2026-04-30,409.92216255995794,413.5243765293071,397.1498378648014,406.8987121582031,70909400,0.0,0.0,MSFT
2026-05-01,411.9078412872606,416.2085240460113,409.5529563541748,413.5443115234375,31372400,0.0,0.0,MSFT
2026-05-04,410.6505829404435,419.87060358807366,409.91216153093814,412.72607421875,28066500,0.0,0.0,MSFT
2026-05-05,414.42242364358015,415.8792597859335,407.916495085617,410.4909362792969,25700900,0.0,0.0,MSFT
2026-05-06,407.11822745622237,417.51572107575487,404.23445872829495,413.0653381347656,30285900,0.0,0.0,MSFT
2026-05-07,419.2020489501835,427.05506598481406,417.8549909144547,419.8606262207031,34942400,0.0,0.0,MSFT
2026-05-08,416.48795292910256,417.7252633012779,413.105264767488,414.22283935546875,33383800,0.0,0.0,MSFT
2026-05-11,406.9885016374445,411.79809190456297,404.6236285818644,411.7681579589844,35657900,0.0,0.0,MSFT
2026-05-12,413.58422243338293,414.6020070114768,405.76117016707224,406.8887023925781,38594200,0.0,0.0,MSFT
2026-05-13,402.3286237155428,405.4318878236479,400.1633000811369,404.3342590332031,29667100,0.0,0.0,MSFT
2026-05-14,403.6058516736889,410.94993067744383,400.013625877668,408.5451354980469,27077500,0.0,0.0,MSFT
2026-05-15,413.3746572242232,427.24464052002446,412.01761111071977,421.0081481933594,50771200,0.0,0.0,MSFT
2026-05-18,415.71960624154525,424.2012362508279,414.7117792841577,422.6246643066406,32564100,0.0,0.0,MSFT
2026-05-19,428.9708919761278,431.7648588737268,415.58987007798993,416.51788330078125,33018700,0.0,0.0,MSFT
2026-05-20,413.2749005432513,421.18775475321456,410.4110776678385,420.1499938964844,27864000,0.0,0.0,MSFT
2026-05-21,424.75,426.3399963378906,415.7099914550781,419.0899963378906,31393500,0.91,0.0,MSFT
2026-05-22,419.5400085449219,424.3999938964844,416.3299865722656,418.57000732421875,22390300,0.0,0.0,MSFT
2026-05-26,416.42999267578125,419.7699890136719,413.0199890136719,416.0299987792969,30398000,0.0,0.0,MSFT
2026-05-27,411.010009765625,415.94000244140625,409.5799865722656,412.6700134277344,28901500,0.0,0.0,MSFT
2026-05-28,412.9800109863281,429.489990234375,412.6700134277344,426.989990234375,47250500,0.0,0.0,MSFT
2026-05-29,432.54998779296875,450.3299865722656,432.3599853515625,450.239990234375,79654400,0.0,0.0,MSFT
2026-06-01,464.8399963378906,466.32000732421875,458.2699890136719,460.5199890136719,53628900,0.0,0.0,MSFT
2026-06-02,446.8800048828125,453.5,440.42999267578125,441.30999755859375,37036800,0.0,0.0,MSFT
2026-06-03,438.45001220703125,440.3900146484375,424.25,427.3399963378906,39037000,0.0,0.0,MSFT
2026-06-04,435.80999755859375,436.1499938964844,426.4100036621094,428.04998779296875,26899500,0.0,0.0,MSFT
2026-06-05,428.3399963378906,429.4700012207031,414.3999938964844,416.6700134277344,34782200,0.0,0.0,MSFT
2026-06-08,414.1400146484375,417.1600036621094,408.55999755859375,411.739990234375,32086700,0.0,0.0,MSFT
2026-06-09,409.0299987792969,411.9800109863281,398.4800109863281,403.4100036621094,35317300,0.0,0.0,MSFT
2026-06-10,398.54998779296875,405.0400085449219,397.1600036621094,397.3599853515625,32576000,0.0,0.0,MSFT
2026-06-11,395.2099914550781,396.8500061035156,384.0,390.3399963378906,47224100,0.0,0.0,MSFT
2026-06-12,391.42999267578125,391.739990234375,382.2699890136719,390.739990234375,34865800,0.0,0.0,MSFT
2026-06-15,396.79998779296875,401.75,392.8500061035156,399.760009765625,32266400,0.0,0.0,MSFT
2026-06-16,395.7900085449219,396.8399963378906,390.69000244140625,393.8299865722656,31506800,0.0,0.0,MSFT
2026-06-17,390.25,390.3699951171875,377.32000732421875,378.9100036621094,41987800,0.0,0.0,MSFT
2026-06-18,377.82000732421875,381.3699951171875,373.2799987792969,379.3999938964844,59714200,0.0,0.0,MSFT
2026-06-22,375.739990234375,381.6300048828125,367.07000732421875,367.3399963378906,45171100,0.0,0.0,MSFT
2026-06-23,372.3800048828125,377.2200012207031,370.6700134277344,373.94000244140625,40647600,0.0,0.0,MSFT
2026-06-24,371.57000732421875,378.8800048828125,364.7799987792969,365.4599914550781,44509900,0.0,0.0,MSFT
2026-06-25,362.7699890136719,364.2300109863281,349.20001220703125,352.8299865722656,66179000,0.0,0.0,MSFT
2026-06-26,357.1499938964844,376.6099853515625,355.42999267578125,372.9700012207031,186201600,0.0,0.0,MSFT
2026-06-29,377.5,380.5,359.8999938964844,368.57000732421875,51229900,0.0,0.0,MSFT
2026-06-30,371.0299987792969,374.1499938964844,367.45001220703125,373.0199890136719,44945700,0.0,0.0,MSFT
2026-07-01,380.8299865722656,388.8299865722656,374.8900146484375,384.2799987792969,48065800,0.0,0.0,MSFT
2026-07-02,384.4800109863281,392.20001220703125,383.70001220703125,390.489990234375,42128900,0.0,0.0,MSFT
2026-07-06,387.0400085449219,389.1499938964844,381.2200012207031,386.739990234375,34224500,0.0,0.0,MSFT
2026-07-07,392.489990234375,395.57000732421875,388.2200012207031,388.8399963378906,29297500,0.0,0.0,MSFT
2026-07-08,384.0299987792969,385.30999755859375,381.3299865722656,383.3399963378906,25908300,0.0,0.0,MSFT
2026-07-09,374.45001220703125,384.6499938964844,373.3500061035156,384.3599853515625,31083200,0.0,0.0,MSFT
2026-07-10,387.79998779296875,391.9100036621094,381.5,385.1000061035156,24644600,0.0,0.0,MSFT
2026-07-13,387.75,393.6499938964844,384.1499938964844,390.989990234375,28914900,0.0,0.0,MSFT
2026-07-14,382.82000732421875,388.19000244140625,378.6499938964844,384.92999267578125,27863900,0.0,0.0,MSFT
2026-07-15,387.79998779296875,398.9599914550781,386.3999938964844,395.6300048828125,36253700,0.0,0.0,MSFT
2026-07-16,398.30999755859375,405.989990234375,392.04998779296875,401.1000061035156,37047400,0.0,0.0,MSFT
2026-07-17,394.8599853515625,398.3900146484375,389.3900146484375,393.82000732421875,33049800,0.0,0.0,MSFT
2026-07-20,391.4100036621094,403.17999267578125,389.6499938964844,402.2900085449219,27915800,0.0,0.0,MSFT
2026-07-21,398.80499267578125,401.4700012207031,396.32000732421875,397.75,23964731,0.0,0.0,MSFT
2024-07-22,180.96203358179892,182.89718796304905,180.51544668081038,181.9544219970703,16303900,0.0,0.0,GOOG
2024-07-23,182.44064761352078,183.81014820939436,181.93453507022267,182.20248413085938,23772600,0.0,0.0,GOOG
2024-07-24,174.05498015563583,176.59549173446084,172.24884135676385,173.04273986816406,31250700,0.0,0.0,GOOG
2024-07-25,172.92367446263643,173.86644039100563,167.7632579376176,167.87242126464844,28967900,0.0,0.0,GOOG
2024-07-26,167.48536832056084,168.54721586835882,164.60248168072974,167.3960418701172,25150100,0.0,0.0,GOOG
2024-07-29,169.20222879248618,170.8495972349061,168.4281670217387,169.8274383544922,13768900,0.0,0.0,GOOG
2024-07-30,170.5220941845532,171.63356430516149,168.82510342152582,170.55186462402344,13681400,0.0,0.0,GOOG
2024-07-31,173.588562813264,174.57103269969517,170.41292322335454,171.83203125,15650200,0.0,0.0,GOOG
2024-08-01,170.67093590587697,174.3427695940567,169.2121238908002,171.13735961914062,17177800,0.0,0.0,GOOG
2024-08-02,166.90978626358353,168.91441481744445,165.12348434146207,167.11817932128906,18907800,0.0,0.0,GOOG
2024-08-05,156.17213769389954,164.6769124629333,155.40800962630695,159.41725158691406,34907800,0.0,0.0,GOOG
2024-08-06,159.71995490631787,161.114259367224,156.92637919696486,159.31802368164062,36146500,0.0,0.0,GOOG
2024-08-07,161.99748068038102,163.53567051802347,159.0203156124621,159.52642822265625,19334200,0.0,0.0,GOOG
2024-08-08,161.1082955492952,164.24027913414565,160.79669019708157,162.59291076660156,15733600,0.0,0.0,GOOG
2024-08-09,160.41462901894477,164.26013411355729,159.7050597963025,164.13111877441406,13549200,0.0,0.0,GOOG
2024-08-12,164.73148911780203,165.43112467837074,162.30510762638957,162.70205688476562,12435000,0.0,0.0,GOOG
2024-08-13,163.92765251968973,165.27233437380846,163.51581805401403,164.66697692871094,12717600,0.0,0.0,GOOG
2024-08-14,162.96010648950516,163.70439779253212,158.3157208844414,160.79669189453125,22515900,0.0,0.0,GOOG
2024-08-15,160.97532467484004,162.27535102087091,160.26080383474527,161.92800903320312,18392500,0.0,0.0,GOOG
2024-08-16,162.16619035053037,165.67923858633876,161.838700364902,163.48606872558594,16853100,0.0,0.0,GOOG
2024-08-19,165.7288417944409,167.18765376895314,164.82576483066794,167.11817932128906,13100800,0.0,0.0,GOOG
2024-08-20,167.45562353659287,169.1129103422226,167.37623064772708,167.6739501953125,12622500,0.0,0.0,GOOG
2024-08-21,165.71895219988247,167.356387080216,165.30215086930022,166.3540802001953,15269600,0.0,0.0,GOOG
2024-08-22,167.7533286480312,168.13044108607062,163.77385661123697,164.23036193847656,19123800,0.0,0.0,GOOG
2024-08-23,165.28228713893688,166.67162480901536,164.39906208953454,166.15557861328125,14281600,0.0,0.0,GOOG
2024-08-26,166.8750573458864,168.0907390993711,165.05403325193555,166.65176391601562,11990300,0.0,0.0,GOOG
2024-08-27,166.3342199147958,166.9643810958716,164.89525976691422,165.11358642578125,13718200,0.0,0.0,GOOG
2024-08-28,165.51053866216952,166.11589620109805,162.03717920925232,163.24789428710938,15208700,0.0,0.0,GOOG
2024-08-29,164.7960066398147,166.35406361458502,160.74904404943624,162.15625,17133800,0.0,0.0,GOOG
2024-08-30,162.97001594158164,164.02194516906894,162.16618380143169,163.85324096679688,18498800,0.0,0.0,GOOG
2024-09-03,162.07191447337993,162.136422142404,156.6534671297475,157.40272521972656,26533100,0.0,0.0,GOOG
2024-09-04,156.87176217534042,159.17906171900236,156.2416011177278,156.60877990722656,17410700,0.0,0.0,GOOG
2024-09-05,156.57901088690292,159.7893873586122,156.32099540311944,157.3927764892578,14139500,0.0,0.0,GOOG
2024-09-06,157.48212702733662,158.0080916993479,150.77853813919512,150.97206115722656,24999100,0.0,0.0,GOOG
2024-09-09,152.66133000352892,153.66495624716177,147.26555960142852,148.59710693359375,28057700,0.2,0.0,GOOG
2024-09-10,150.49508625851115,151.33973296994398,148.60011243065165,149.0641632080078,20401800,0.0,0.0,GOOG
2024-09-11,150.13732934919085,151.51856438272753,147.7623996105896,151.19064331054688,18991500,0.0,0.0,GOOG
2024-09-12,153.8338722598281,154.62883104293255,152.53213464425113,154.55926513671875,20980800,0.0,0.0,GOOG
2024-09-13,155.37607972822212,158.2707066144771,155.1256697723983,157.3714141845703,16733900,0.0,0.0,GOOG
2024-09-16,157.33169139611283,158.23595725653453,156.61622996397466,157.98753356933594,14157600,0.0,0.0,GOOG
2024-09-17,159.0805742509693,160.57111623881977,158.4048691611808,159.26937866210938,12064800,0.0,0.0,GOOG
2024-09-18,159.83580730660975,160.6108880020177,158.65330812288826,159.79605102539062,16756500,0.0,0.0,GOOG
2024-09-19,163.7807786862612,163.94970497705023,161.49726398871067,162.2107391357422,17548200,0.0,0.0,GOOG
2024-09-20,163.48264443124424,163.7111899501448,162.15108210627048,163.6018829345703,46362700,0.0,0.0,GOOG
2024-09-23,164.2974852324615,165.55948180208398,161.92255540227154,162.04180908203125,15648400,0.0,0.0,GOOG
2024-09-24,163.2143697623092,163.51248123274706,161.00836610867987,162.60821533203125,18774100,0.0,0.0,GOOG
2024-09-25,161.9424173938191,163.18154867152523,161.74863966014456,161.96229553222656,13607900,0.0,0.0,GOOG
2024-09-26,163.9894583643355,164.4564961525182,162.46910647091678,162.79702758789062,18234500,0.0,0.0,GOOG
2024-09-27,162.87652938643828,165.91723325526468,162.79703197752107,164.24781799316406,13604300,0.0,0.0,GOOG
2024-09-30,163.74099558866268,166.3047294857802,163.60187895064433,166.13580322265625,14070100,0.0,0.0,GOOG
2024-10-01,167.79527554783303,169.36531488011792,164.85393277641572,167.35804748535156,18629500,0.0,0.0,GOOG
2024-10-02,166.70219492254574,167.81514314694323,165.2017215865128,166.25503540039062,12745000,0.0,0.0,GOOG
2024-10-03,164.77445049834296,166.85126863191192,164.32727578566707,166.1556854248047,11004300,0.0,0.0,GOOG
2024-10-04,168.27225778126535,168.48094034094336,165.90727469285602,167.49717712402344,11422100,0.0,0.0,GOOG
2024-10-07,168.0735196367093,168.82872214427357,163.09511468718185,163.3534698486328,14034700,0.0,0.0,GOOG
2024-10-08,164.38691058188274,165.05269938868935,163.27397734527142,164.65521240234375,11723900,0.0,0.0,GOOG
2024-10-09,163.81550972002356,165.21164934060818,160.10405999361936,162.03182983398438,19666400,0.0,0.0,GOOG
2024-10-10,161.0878622523504,163.2749884777283,160.62082449025056,162.15110778808594,12900500,0.0,0.0,GOOG
2024-10-11,162.3001516778424,164.227921756614,161.47538328524539,163.48265075683594,10946000,0.0,0.0,GOOG
2024-10-14,163.87020929740152,166.56311365175304,163.7410241243794,165.30113220214844,9981800,0.0,0.0,GOOG
2024-10-15,166.08610261861452,168.02380391354342,165.00297922331774,165.8476104736328,14829300,0.0,0.0,GOOG
2024-10-16,164.98314495354106,166.22526344241766,164.17428200300867,165.6886749267578,9968500,0.0,0.0,GOOG
2024-10-17,166.32461599312074,166.8711359226098,163.33358538134826,163.4727020263672,15113400,0.0,0.0,GOOG
2024-10-18,163.8304501788312,165.3209923183732,163.71121165969305,164.0093231201172,13091300,0.0,0.0,GOOG
2024-10-21,163.54229923170922,165.17195816923328,163.26902405208347,164.75460815429688,11384000,0.0,0.0,GOOG
2024-10-22,163.6615148739223,166.41405345217532,163.6317052457798,165.76815795898438,11958600,0.0,0.0,GOOG
2024-10-23,165.38058782310145,166.54322386801542,162.60122689067086,163.44288635253906,12754300,0.0,0.0,GOOG
2024-10-24,163.55221874756216,164.00932501383429,161.743702148577,163.4925994873047,12764400,0.0,0.0,GOOG
2024-10-25,164.32231897011687,166.34447603118087,164.18816049018363,165.93707275390625,14566400,0.0,0.0,GOOG
2024-10-28,169.51437755878808,169.53028310313923,164.7446399008579,167.278564453125,20858300,0.0,0.0,GOOG
2024-10-29,168.31697400737147,170.77637449444777,167.5965544358344,170.0609130859375,28916100,0.0,0.0,GOOG
2024-10-30,181.25985860515516,182.63114701645532,174.6368747654501,175.02938842773438,49698300,0.0,0.0,GOOG
2024-10-31,173.61834966228074,177.29501724138538,171.47196534188345,171.6011505126953,32801900,0.0,0.0,GOOG
2024-11-01,170.4583995313199,172.72403762769548,169.23615917133026,171.5614013671875,21752900,0.0,0.0,GOOG
2024-11-04,170.1602873152299,170.8359924388659,168.41634825006253,169.6038055419922,16194000,0.0,0.0,GOOG
2024-11-05,169.7528636413451,171.0118731000074,169.29575741798732,170.32920837402344,12518300,0.0,0.0,GOOG
2024-11-06,174.24437563780998,177.51362460297045,173.93631753730043,177.20558166503906,27061500,0.0,0.0,GOOG
2024-11-07,177.98065076502607,181.42877244059756,177.76203672730395,181.1306610107422,16730400,0.0,0.0,GOOG
2024-11-08,180.85242759053065,181.20022678554332,178.43775685183698,178.72592163085938,15021500,0.0,0.0,GOOG
2024-11-11,178.93461790765363,180.93691218879795,178.85512050947833,180.8226318359375,12503400,0.0,0.0,GOOG
2024-11-12,180.2363382530564,182.86464965293638,179.8487979508242,182.1641082763672,14065800,0.0,0.0,GOOG
2024-11-13,181.00149628186634,181.46357587345435,178.98429711186853,179.3519744873047,13969700,0.0,0.0,GOOG
2024-11-14,178.61659609423194,179.30722108734744,174.9200511400824,176.2317352294922,17925800,0.0,0.0,GOOG
2024-11-15,174.53252949799358,174.77102167495158,171.65577921140778,172.79356384277344,21708900,0.0,0.0,GOOG
2024-11-18,173.85185850124924,175.7945334642115,173.32022819637518,175.6852264404297,18662800,0.0,0.0,GOOG
2024-11-19,174.1300733737963,179.03395378572512,174.01182044159475,178.4476776123047,15392900,0.0,0.0,GOOG
2024-11-20,177.70242559978072,177.98065890368147,174.22449413844342,176.21188354492188,15729800,0.0,0.0,GOOG
2024-11-21,174.34869047251175,174.4729022993712,164.26765435907714,168.17288208007812,38839400,0.0,0.0,GOOG
2024-11-22,166.10602114746408,167.20404962117405,164.66516676560292,165.51974487304688,24497000,0.0,0.0,GOOG
2024-11-25,166.9307715023666,169.38519852719662,166.34448012902007,168.36167907714844,21395700,0.0,0.0,GOOG
2024-11-26,168.42130956453894,170.41365700212847,168.36167514972576,169.54417419433594,14937500,0.0,0.0,GOOG
2024-11-27,169.60380336720524,170.06090959871608,168.60017718317584,169.74293518066406,12433400,0.0,0.0,GOOG
2024-11-29,168.98771195531307,169.79260220629044,167.68597437286056,169.41500854492188,9250700,0.0,0.0,GOOG
2024-12-02,169.24611127015507,172.5054291100734,169.19642349597865,171.8893280029297,16593400,0.0,0.0,GOOG
2024-12-03,172.02842226247745,173.2208680370488,171.42226788668225,171.92906188964844,15721500,0.0,0.0,GOOG
2024-12-04,171.69056362476053,175.31754310005746,171.66075399770924,174.9796905517578,18239800,0.0,0.0,GOOG
2024-12-05,176.2019374960595,176.58947779179547,172.9127955635688,173.21090698242188,16145500,0.0,0.0,GOOG
2024-12-06,172.78363824893,175.72398048464535,172.45571718039272,175.37718200683594,13319500,0.0,0.0,GOOG
2024-12-09,174.8051452045689,177.1181033334023,174.49177384380053,176.1829833984375,19887800,0.2,0.0,GOOG
2024-12-10,183.5794829006666,187.0563809613101,181.7241343909125,185.56414794921875,34317400,0.0,0.0,GOOG
2024-12-11,185.7332735963159,195.87051270897385,185.29554946579324,195.6914520263672,41664500,0.0,0.0,GOOG
2024-12-12,195.283568643625,195.68647035370063,192.2792018454764,192.6273956298828,25197800,0.0,0.0,GOOG
2024-12-13,191.71216852447748,193.33371818254952,190.26966437361793,190.38905334472656,18883200,0.0,0.0,GOOG
2024-12-16,193.358593781121,199.60109609130157,193.10490930009604,197.13394165039062,32248600,0.0,0.0,GOOG
2024-12-17,197.50200683673464,201.82948852957173,195.6715380333291,196.09930419921875,24129500,0.0,0.0,GOOG
2024-12-18,195.8108402043908,197.6612099595373,188.29993014313223,189.16542053222656,27638400,0.0,0.0,GOOG
2024-12-19,192.2792077384488,193.59238015211147,188.53868223430246,188.71774291992188,26981200,0.0,0.0,GOOG
2024-12-20,186.0416581188474,193.12976492079878,185.40497264137207,191.9608612060547,45319700,0.0,0.0,GOOG
2024-12-23,193.0253161040352,195.47258496219968,190.63774931832597,194.9751739501953,15235900,0.0,0.0,GOOG
2024-12-24,195.15425226177604,196.64648543262288,194.18728504562904,196.54701232910156,6809800,0.0,0.0,GOOG
2024-12-26,195.72130070130024,197.13394622767794,194.8557951729105,196.07943725585938,7907900,0.0,0.0,GOOG
2024-12-27,195.45268852597223,195.7809816226149,190.9779778716318,193.03526306152344,14693000,0.0,0.0,GOOG
2024-12-30,189.87671356058155,192.7766131193924,189.37432357435688,191.6922607421875,12209500,0.0,0.0,GOOG
2024-12-31,191.44855699506087,192.24938154391637,188.5983860549278,189.4539337158203,14355200,0.0,0.0,GOOG
2025-01-02,190.4935129925602,192.1996292739025,187.73288769977347,189.6429443359375,17545200,0.0,0.0,GOOG
2025-01-03,191.72708790343754,193.49289099095455,190.35920756866858,192.12998962402344,12875000,0.0,0.0,GOOG
2025-01-06,194.13951955134468,198.52668849297285,194.0499892088086,196.9349822998047,19483300,0.0,0.0,GOOG
2025-01-07,197.24337199474405,201.09332846858513,194.9254347979525,195.6914520263672,16966800,0.0,0.0,GOOG
2025-01-08,192.94573445227036,196.6166302624817,192.74677307730784,194.37828063964844,14335300,0.0,0.0,GOOG
2025-01-10,194.40811884964256,196.59672427483025,190.60790659696045,192.16976928710938,20753800,0.0,0.0,GOOG
2025-01-13,190.3592067990712,191.49330333757615,187.6831330352865,191.29432678222656,13169100,0.0,0.0,GOOG
2025-01-14,191.50324947109388,192.26926671931673,188.65805772890357,190.06076049804688,13651200,0.0,0.0,GOOG
2025-01-15,193.34366564133316,196.77579857406522,192.3289429306872,195.9600372314453,12894900,0.0,0.0,GOOG
2025-01-16,194.81101729674714,195.96003550523864,193.29391980166088,193.40335083007812,13449600,0.0,0.0,GOOG
2025-01-17,197.02451063588327,197.7805699314551,194.29869274589717,196.527099609375,22109100,0.0,0.0,GOOG
2025-01-21,199.4717618084452,202.78452102376292,198.40731011895576,198.59632873535156,19005200,0.0,0.0,GOOG
2025-01-22,199.51155913723645,201.0734218150751,198.16854333839012,198.99424743652344,15477400,0.0,0.0,GOOG
2025-01-23,198.94452311750496,200.89438114994874,195.80089675793687,198.54660034179688,15170800,0.0,0.0,GOOG
2025-01-24,198.81518029191835,201.52109731254743,198.74951256855533,200.85455322265625,12732400,0.0,0.0,GOOG
2025-01-27,193.18450130666076,197.64129995540554,191.70221094916442,192.7666778564453,24970200,0.0,0.0,GOOG
2025-01-28,193.64209324455172,196.20873578657972,191.61266307492292,196.04957580566406,15939200,0.0,0.0,GOOG
2025-01-29,196.34801519263476,197.43238271981605,194.17931049783053,196.15899658203125,12287800,0.0,0.0,GOOG
2025-01-30,198.72564570444456,202.18564878993757,198.43914254242208,201.58079528808594,14571500,0.0,0.0,GOOG
2025-01-31,202.66018152477574,206.00776337361216,202.5258860052901,204.53543090820312,17060300,0.0,0.0,GOOG
2025-02-03,201.16794160209164,204.15738678532384,200.61582263854754,201.5907440185547,16719500,0.0,0.0,GOOG
2025-02-04,203.44110556464975,207.61935506351793,203.20234281222488,206.63449096679688,28285400,0.0,0.0,GOOG
2025-02-05,192.10014141176407,193.54263032942174,188.9266566850494,192.29910278320312,43666400,0.0,0.0,GOOG
2025-02-06,190.00105713400717,192.82634793947418,189.5036461395329,192.3090362548828,20816600,0.0,0.0,GOOG
2025-02-07,191.7420150229491,192.01558502568938,184.14157486525048,186.17100524902344,29565700,0.0,0.0,GOOG
2025-02-10,188.08105722685843,189.00624964102389,186.6385682682061,187.2255096435547,16606000,0.0,0.0,GOOG
2025-02-11,185.8675803518812,187.82240199450504,185.11648486292324,186.1013641357422,13028100,0.0,0.0,GOOG
2025-02-12,184.27087201299886,185.86259326075307,182.6791659450235,184.46983337402344,17632300,0.0,0.0,GOOG
2025-02-13,184.96726554958548,187.0166118241956,183.92271448963606,186.9071807861328,12729300,0.0,0.0,GOOG
2025-02-14,185.86261857944308,187.17577588491002,185.146345438359,185.90240478515625,12714200,0.0,0.0,GOOG
2025-02-18,186.46944392506552,186.8076797724687,182.62943027809777,184.8379364013672,19796000,0.0,0.0,GOOG
2025-02-19,185.22095756944762,186.38987661903494,184.5395068328192,186.16107177734375,13120500,0.0,0.0,GOOG
2025-02-20,185.5343247540252,186.15110960881435,183.64416880431477,185.67359924316406,12063800,0.0,0.0,GOOG
2025-02-21,186.32021104897444,186.4992869075997,180.1921188897077,180.63978576660156,19520800,0.0,0.0,GOOG
2025-02-24,182.84828656326837,184.13160026365543,179.9434081459966,180.25180053710938,18734000,0.0,0.0,GOOG
2025-02-25,179.22216694157265,179.82403003732153,175.85469973438364,176.4515838623047,20832500,0.0,0.0,GOOG
2025-02-26,176.02878053946148,177.15789800922562,172.6911419050031,173.79539489746094,23637200,0.0,0.0,GOOG
2025-02-27,175.0289848591496,175.67561308631582,168.8730228102201,169.3286590576172,25930500,0.0,0.0,GOOG
2025-02-28,169.41819064055986,171.6067960175819,167.51807696614574,171.3282470703125,30049800,0.0,0.0,GOOG
2025-03-03,172.83042177439185,174.09384996447216,166.77195943877518,167.78668212890625,24122000,0.0,0.0,GOOG
2025-03-04,167.07041521167136,174.25799531635866,166.67247728926768,171.7162322998047,30711400,0.0,0.0,GOOG
2025-03-05,171.4277501758378,174.8399826650256,170.04493289539997,174.08392333984375,18848000,0.0,0.0,GOOG
2025-03-06,171.65654466452523,175.8148934721599,171.61475473144714,173.30795288085938,19082400,0.0,0.0,GOOG
2025-03-07,172.34498670787298,175.9840357612188,171.35811874367943,174.83999633789062,16395300,0.0,0.0,GOOG
2025-03-10,169.47177260480427,169.7605929808429,164.89535637752135,167.1312713623047,28990700,0.2,0.0,GOOG
2025-03-11,166.00583577190864,167.9728537301256,162.5797620234785,165.3086700439453,23705900,0.0,0.0,GOOG
2025-03-12,167.78861212422908,168.84432244608345,164.8106999243913,168.31646728515625,19880100,0.0,0.0,GOOG
2025-03-13,167.30057559363973,167.44000873488667,163.40640172128795,164.063720703125,15206200,0.0,0.0,GOOG
2025-03-14,164.64636206004445,167.56948859750952,163.84461009622345,166.94203186035156,18611100,0.0,0.0,GOOG
2025-03-17,166.64825260405573,167.77867183357736,165.13938061489787,165.8963165283203,17839100,0.0,0.0,GOOG
2025-03-18,165.28877161215254,165.76682596846985,158.15772701000932,162.01206970214844,24616800,0.0,0.0,GOOG
2025-03-19,163.25201254718093,167.45295447296462,162.3905209059076,165.60745239257812,24955700,0.0,0.0,GOOG
2025-03-20,163.16240995752295,166.35444922146,162.48018285813538,164.38246154785156,19981500,0.0,0.0,GOOG
2025-03-21,162.71918871380333,165.79668707470026,162.37059826511413,165.57757568359375,29882100,0.0,0.0,GOOG
2025-03-24,168.58038739665923,169.81039290328442,166.76277186100938,169.24269104003906,18742800,0.0,0.0,GOOG
2025-03-25,170.48763669935926,172.210650469325,169.86019513644072,172.09112548828125,13841600,0.0,0.0,GOOG
2025-03-26,170.6071518378054,171.24456264399703,166.18609553083533,166.46397399902344,22498000,0.0,0.0,GOOG
2025-03-27,166.0357341858343,166.76277738476176,163.18730108651417,163.41636657714844,21571200,0.0,0.0,GOOG
2025-03-28,161.70330888470545,163.147441081811,154.7107103643924,155.4287872314453,34866500,0.0,0.0,GOOG
2025-03-31,154.1838591136328,156.49448302721146,151.5943840899133,155.59811401367188,33591600,0.0,0.0,GOOG
2025-04-01,154.6718741426035,159.4325396613724,154.62705797398158,158.23739624023438,20111400,0.0,0.0,GOOG
2025-04-02,156.32517424283495,159.62675379666416,155.89690549651638,158.2174835205078,17113300,0.0,0.0,GOOG
2025-04-03,152.21683745841872,154.06133649183442,151.5644727449145,152.01266479492188,28416100,0.0,0.0,GOOG
2025-04-04,149.29370816580848,152.47080831875712,146.94325281731616,147.1424560546875,39832200,0.0,0.0,GOOG
2025-04-07,142.81003813516674,154.30335627650962,142.08299497921362,148.63638305664062,47823000,0.0,0.0,GOOG
2025-04-08,152.95385562909811,153.8153625667436,144.62269799229472,145.98715209960938,35304400,0.0,0.0,GOOG
2025-04-09,145.73816486569785,161.2153060890066,145.22026376925504,160.40858459472656,46479500,0.0,0.0,GOOG
2025-04-10,158.11786516138866,159.38273270520003,151.5844005272355,154.7415771484375,35270500,0.0,0.0,GOOG
2025-04-11,154.95572257857876,159.21342569689412,154.95572257857876,158.75527954101562,22582000,0.0,0.0,GOOG
2025-04-14,161.65350862742855,163.3665530261246,159.2731759753095,160.81690979003906,18255900,0.0,0.0,GOOG
2025-04-15,160.91653392939605,161.39458830381662,157.00740563751106,158.0382080078125,15690800,0.0,0.0,GOOG
2025-04-16,154.84118578647085,157.5402163845334,153.28749780872553,154.87106323242188,16921500,0.0,0.0,GOOG
2025-04-17,155.97657051648838,156.434716671676,150.28965868848178,152.73971557617188,19513400,0.0,0.0,GOOG
2025-04-21,150.354417557287,150.44903454501627,147.79978928274667,149.25389099121094,16147800,0.0,0.0,GOOG
2025-04-22,150.45898650437022,153.98466186176083,150.25978327077377,153.27752685546875,15910300,0.0,0.0,GOOG
2025-04-23,157.27132624917084,159.37279282304678,155.71763820347564,157.08209228515625,18575700,0.0,0.0,GOOG
2025-04-24,157.88381402234566,161.05594454232423,157.45057588145013,160.81690979003906,30787500,0.0,0.0,GOOG
2025-04-25,166.4241567505421,167.55954532138895,162.34073344996503,163.1873016357422,35148100,0.0,0.0,GOOG
2025-04-28,163.59563109967962,164.28284276799292,159.73133442106317,161.76307678222656,20871200,0.0,0.0,GOOG
2025-04-29,161.38958703408312,162.02201322671587,158.74532672732573,161.40452575683594,15955200,0.0,0.0,GOOG
2025-04-30,159.21342500394488,160.72129376483562,156.51936392224943,160.2392578125,20639500,0.0,0.0,GOOG
2025-05-01,161.8626795159106,163.27693439217705,160.27909884439842,162.13157653808594,21904300,0.0,0.0,GOOG
2025-05-02,164.28782092891186,166.02575819757342,162.9980605401917,165.1393585205078,16844900,0.0,0.0,GOOG
2025-05-05,163.84959235508165,166.42414359888113,163.8047761883749,165.37838745117188,15309300,0.0,0.0,GOOG
2025-05-06,163.29685485815608,166.0656096677416,162.47021004852107,164.53182983398438,10691900,0.0,0.0,GOOG
2025-05-07,165.39832428714405,166.31460145207316,148.88538156064425,152.18199157714844,78729800,0.0,0.0,GOOG
2025-05-08,155.28936674953536,156.77334579137747,153.47673579360423,155.12005615234375,38387500,0.0,0.0,GOOG
2025-05-09,154.92086597342728,155.79729639404246,153.20782146453058,153.75559997558594,22871000,0.0,0.0,GOOG
2025-05-12,158.4565159583647,159.79109259540746,157.2514031940014,158.9345703125,31884900,0.0,0.0,GOOG
2025-05-13,159.27317989421834,161.40452376405077,156.94264799111681,160.2392578125,24944300,0.0,0.0,GOOG
2025-05-14,160.65757509274073,167.65914085977582,160.2791071495255,166.1353302001953,31769200,0.0,0.0,GOOG
2025-05-15,166.46398594371732,166.8324845808578,163.1773300646456,164.73101806640625,22717600,0.0,0.0,GOOG
2025-05-16,168.24672534220952,169.95976971274536,166.2747380587591,166.75279235839844,36271400,0.0,0.0,GOOG
2025-05-19,165.04475721501143,167.27071830038446,164.74596753432272,167.1910400390625,21374700,0.0,0.0,GOOG
2025-05-20,167.0814703082653,168.9937028282985,163.59562645259507,164.65135192871094,33563300,0.0,0.0,GOOG
2025-05-21,164.28285909527938,173.8241147488791,164.22310419593487,169.3721923828125,45567600,0.0,0.0,GOOG
2025-05-22,172.64886244595763,177.40952770515509,171.18480689584123,171.28439331054688,45024100,0.0,0.0,GOOG
2025-05-23,169.5912949526665,170.51255679496953,168.5754161256522,168.90408325195312,24963600,0.0,0.0,GOOG
2025-05-27,170.60715313028052,173.5850498768435,170.51752079679463,173.27630615234375,24341300,0.0,0.0,GOOG
2025-05-28,173.27630553994464,175.76619388623624,172.31521228557347,172.67874145507812,25999200,0.0,0.0,GOOG
2025-05-29,174.29219459507527,174.6905706753204,171.08521699876005,172.2604522705078,21174700,0.0,0.0,GOOG
2025-05-30,171.71267136464456,172.73850419417116,167.84337497253614,172.15089416503906,36258300,0.0,0.0,GOOG
2025-06-02,168.3264234555339,170.37012596378605,167.9678788892252,169.68092346191406,24742900,0.0,0.0,GOOG
2025-06-03,168.18200445138862,169.1132202654776,166.0058292615901,167.03167724609375,25386700,0.0,0.0,GOOG
2025-06-04,167.59936869055824,168.8941137128479,167.11632972752577,168.7048797607422,18508700,0.0,0.0,GOOG
2025-06-05,170.92586104829266,171.66287351594346,168.6650532300248,169.12318420410156,25375400,0.0,0.0,GOOG
2025-06-06,171.60314104448628,175.11886285343238,171.60314104448628,174.21253967285156,22258100,0.0,0.0,GOOG
2025-06-09,175.36920837444498,177.40838344678272,175.15981486637153,177.12420654296875,18817600,0.21,0.0,GOOG
2025-06-10,177.25381300637264,181.92548498841072,175.97248367921213,179.49740600585938,32908000,0.0,0.0,GOOG
2025-06-11,180.71395372243103,181.23247731258908,177.49315522223304,178.28089904785156,18994400,0.0,0.0,GOOG
2025-06-12,176.97462201103352,177.62278026732977,175.60852795053205,176.46607971191406,17345900,0.0,0.0,GOOG
2025-06-13,173.08575730765713,177.83519582519614,173.0757912587669,175.37921142578125,20873200,0.0,0.0,GOOG
2025-06-16,175.40412517766475,177.73745858726056,175.31937572808113,177.43333435058594,18132500,0.0,0.0,GOOG
2025-06-17,176.4960009711626,178.20611393906023,175.4390217048858,176.725341796875,17656100,0.0,0.0,GOOG
2025-06-18,176.77519493381817,177.31765222631788,172.34783537554478,173.48458862304688,32531800,0.0,0.0,GOOG
2025-06-20,174.3670730180205,174.86564925551943,165.7965462781869,167.25238037109375,55402600,0.0,0.0,GOOG
2025-06-23,166.84359050577245,168.0002760286221,162.86494591172044,165.5373077392578,36975600,0.0,0.0,GOOG
2025-06-24,167.2075235754851,168.76806975687913,166.4347364323062,167.2623748779297,27310300,0.0,0.0,GOOG
2025-06-25,168.16976896218105,172.86636409735513,168.0810330981547,171.00169372558594,23627400,0.0,0.0,GOOG
2025-06-26,172.89129646036014,174.15269387897735,170.37349225498832,173.93331909179688,25909100,0.0,0.0,GOOG
2025-06-27,174.13277039447223,178.3307744883378,172.21823915148727,177.7624053955078,74053100,0.0,0.0,GOOG
2025-06-30,180.27022481423467,181.0629592542579,175.00027001149462,176.8848876953125,43964600,0.0,0.0,GOOG
2025-07-01,176.30155328362758,176.7153801218203,174.16267197058608,176.40626525878906,25778500,0.0,0.0,GOOG
2025-07-02,176.04229660403004,179.42264316852956,175.58859036409876,179.24813842773438,19325900,0.0,0.0,GOOG
2025-07-03,179.30797160007916,180.2552634412392,177.6826081403371,180.035888671875,13287400,0.0,0.0,GOOG
2025-07-07,179.62207773822146,179.82649584662397,176.1370342776054,177.05441284179688,20991400,0.0,0.0,GOOG
2025-07-08,178.27092688927698,178.28089293698707,173.42476501767194,174.66123962402344,24108600,0.0,0.0,GOOG
2025-07-09,175.60855462924354,179.76667937353494,173.38490846954042,177.15414428710938,31288000,0.0,0.0,GOOG
2025-07-10,176.16694359935292,179.07862729251107,175.23959900796677,178.191162109375,24693700,0.0,0.0,GOOG
2025-07-11,177.4034040338624,182.0900177172081,177.0354514767008,180.79371643066406,23975700,0.0,0.0,GOOG
2025-07-14,181.55156086612874,184.20397492161146,180.19642187035925,182.28944396972656,20990400,0.0,0.0,GOOG
2025-07-15,183.41624831579,184.88206382814374,181.87065877105786,182.57864379882812,23911600,0.0,0.0,GOOG
2025-07-16,183.7951562789434,184.8072654587967,182.55868170023993,183.24671936035156,21152600,0.0,0.0,GOOG
2025-07-17,182.59359400026932,184.65968506880088,180.98318716041035,184.174072265625,21654400,0.0,0.0,GOOG
2025-07-18,186.0885941142983,186.82649243957306,184.2039765036521,185.41053771972656,21033400,0.0,0.0,GOOG
2025-07-21,186.5672421082785,190.7153850173733,186.51738143933608,190.60569763183594,24665000,0.0,0.0,GOOG
2025-07-22,191.87208787210568,192.80941368415117,187.95826115133036,191.56297302246094,26212900,0.0,0.0,GOOG
2025-07-23,191.8122616415566,192.80941417343925,189.6384612100756,190.9646759033203,34068100,0.0,0.0,GOOG
2025-07-24,197.54589455449943,198.40344636594713,191.40343112437813,192.64987182617188,45252100,0.0,0.0,GOOG
2025-07-25,192.38063967306033,194.71896368694811,191.5829297825064,193.52737426757812,31101800,0.0,0.0,GOOG
2025-07-28,193.85641861722297,194.2652547885067,191.3086861013837,192.86923217773438,25553500,0.0,0.0,GOOG
2025-07-29,192.74958939416115,196.10002254359046,192.44047454062365,195.87066650390625,31891600,0.0,0.0,GOOG
2025-07-30,195.74105428582791,197.91483960451836,195.00315589990151,196.8778076171875,21150500,0.0,0.0,GOOG
2025-07-31,196.0401927171234,196.26953353783088,191.53305903886246,192.3108367919922,27852000,0.0,0.0,GOOG
2025-08-01,189.23958930418488,191.0723529371657,188.16266284053663,189.4091033935547,21236700,0.0,0.0,GOOG
2025-08-04,190.63064182040998,195.52167386173045,190.37636305120955,195.19261169433594,23386000,0.0,0.0,GOOG
2025-08-05,194.98818991202364,198.13420493112548,194.12067207868012,194.7638397216797,19010200,0.0,0.0,GOOG
2025-08-06,194.6940404711256,196.81798032699237,193.91326525690266,196.35928344726562,15383700,0.0,0.0,GOOG
2025-08-07,197.14702995233705,197.8051390469662,194.6641147185485,196.71824645996094,14660600,0.0,0.0,GOOG
2025-08-08,197.416259260937,202.85073766140218,197.33648523042044,201.51455688476562,24379900,0.0,0.0,GOOG
2025-08-11,200.98107907047685,201.58436733075487,199.23108665544845,201.05587768554688,16690200,0.0,0.0,GOOG
2025-08-12,201.51955180494028,204.54591353591007,200.82652345870838,203.57867431640625,19854000,0.0,0.0,GOOG
2025-08-13,204.39631813928864,204.845033727696,198.07437484974005,202.45187377929688,19573000,0.0,0.0,GOOG
2025-08-14,201.98323250057985,204.83508960561036,201.74890102600187,203.23965454101562,17777100,0.0,0.0,GOOG
2025-08-15,204.13707666196314,206.73964549503341,201.50958510061872,204.3265380859375,21111400,0.0,0.0,GOOG
2025-08-18,204.48607543767912,205.55302072657867,202.83079859585285,203.70828247070312,13000200,0.0,0.0,GOOG
2025-08-19,203.32438576853093,203.70828401573087,200.35785090044922,201.91342163085938,13476600,0.0,0.0,GOOG
2025-08-20,201.10571211053593,201.59432232086678,196.89774249140027,199.61996459960938,13971700,0.0,0.0,GOOG
2025-08-21,200.14845791183663,202.78093999390543,199.82936179748154,200.04873657226562,11768900,0.0,0.0,GOOG
2025-08-22,203.37924258904317,208.6342256189113,201.55445158058532,206.13137817382812,25723700,0.0,0.0,GOOG
2025-08-25,206.4105846357216,210.48893504761514,205.36357138073308,208.56443786621094,22788800,0.0,0.0,GOOG
2025-08-26,207.77665132463008,207.86640660886843,205.8621204447473,207.35784912109375,23051000,0.0,0.0,GOOG
2025-08-27,205.87210960879617,208.97325445872858,205.8023016311913,207.61712646484375,15249000,0.0,0.0,GOOG
2025-08-28,207.24818932023632,212.2937789587124,207.00888243799457,211.76528930664062,20915700,0.0,0.0,GOOG
2025-08-29,210.668407439051,214.72681009619248,210.36925865378774,212.92196655273438,24682200,0.0,0.0,GOOG
2025-09-02,208.39492528628656,211.76430169728624,206.3707067455743,211.38638305664062,28900100,0.0,0.0,GOOG
2025-09-03,225.83510053542784,231.13995929372416,224.47897248720727,230.44195556640625,72250300,0.0,0.0,GOOG
2025-09-04,229.49964084428723,232.10720020502256,226.11430372222992,231.9975128173828,32196000,0.0,0.0,GOOG
2025-09-05,231.99751875750673,235.4576393653349,231.71831725733676,234.5003662109375,26127700,0.0,0.0,GOOG
2025-09-08,235.32873581763147,237.9336306885174,233.2727680706754,233.70193481445312,23128800,0.21,0.0,GOOG
2025-09-09,233.73187510033893,240.11934919599457,232.92346207577276,239.4706268310547,22854800,0.0,0.0,GOOG
2025-09-10,238.78197848839386,241.60644426204072,237.64420916870392,239.09136962890625,19990100,0.0,0.0,GOOG
2025-09-11,239.67024304096682,242.09549744985415,236.11720946779278,240.30899047851562,21308600,0.0,0.0,GOOG
2025-09-12,240.32895441337703,241.9487806264288,238.03345058625408,240.90782165527344,14536600,0.0,0.0,GOOG
2025-09-15,244.6604715999479,252.25558599515145,244.5007809271615,251.26751708984375,29935200,0.0,0.0,GOOG
2025-09-16,251.83638510237836,252.73461839948973,249.2264951739416,250.92816162109375,24493500,0.0,0.0,GOOG
2025-09-17,250.96810297309426,251.45713469310198,246.0976443107254,249.3612518310547,20491300,0.0,0.0,GOOG
2025-09-18,251.3672982264148,253.64283674671375,249.62072167265396,251.8363800048828,21166400,0.0,0.0,GOOG
2025-09-19,252.90429521414327,256.1978580599402,251.5749001290136,254.74070739746094,41616800,0.0,0.0,GOOG
2025-09-22,254.28159202417987,255.80859778310395,250.31935701525043,252.38531494140625,20079000,0.0,0.0,GOOG
2025-09-23,253.1588045749211,254.27162891941387,250.59881973360854,251.84637451171875,17521100,0.0,0.0,GOOG
2025-09-24,251.6567409307806,252.465169210253,246.73639225090292,247.34519958496094,16958500,0.0,0.0,GOOG
2025-09-25,244.36103504174346,246.83119948479083,241.1772729521053,246.08766174316406,17379800,0.0,0.0,GOOG
2025-09-26,247.30028436747259,249.6307080908706,246.15751996286122,246.6964569091797,16594600,0.0,0.0,GOOG
2025-09-29,247.7893233809348,251.15572628312094,242.72425403895525,243.88198852539062,23157200,0.0,0.0,GOOG
2025-09-30,242.58451569357382,243.19831809300865,239.10234257255226,243.0735626220703,22541200,0.0,0.0,GOOG
2025-10-01,240.70819039614514,246.666512952486,238.7320679853251,245.05966186523438,23967700,0.0,0.0,GOOG
2025-10-02,245.15947386631728,247.15056633705015,242.62942922539503,245.9479217529297,20657500,0.0,0.0,GOOG
2025-10-03,244.75028083348028,246.6345880461835,241.9956853826143,245.9678955078125,19941400,0.0,0.0,GOOG
2025-10-06,245.29918850362742,251.70662746879398,245.20936822222734,251.01797485351562,18309000,0.0,0.0,GOOG
2025-10-07,248.4430272638954,251.05791228547747,246.32717935405861,246.6465606689453,13811200,0.0,0.0,GOOG
2025-10-08,245.71838582107753,246.7763098352955,244.61055656999375,244.97984313964844,14136500,0.0,0.0,GOOG
2025-10-09,244.5806218715314,245.07464870084345,239.21114111980023,241.7362060546875,19375700,0.0,0.0,GOOG
2025-10-10,241.6862837352197,244.36103373708602,236.2219879862294,237.02542114257812,22449100,0.0,0.0,GOOG
2025-10-13,240.55849921146196,244.5107594146721,240.2790481619253,244.16143798828125,12465000,0.0,0.0,GOOG
2025-10-14,241.28209772688697,247.5398217507458,240.70621533424085,245.7084197998047,17705400,0.0,0.0,GOOG
2025-10-15,247.59971194138294,252.2655546950468,246.30723177132143,251.21762084960938,16048100,0.0,0.0,GOOG
2025-10-16,251.97113043417468,257.0761148486886,250.17964359711988,251.3872833251953,18946000,0.0,0.0,GOOG
2025-10-17,250.8583192068179,254.38141265847207,248.1037085285355,253.2935333251953,17653800,0.0,0.0,GOOG
2025-10-20,254.730720175168,257.3755454382386,254.10196292360385,256.5172119140625,13726800,0.0,0.0,GOOG
2025-10-21,254.75068259010632,254.88043315871175,244.1913772492023,250.84832763671875,27836400,0.0,0.0,GOOG
2025-10-22,254.51113980291018,256.6768929861004,249.96106769580882,252.03599548339844,19650200,0.0,0.0,GOOG
2025-10-23,253.20371774019742,255.3594960774361,252.27354929291647,253.23365783691406,13241300,0.0,0.0,GOOG
2025-10-24,256.7966542421952,261.99648430275073,255.59901997238168,260.0003967285156,18406000,0.0,0.0,GOOG
2025-10-27,264.8408796912386,270.27024022649704,264.421718365036,269.4019470214844,22987700,0.0,0.0,GOOG
2025-10-28,269.6714643596973,270.84914880986616,266.6473926687049,267.9049072265625,20101200,0.0,0.0,GOOG
2025-10-29,268.084518803547,275.430136689206,267.9048782372746,274.6317138671875,26287900,0.0,0.0,GOOG
2025-10-30,291.149338690232,291.3589193601236,279.9013960238178,281.3485412597656,48570000,0.0,0.0,GOOG
2025-10-31,282.650977208601,285.72496912802427,276.98011604793214,281.2687072753906,29932800,0.0,0.0,GOOG
2025-11-03,281.86755274284974,285.38065607049083,279.82154461028614,283.564208984375,19691800,0.0,0.0,GOOG
2025-11-04,276.5230035539034,281.28268678839237,276.3233826138772,277.51605224609375,18123700,0.0,0.0,GOOG
2025-11-05,278.83347249108255,286.1391601752395,277.33640684061817,284.1929626464844,20063200,0.0,0.0,GOOG
2025-11-06,285.1760461917381,288.2450432279728,281.0691054763307,284.7818298339844,23103800,0.0,0.0,GOOG
2025-11-07,283.65401936749936,283.9434605971931,275.20058717815346,279.1528625488281,21991100,0.0,0.0,GOOG
2025-11-10,284.70701038582297,290.8898692555018,282.98537855082736,290.0215759277344,19508200,0.0,0.0,GOOG
2025-11-11,287.63622797404787,291.7681133620935,287.3168466563392,291.1692810058594,14156700,0.0,0.0,GOOG
2025-11-12,291.5135987132187,291.7880546515022,283.8236850599058,286.8677062988281,16998800,0.0,0.0,GOOG
2025-11-13,282.43140406714,282.95540141720784,277.4561704506044,278.573974609375,18060200,0.0,0.0,GOOG
2025-11-14,271.3630969415388,278.60390928776036,270.8790603381107,276.43817138671875,18330500,0.0,0.0,GOOG
2025-11-17,285.839743672837,293.94385460993595,283.67400564199863,285.04132080078125,34286100,0.0,0.0,GOOG
2025-11-18,287.9206248389476,288.8687785458718,278.4641850602452,284.40252685546875,29702200,0.0,0.0,GOOG
2025-11-19,287.1222246159708,303.654822395168,287.1072697972532,292.4168395996094,43123600,0.0,0.0,GOOG
2025-11-20,304.14388799780994,306.2897067467055,288.6043676402575,289.41278076171875,34801400,0.0,0.0,GOOG
2025-11-21,296.28925176883206,303.3653785062888,293.7841521372714,299.0638122558594,43670600,0.0,0.0,GOOG
2025-11-24,310.4016170398079,319.1744002550105,308.7947506575406,317.8470153808594,55311800,0.0,0.0,GOOG
2025-11-25,326.1606884500195,328.02705586506585,317.1942849998955,323.00689697265625,50899300,0.0,0.0,GOOG
2025-11-26,320.1524948095306,324.3542507562828,316.57951134155564,319.6534729003906,29839600,0.0,0.0,GOOG
2025-11-28,322.7972661019505,326.24052904498996,316.31997224508586,319.4937438964844,19695800,0.0,0.0,GOOG
2025-12-01,316.85397476893087,319.00475802970755,313.3658164150799,314.5035705566406,28520600,0.0,0.0,GOOG
2025-12-02,316.28007786122015,317.97676452439663,313.6053277555434,315.40179443359375,24668200,0.0,0.0,GOOG
2025-12-03,315.4117804706808,321.4100334471199,313.66520382303423,319.9927978515625,32285100,0.0,0.0,GOOG
2025-12-04,322.41304312234007,322.4669231064659,314.9726102211733,317.76715087890625,20831600,0.0,0.0,GOOG
2025-12-05,319.3740224904766,323.19651692069215,319.3540725789078,321.4599304199219,15719900,0.0,0.0,GOOG
2025-12-08,320.61104175996445,320.8107929430465,311.5029486020491,314.0396423339844,22006900,0.21,0.0,GOOG
2025-12-09,312.69140162718145,318.293090499111,312.2120170689398,317.3353271484375,14151300,0.0,0.0,GOOG
2025-12-10,316.2067963622882,321.44994495209085,314.98838728040494,320.5810852050781,22764500,0.0,0.0,GOOG
2025-12-11,320.68095545193773,321.5697781115332,309.47559686198167,313.2906188964844,25912100,0.0,0.0,GOOG
2025-12-12,314.384191403608,315.72743733563,306.5593944963072,310.11474609375,21264800,0.0,0.0,GOOG
2025-12-15,312.2170002056079,312.2919145159097,305.34097591001495,308.91632080078125,22028900,0.0,0.0,GOOG
2025-12-16,305.6006464692463,311.4380195138882,303.4334650759046,307.3283996582031,21285200,0.0,0.0,GOOG
2025-12-17,308.60674262731374,308.79149875866017,297.0618312050489,297.6710205078125,29120400,0.0,0.0,GOOG
2025-12-18,302.6645051874067,304.8616463852272,300.2376836446455,303.3536071777344,21040500,0.0,0.0,GOOG
2025-12-19,302.87421730733627,308.58675384401073,301.9454382853998,308.2072448730469,45234400,0.0,0.0,GOOG
2025-12-22,310.8188320764369,311.29321825822973,306.1898713767453,310.9236755371094,14091400,0.0,0.0,GOOG
2025-12-23,310.7289841005398,315.8872219232364,310.34447676582494,315.2680358886719,13961400,0.0,0.0,GOOG
2025-12-24,315.7374107235817,315.87724264961207,312.9111173503096,315.258056640625,6138200,0.0,0.0,GOOG
2025-12-26,315.50771928299366,316.14686819703024,313.31057822091293,314.5489501953125,6730900,0.0,0.0,GOOG
2025-12-29,312.41177786022433,314.5589660191107,311.4929650481145,313.979736328125,12317700,0.0,0.0,GOOG
2025-12-30,313.000999413296,317.28540943965805,312.8412045581068,314.1394958496094,11052500,0.0,0.0,GOOG
2025-12-31,312.9610408855354,314.97842425011913,311.7925848269269,313.3904724121094,10821500,0.0,0.0,GOOG
2026-01-02,317.17553493261676,322.4925921245844,310.2445893355621,314.90850830078125,22043700,0.0,0.0,GOOG
2026-01-05,317.2803943893332,318.8333576971289,314.8375721951358,316.9058837890625,19934000,0.0,0.0,GOOG
2026-01-06,316.89590376555594,321.1403574586827,311.9323884629541,314.1394958496094,18989900,0.0,0.0,GOOG
2026-01-07,314.1594883653292,326.0389542255147,314.08957240180337,322.00921630859375,24681800,0.0,0.0,GOOG
2026-01-08,328.8352904632479,330.10862036359265,321.56976069270803,325.58453369140625,21789600,0.0,0.0,GOOG
2026-01-09,327.06260864018543,331.04742232785975,325.8242366201649,328.7104797363281,17917700,0.0,0.0,GOOG
2026-01-12,326.0738959562766,334.00353617058494,325.0851977244808,332.2957763671875,23893800,0.0,0.0,GOOG
2026-01-13,334.842443176996,340.7547307187532,333.9136641838289,335.9909362792969,24616700,0.0,0.0,GOOG
2026-01-14,334.5478107597875,336.5901553278728,330.7078579636465,335.87109375,17839300,0.0,0.0,GOOG
2026-01-15,337.61382063072415,337.68873494454425,330.85766500986597,332.7252197265625,16424900,0.0,0.0,GOOG
2026-01-16,334.49790980660475,334.8025044691476,327.74175393116076,329.9089050292969,21868600,0.0,0.0,GOOG
2026-01-20,320.82075024052295,327.66181662107743,320.4712313964823,321.73956298828125,27169900,0.0,0.0,GOOG
2026-01-21,320.67598013932434,332.290808151728,319.12301669075015,327.95147705078125,22791700,0.0,0.0,GOOG
2026-01-22,333.8287821334127,334.7725256981915,328.4508000741002,330.4082336425781,19902100,0.0,0.0,GOOG
2026-01-23,332.2208964370305,333.59410211341356,327.54201262517483,328.00140380859375,19110600,0.0,0.0,GOOG
2026-01-26,327.7717128570099,335.9110710528279,327.06261745942396,333.1546630859375,18502500,0.0,0.0,GOOG
2026-01-27,335.19198786494,337.77360575319784,333.3144364997522,334.56280517578125,16080900,0.0,0.0,GOOG
2026-01-28,336.17071194822404,337.18940036194795,331.69657781901543,335.8411560058594,17538500,0.0,0.0,GOOG
2026-01-29,339.9058450626567,341.84331577646435,326.29362750773345,338.2180480957031,24548300,0.0,0.0,GOOG
2026-01-30,334.02353024324157,339.8459393190057,332.2059284569407,338.0882263183594,21740200,0.0,0.0,GOOG
2026-02-02,336.1107810155394,344.71455893391885,335.5715076740309,344.44989013671875,22775200,0.0,0.0,GOOG
2026-02-03,348.0602055415327,349.6930511556747,338.14813929481124,340.2554016113281,25786500,0.0,0.0,GOOG
2026-02-04,343.3063846149433,343.800733734723,328.94014812343124,332.90496826171875,36991100,0.0,0.0,GOOG
2026-02-05,312.79126924034074,332.2098940118301,306.5194661993319,330.8975830078125,51842000,0.0,0.0,GOOG
2026-02-06,326.9228291868256,330.2085444197576,319.732212669293,322.6783752441406,33877000,0.0,0.0,GOOG
2026-02-09,320.82077417447744,327.3122917175226,317.28541579501643,323.9766540527344,26103300,0.0,0.0,GOOG
2026-02-10,320.49122633441056,321.21028797646636,314.2493823852293,318.2142028808594,25281900,0.0,0.0,GOOG
2026-02-11,318.5437226409867,320.6260234898432,309.7252599216724,310.9236755371094,24008100,0.0,0.0,GOOG
2026-02-12,311.94236944068,316.06698440393103,307.74783851722964,308.96624755859375,28194000,0.0,0.0,GOOG
2026-02-13,307.5830680236357,308.48691626632296,303.5034074415816,305.6206359863281,20236000,0.0,0.0,GOOG
2026-02-17,300.24765706433305,304.49211049817023,296.51251731768605,302.4248046875,23750800,0.0,0.0,GOOG
2026-02-18,302.0373377837931,305.51079587835017,301.58593178171805,303.5433654785156,15847700,0.0,0.0,GOOG
2026-02-19,302.1251671400422,305.63059595669705,300.27760597580755,303.163818359375,13448600,0.0,0.0,GOOG
2026-02-20,304.4022187611668,316.3466327070812,304.0227402687717,314.4890441894531,33663100,0.0,0.0,GOOG
2026-02-23,318.7235232646917,319.0380841366731,309.5854400242665,311.2832336425781,17641200,0.0,0.0,GOOG
2026-02-24,310.23461833809165,311.962341120562,305.69053796389596,310.5142517089844,15040700,0.0,0.0,GOOG
2026-02-25,311.71267438325657,313.25067319659894,308.95626646698753,312.6214904785156,20209100,0.0,0.0,GOOG
2026-02-26,312.39679526824995,312.59154811608227,302.01537127964497,306.7491760253906,22380000,0.0,0.0,GOOG
2026-02-27,303.54334418120766,311.6727051893538,303.1948006205073,311.0235595703125,33389200,0.0,0.0,GOOG
2026-03-02,302.5696161295488,307.7378808552178,300.6671034421218,305.9601745605469,21854400,0.0,0.0,GOOG
2026-03-03,298.03054247338764,303.54332729400136,296.31178027781107,303.163818359375,20361100,0.0,0.0,GOOG
2026-03-04,302.28999979339955,305.06137237929244,300.40744992717754,303.05401611328125,20015600,0.0,0.0,GOOG
2026-03-05,302.80432345436964,302.97408452968756,297.68101344342887,300.5173034667969,22643900,0.0,0.0,GOOG
2026-03-06,295.6856162816382,299.9380551922433,294.864698015099,297.91070556640625,17598000,0.0,0.0,GOOG
2026-03-09,293.95810054029374,306.3156537788302,293.7532067591801,305.8259582519531,19632700,0.21,0.0,GOOG
2026-03-10,305.6910336876566,308.9640578626859,305.12637106289316,306.7453918457031,14386400,0.0,0.0,GOOG
2026-03-11,306.11574664278464,310.8818905063814,305.6560318751311,308.2344970703125,13376700,0.0,0.0,GOOG
2026-03-12,306.02581398501115,308.4543755816348,300.6590487824004,303.0276184082031,15610200,0.0,0.0,GOOG
2026-03-13,306.4705694514694,307.075216570357,299.59970423366394,301.2786865234375,16857500,0.0,0.0,GOOG
2026-03-16,303.41739386063404,305.3862101461126,301.62846198721604,304.2369079589844,14822000,0.0,0.0,GOOG
2026-03-17,304.4867681271186,309.86350667991195,304.1669532729026,309.2239074707031,14423600,0.0,0.0,GOOG
2026-03-18,307.7197987713232,310.56308876859424,305.36123291378533,306.1157531738281,13848400,0.0,0.0,GOOG
2026-03-19,303.0276083402022,306.495522328792,300.8189462117848,305.5461120605469,15399700,0.0,0.0,GOOG
2026-03-20,303.8871134611093,304.1869208156099,296.5715090190732,298.61029052734375,34763500,0.0,0.0,GOOG
2026-03-23,300.3492505237287,303.18753879791194,297.8507541028747,298.84014892578125,22204100,0.0,0.0,GOOG
2026-03-24,296.03182484480067,296.9213041605432,288.6812683049409,289.02606201171875,27411200,0.0,0.0,GOOG
2026-03-25,291.97425966938914,294.48275961254154,287.1971361576211,289.4158020019531,22343000,0.0,0.0,GOOG
2026-03-26,286.01787071952646,286.34268744484854,278.8821505013807,280.5711364746094,29281200,0.0,0.0,GOOG
2026-03-27,277.2331315119547,278.92211737858287,273.3155065603785,273.5953369140625,25703300,0.0,0.0,GOOG
2026-03-30,275.2743430238678,276.0938571665062,271.37169284977546,272.9757385253906,22752300,0.0,0.0,GOOG
2026-03-31,277.37306812768094,286.8773271197116,276.59353851793674,286.68743896484375,31625100,0.0,0.0,GOOG
2026-04-01,289.8056019553753,297.80576171350253,289.2958989360971,294.7226257324219,24403600,0.0,0.0,GOOG
2026-04-02,288.8161565344196,295.7220036805807,287.3970277745505,294.2828674316406,13433400,0.0,0.0,GOOG
2026-04-06,294.52274605218776,298.2454810135183,293.6132897699338,297.48095703125,10121700,0.0,0.0,GOOG
2026-04-07,299.9594938576911,303.9171035550764,295.2473028799287,303.7471923828125,17317700,0.0,0.0,GOOG
2026-04-08,317.63882755519,319.1979173516329,312.5169099892079,314.5506896972656,20887500,0.0,0.0,GOOG
2026-04-09,313.00163791186503,317.23907805281584,309.2838740431667,316.1797180175781,14606800,0.0,0.0,GOOG
2026-04-10,318.03358841229215,319.3078153785124,314.3508074416827,315.53009033203125,11997600,0.0,0.0,GOOG
2026-04-13,315.23030679320124,319.2378742739686,313.50133630699344,319.01800537109375,12212800,0.0,0.0,GOOG
2026-04-14,321.87130162031684,330.4411565240312,320.95684339258287,330.38116455078125,18557500,0.0,0.0,GOOG
2026-04-15,330.3611774124935,334.79850934948115,328.462326295132,334.2688293457031,15104100,0.0,0.0,GOOG
2026-04-16,335.64798864456304,337.1770671128283,331.4505027908985,332.56982421875,13949600,0.0,0.0,GOOG
2026-04-17,334.22884980226,339.7805014284534,333.0895513147008,339.19586181640625,19683800,0.0,0.0,GOOG
2026-04-20,338.3563758313641,338.9560210703948,334.4287467895101,335.1982727050781,12897300,0.0,0.0,GOOG
2026-04-21,335.3831540609058,336.9672227230362,329.43174911178386,330.271240234375,14623800,0.0,0.0,GOOG
2026-04-22,334.6835958687374,337.8266933540505,332.7597353449777,337.5268859863281,12954200,0.0,0.0,GOOG
2026-04-23,339.3707589505945,339.9553985352305,334.8584600686641,337.5468444824219,13442100,0.0,0.0,GOOG
2026-04-24,337.516865979281,343.48327630328015,333.84906002833503,342.1141052246094,18260900,0.0,0.0,GOOG
2026-04-27,343.6731704622599,350.688937144481,340.6050096635064,348.31036376953125,17443000,0.0,0.0,GOOG
2026-04-28,346.7113473864688,349.6895354514848,344.0729206585439,347.2909851074219,18502300,0.0,0.0,GOOG
2026-04-29,345.27221882647495,353.1874381893852,342.22403497775565,347.1011047363281,22232200,0.0,0.0,GOOG
2026-04-30,371.0316955643996,382.3998535192728,362.87159825964693,381.71026611328125,44570500,0.0,0.0,GOOG
2026-05-01,377.7526634694606,383.15941312113796,375.0342982758103,382.989501953125,28047900,0.0,0.0,GOOG
2026-05-04,382.0900629369803,383.94892960999147,376.5433826561863,379.41168212890625,18275000,0.0,0.0,GOOG
2026-05-05,381.6402985876544,388.72603026067463,380.1212238542502,384.0388488769531,15432500,0.0,0.0,GOOG
2026-05-06,389.3556636937157,396.14158814851396,386.86717115178936,394.90234375,23097300,0.0,0.0,GOOG
2026-05-07,396.8211765082595,397.11601249324696,390.0752364541107,395.0622253417969,15153600,0.0,0.0,GOOG
2026-05-08,394.032860955436,398.13040116879216,393.43324621625237,396.8111877441406,13762500,0.0,0.0,GOOG
2026-05-11,390.4550091226855,394.09280386567815,385.99770027578,386.537353515625,16314900,0.0,0.0,GOOG
2026-05-12,384.7684247628253,386.2075610512266,379.49160187176113,383.5891418457031,17103900,0.0,0.0,GOOG
2026-05-13,381.67528465785847,399.6894366024174,381.3504679441929,398.79998779296875,18160100,0.0,0.0,GOOG
2026-05-14,393.55314996386056,398.8639490394177,392.4917770286838,396.9311218261719,13805400,0.0,0.0,GOOG
2026-05-15,392.97848723377916,395.6418928419125,389.5255787505654,393.08343505859375,15801900,0.0,0.0,GOOG
2026-05-18,391.8891422596936,404.2267181336527,390.66487298033206,392.87353515625,18592800,0.0,0.0,GOOG
2026-05-19,393.063429089017,393.1264099838384,382.7696364443794,384.6684875488281,25559400,0.0,0.0,GOOG
2026-05-20,384.8084179824556,390.46501731409904,379.7714408586532,384.6684875488281,16488100,0.0,0.0,GOOG
2026-05-21,381.7802360746463,388.4462070831433,379.25175905431604,383.2393493652344,16837600,0.0,0.0,GOOG
2026-05-22,383.0294961863553,384.6385132044718,378.0325034604433,379.1518249511719,13382800,0.0,0.0,GOOG
2026-05-26,380.76583200111435,385.15820799010294,378.911967276954,384.6085205078125,16150900,0.0,0.0,GOOG
2026-05-27,382.5347809021544,389.49058591164453,381.7702264112071,384.5985107421875,16893100,0.0,0.0,GOOG
2026-05-28,383.6291059052824,389.76542753221133,381.0206903760399,385.88775634765625,20795400,0.0,0.0,GOOG
2026-05-29,380.9957121529665,381.4204443301482,374.07485900677307,376.2035827636719,48018600,0.0,0.0,GOOG
2026-06-01,372.35092462272263,374.37470057389226,369.4876270555196,372.35589599609375,19091900,0.0,0.0,GOOG
2026-06-02,362.94155828091095,369.56757513109494,354.78646296524,358.1744384765625,34648600,0.0,0.0,GOOG
2026-06-03,358.1194663498822,362.28196979782444,354.16685855422884,355.466064453125,43031000,0.0,0.0,GOOG
2026-06-04,355.226213908984,369.63752354949486,354.58658421381983,369.0478820800781,37746200,0.0,0.0,GOOG
2026-06-05,363.16143521275876,368.97794185707363,361.41248782137086,365.5400085449219,23411500,0.0,0.0,GOOG
2026-06-08,362.4849853515625,363.3800048828125,357.8900146484375,361.1700134277344,18739000,0.22,0.0,GOOG
2026-06-09,364.885009765625,369.6919860839844,354.7200012207031,362.2900085449219,19873600,0.0,0.0,GOOG
2026-06-10,361.04998779296875,366.30999755859375,352.80999755859375,353.32000732421875,19878600,0.0,0.0,GOOG
2026-06-11,353.04998779296875,358.010009765625,343.6300048828125,356.55999755859375,28771800,0.0,0.0,GOOG
2026-06-12,361.1000061035156,364.77301025390625,353.3399963378906,358.1600036621094,17637100,0.0,0.0,GOOG
2026-06-15,365.989990234375,370.6499938964844,364.6499938964844,367.1099853515625,17268600,0.0,0.0,GOOG
2026-06-16,367.4649963378906,373.6000061035156,365.32000732421875,371.1000061035156,16492800,0.0,0.0,GOOG
2026-06-17,367.04998779296875,370.1499938964844,360.2300109863281,362.1000061035156,16003500,0.0,0.0,GOOG
2026-06-18,363.8900146484375,369.0,356.6080017089844,367.4599914550781,29339100,0.0,0.0,GOOG
2026-06-22,357.135009765625,358.20001220703125,340.94000244140625,348.7799987792969,32211200,0.0,0.0,GOOG
2026-06-23,340.1050109863281,348.7200012207031,339.7149963378906,346.0799865722656,21820900,0.0,0.0,GOOG
2026-06-24,348.7200012207031,352.8299865722656,341.5,345.0400085449219,23898400,0.0,0.0,GOOG
2026-06-25,336.9200134277344,343.19000244140625,335.8999938964844,342.19000244140625,27687600,0.0,0.0,GOOG
2026-06-26,340.9800109863281,344.1199951171875,333.69000244140625,334.69000244140625,82484600,0.0,0.0,GOOG
2026-06-29,339.95001220703125,351.9700012207031,338.80999755859375,351.2799987792969,25565700,0.0,0.0,GOOG
2026-06-30,350.9599914550781,355.3900146484375,348.1099853515625,353.3299865722656,21278400,0.0,0.0,GOOG
2026-07-01,354.614990234375,359.55999755859375,353.2300109863281,357.8900146484375,19546800,0.0,0.0,GOOG
2026-07-02,356.1499938964844,360.989990234375,350.32000732421875,356.17999267578125,15532900,0.0,0.0,GOOG
2026-07-06,358.19500732421875,365.67999267578125,354.19000244140625,364.8999938964844,22652700,0.0,0.0,GOOG
2026-07-07,367.2349853515625,370.8900146484375,362.4200134277344,363.6199951171875,16443900,0.0,0.0,GOOG
2026-07-08,362.2099914550781,364.9800109863281,354.70001220703125,358.7099914550781,14710400,0.0,0.0,GOOG
2026-07-09,351.0849914550781,356.7300109863281,348.6600036621094,356.239990234375,17217400,0.0,0.0,GOOG
2026-07-10,354.9540100097656,355.67999267578125,350.70001220703125,355.0299987792969,11618500,0.0,0.0,GOOG
2026-07-13,353.989990234375,355.75,349.82000732421875,350.6700134277344,10583500,0.0,0.0,GOOG
2026-07-14,348.8399963378906,357.8800048828125,348.8399963378906,357.3299865722656,11252600,0.0,0.0,GOOG
2026-07-15,356.010009765625,372.1400146484375,355.6700134277344,370.2099914550781,20258200,0.0,0.0,GOOG
2026-07-16,372.1700134277344,374.3500061035156,351.6700134277344,353.80999755859375,23603700,0.0,0.0,GOOG
2026-07-17,345.7699890136719,348.1700134277344,341.125,346.1199951171875,22023900,0.0,0.0,GOOG
2026-07-20,350.1700134277344,359.489990234375,350.0050048828125,351.3699951171875,13203300,0.0,0.0,GOOG
2026-07-21,350.55999755859375,350.67999267578125,346.010009765625,346.19000244140625,17319289,0.0,0.0,GOOG
